-- phpMyAdmin SQL Dump
-- version 4.2.7.1
-- http://www.phpmyadmin.net
--
-- Host: 127.0.0.1
-- Generation Time: May 13, 2015 at 04:46 AM
-- Server version: 5.5.39
-- PHP Version: 5.4.31

SET SQL_MODE = "NO_AUTO_VALUE_ON_ZERO";
SET time_zone = "+00:00";


/*!40101 SET @OLD_CHARACTER_SET_CLIENT=@@CHARACTER_SET_CLIENT */;
/*!40101 SET @OLD_CHARACTER_SET_RESULTS=@@CHARACTER_SET_RESULTS */;
/*!40101 SET @OLD_COLLATION_CONNECTION=@@COLLATION_CONNECTION */;
/*!40101 SET NAMES utf8 */;

--
-- Database: `gpis88ce`
--

-- --------------------------------------------------------

--
-- Table structure for table `area`
--

CREATE TABLE IF NOT EXISTS `area` (
`id` int(11) NOT NULL,
  `code` varchar(100) DEFAULT NULL,
  `name` varchar(100) DEFAULT NULL
) ENGINE=InnoDB  DEFAULT CHARSET=utf8 COMMENT='Bảng Khu vực' AUTO_INCREMENT=4 ;

--
-- Dumping data for table `area`
--

INSERT INTO `area` (`id`, `code`, `name`) VALUES
(1, 'B01', 'Hà Nội'),
(2, 'B02', 'Quảng Ninh'),
(3, 'N01', 'TP Hồ Chí Minh');

-- --------------------------------------------------------

--
-- Table structure for table `center`
--

CREATE TABLE IF NOT EXISTS `center` (
`id` int(11) NOT NULL,
  `name` varchar(255) NOT NULL
) ENGINE=InnoDB  DEFAULT CHARSET=utf8 COMMENT='Bảng Trung tâm' AUTO_INCREMENT=4 ;

--
-- Dumping data for table `center`
--

INSERT INTO `center` (`id`, `name`) VALUES
(1, 'Trung tâm HN01'),
(2, 'Trung tâm HN02'),
(3, 'Trung tâm QN01');

-- --------------------------------------------------------

--
-- Table structure for table `dc_equipment`
--

CREATE TABLE IF NOT EXISTS `dc_equipment` (
`id` int(11) NOT NULL,
  `name` varchar(255) NOT NULL
) ENGINE=InnoDB  DEFAULT CHARSET=utf8 COMMENT='Bảng Thiết bị của tủ DC' AUTO_INCREMENT=3 ;

--
-- Dumping data for table `dc_equipment`
--

INSERT INTO `dc_equipment` (`id`, `name`) VALUES
(1, 'Tủ ắc quy 1'),
(2, 'Tủ ắc quy 2');

-- --------------------------------------------------------

--
-- Table structure for table `dc_equipment_status`
--

CREATE TABLE IF NOT EXISTS `dc_equipment_status` (
`id` int(11) NOT NULL,
  `equipment_id` int(11) DEFAULT NULL,
  `amperage` float DEFAULT '0' COMMENT 'cường độ dòng điện',
  `voltage` float DEFAULT '0' COMMENT 'điện áp',
  `temperature` float DEFAULT '0' COMMENT 'nhiệt độ',
  `station_id` int(11) NOT NULL DEFAULT '0',
  `status` int(5) DEFAULT '1'
) ENGINE=InnoDB  DEFAULT CHARSET=utf8 COMMENT='Bảng Tình trạng thiết bị của tủ DC' AUTO_INCREMENT=21 ;

--
-- Dumping data for table `dc_equipment_status`
--

INSERT INTO `dc_equipment_status` (`id`, `equipment_id`, `amperage`, `voltage`, `temperature`, `station_id`, `status`) VALUES
(13, 1, 0, 0, 0, 13, 1),
(14, 2, 0, 0, 0, 13, 1),
(15, 1, 0, 0, 0, 14, 1),
(16, 2, 0, 0, 0, 14, 1),
(17, 1, 0, 0, 0, 15, 1),
(18, 2, 0, 0, 0, 15, 1),
(19, 1, NULL, NULL, 0, 16, 1),
(20, 2, NULL, NULL, 0, 16, 1);

-- --------------------------------------------------------

--
-- Table structure for table `dc_status`
--

CREATE TABLE IF NOT EXISTS `dc_status` (
`id` int(11) NOT NULL,
  `station_id` int(11) NOT NULL,
  `voltage` float DEFAULT '0' COMMENT 'điện áp trạm'
) ENGINE=InnoDB  DEFAULT CHARSET=utf8 COMMENT='Bảng Tình trạng tủ DC' AUTO_INCREMENT=16 ;

--
-- Dumping data for table `dc_status`
--

INSERT INTO `dc_status` (`id`, `station_id`, `voltage`) VALUES
(12, 13, 0),
(13, 14, 0),
(14, 15, 0),
(15, 16, 0);

-- --------------------------------------------------------

--
-- Table structure for table `equipment`
--

CREATE TABLE IF NOT EXISTS `equipment` (
`id` int(11) NOT NULL,
  `name` varchar(255) NOT NULL,
  `active` int(3) DEFAULT '1',
  `binary_pos` int(3) DEFAULT '0'
) ENGINE=InnoDB  DEFAULT CHARSET=utf8 COMMENT='Bảng Thiết bị' AUTO_INCREMENT=11 ;

--
-- Dumping data for table `equipment`
--

INSERT INTO `equipment` (`id`, `name`, `active`, `binary_pos`) VALUES
(1, 'Điều hòa 1', 1, 0),
(2, 'Điều hòa 2', 1, 1),
(3, 'Còi báo động', 1, 2),
(4, 'Máy hút ẩm', 1, 3);

-- --------------------------------------------------------

--
-- Table structure for table `equipment_status`
--

CREATE TABLE IF NOT EXISTS `equipment_status` (
`id` int(11) NOT NULL,
  `equipment_id` int(11) NOT NULL,
  `station_id` int(11) DEFAULT '0',
  `station_code` varchar(100) NOT NULL COMMENT 'mã trạm',
  `configure` int(2) DEFAULT '0' COMMENT '0:auto | 1:manual',
  `active` int(2) DEFAULT '1' COMMENT '1:active | 0:unactive',
  `status` int(2) DEFAULT '1' COMMENT '0:Tắt | 1:Bật',
  `last_update` int(11) DEFAULT '0'
) ENGINE=InnoDB  DEFAULT CHARSET=utf8 AUTO_INCREMENT=133 ;

--
-- Dumping data for table `equipment_status`
--

INSERT INTO `equipment_status` (`id`, `equipment_id`, `station_id`, `station_code`, `configure`, `active`, `status`, `last_update`) VALUES
(101, 1, 13, 'TR01', 0, 1, 0, 0),
(102, 2, 13, 'TR01', 0, 1, 1, 0),
(103, 3, 13, 'TR01', 0, 1, 0, 0),
(104, 4, 13, 'TR01', 0, 1, 0, 0),
(105, 5, 13, 'TR01', 0, 1, 0, 0),
(106, 6, 13, 'TR01', 0, 1, 0, 0),
(107, 7, 13, 'TR01', 0, 1, 0, 0),
(108, 1, 14, '533db3', 0, 1, 1, 0),
(109, 2, 14, '533db3', 0, 1, 1, 0),
(110, 3, 14, '533db3', 0, 1, 1, 0),
(111, 4, 14, '533db3', 0, 1, 1, 0),
(112, 5, 14, '533db3', 0, 1, 1, 0),
(113, 6, 14, '533db3', 0, 1, 1, 0),
(114, 7, 14, '533db3', 0, 1, 1, 0),
(115, 1, 15, '533db4', 0, 1, 1, 0),
(116, 2, 15, '533db4', 0, 1, 1, 0),
(117, 3, 15, '533db4', 0, 1, 1, 0),
(118, 4, 15, '533db4', 0, 1, 1, 0),
(119, 5, 15, '533db4', 0, 1, 1, 0),
(120, 6, 15, '533db4', 0, 1, 1, 0),
(121, 7, 15, '533db4', 0, 1, 1, 0),
(122, 8, 13, '533db2', 0, 1, 0, 0),
(123, 9, 13, '533db2', 0, 1, 0, 0),
(124, 1, 16, '271056', 1, 1, 0, 0),
(125, 2, 16, '271056', 0, 1, 0, 0),
(126, 3, 16, '271056', 0, 1, 0, 0),
(127, 4, 16, '271056', 0, 1, 0, 0),
(128, 5, 16, '271056', 1, 1, 0, 0),
(129, 6, 16, '271056', 1, 1, 0, 0),
(130, 7, 16, '271056', 1, 1, 0, 0),
(131, 8, 16, '271056', 1, 1, 0, 0),
(132, 9, 16, '271056', 1, 1, 0, 0);

-- --------------------------------------------------------

--
-- Table structure for table `generator_configuration`
--

CREATE TABLE IF NOT EXISTS `generator_configuration` (
`id` int(11) NOT NULL,
  `fuel_min` int(5) DEFAULT NULL COMMENT 'ngưỡng nhiên liệu thấp',
  `station_code` varchar(100) DEFAULT NULL,
  `check_start_time` int(11) DEFAULT '0',
  `check_cycle` int(5) DEFAULT NULL COMMENT 'chu kỳ kiểm tra (ngày)',
  `check_duration` int(5) DEFAULT '0' COMMENT 'thời gian mỗi lần kiểm tra (phút)',
  `ac_start_voltage` float DEFAULT '0' COMMENT 'điện áp AC bắt đầu chạy máy',
  `dc_start_voltage` float DEFAULT '0' COMMENT 'điện áp DC bắt đầu chạy máy',
  `amperage_max` float DEFAULT '0' COMMENT 'giới hạn dòng nạp ngừng chạy máy',
  `pause_duration` int(11) DEFAULT '0' COMMENT 'thời gian máy phát nghỉ (s)',
  `work_duration_max` int(11) DEFAULT '0' COMMENT 'thời gian máy chạy liên tục tối đa (s)',
  `priority_option` int(3) DEFAULT '1' COMMENT 'lựa chọn ưu tiên điều khiển máy phát (1: ưu tiên điện áp DC | 2: ưu tiên thời gian)'
) ENGINE=InnoDB DEFAULT CHARSET=utf8 COMMENT='Bảng Cấu hình máy phát của trạm' AUTO_INCREMENT=1 ;

-- --------------------------------------------------------

--
-- Table structure for table `generator_status`
--

CREATE TABLE IF NOT EXISTS `generator_status` (
`id` int(11) NOT NULL,
  `station_code` varchar(100) DEFAULT NULL,
  `ats_status` varchar(50) DEFAULT NULL,
  `source_type` varchar(50) DEFAULT NULL COMMENT 'nguồn cấp cho tải',
  `status` varchar(50) DEFAULT NULL,
  `vac1` float DEFAULT '0',
  `vac2` float DEFAULT '0',
  `vac3` float DEFAULT '0',
  `vgen1` float DEFAULT '0',
  `vgen2` float DEFAULT '0',
  `vgen3` float DEFAULT '0',
  `line1` float DEFAULT '0',
  `line2` float DEFAULT '0',
  `line3` float DEFAULT '0',
  `accu_voltage` float DEFAULT '0',
  `fuel_level` int(3) DEFAULT '0',
  `warning_status` varchar(10) DEFAULT NULL COMMENT 'nối với nhau bởi dấu '','''
) ENGINE=InnoDB DEFAULT CHARSET=utf8 AUTO_INCREMENT=1 ;

-- --------------------------------------------------------

--
-- Table structure for table `generator_warining_type`
--

CREATE TABLE IF NOT EXISTS `generator_warining_type` (
`id` int(11) NOT NULL,
  `name` varchar(255) NOT NULL
) ENGINE=InnoDB DEFAULT CHARSET=utf8 COMMENT='Bảng Loại cảnh báo của máy phát' AUTO_INCREMENT=1 ;

-- --------------------------------------------------------

--
-- Table structure for table `message`
--

CREATE TABLE IF NOT EXISTS `message` (
`id` int(11) NOT NULL,
  `name` varchar(255) NOT NULL,
  `message_0` varchar(255) DEFAULT NULL,
  `message_1` varchar(255) DEFAULT NULL,
  `active` int(3) DEFAULT '1' COMMENT '0:unactive | 1:active',
  `sensor_id` int(11) DEFAULT '0'
) ENGINE=InnoDB  DEFAULT CHARSET=utf8 COMMENT='Bảng Thông báo' AUTO_INCREMENT=12 ;

--
-- Dumping data for table `message`
--

INSERT INTO `message` (`id`, `name`, `message_0`, `message_1`, `active`, `sensor_id`) VALUES
(1, 'Tình trạng đầu báo 3 chức năng', 'Không có đập phá', 'Báo đập phá máy', 1, 5),
(2, 'Tình trạng cửa', 'Cửa đang đóng', 'Báo mở cửa', 1, 6),
(3, 'Tình trạng dây loa', 'Dây loa an toàn', 'Dây loa bị cắt', 1, 0),
(4, 'Tình trạng điện lưới', 'Mất điện lưới', 'Có điện lưới ', 1, 12);

-- --------------------------------------------------------

--
-- Table structure for table `migration`
--

CREATE TABLE IF NOT EXISTS `migration` (
  `version` varchar(180) NOT NULL,
  `apply_time` int(11) DEFAULT NULL
) ENGINE=InnoDB DEFAULT CHARSET=utf8;

--
-- Dumping data for table `migration`
--

INSERT INTO `migration` (`version`, `apply_time`) VALUES
('m000000_000000_base', 1428253609),
('m130524_201442_init', 1428253616);

-- --------------------------------------------------------

--
-- Table structure for table `power_equipment`
--

CREATE TABLE IF NOT EXISTS `power_equipment` (
`id` int(11) NOT NULL,
  `name` varchar(255) NOT NULL,
  `unit_type` varchar(20) DEFAULT NULL
) ENGINE=InnoDB  DEFAULT CHARSET=utf8 COMMENT='Bảng Các thành phần của nguồn điện' AUTO_INCREMENT=5 ;

--
-- Dumping data for table `power_equipment`
--

INSERT INTO `power_equipment` (`id`, `name`, `unit_type`) VALUES
(1, 'Điện áp', 'voltage'),
(2, 'Công suất', 'capacity'),
(3, 'Điện năng tiêu thụ', 'consume'),
(4, 'Tần số', 'frequency');

-- --------------------------------------------------------

--
-- Table structure for table `power_status`
--

CREATE TABLE IF NOT EXISTS `power_status` (
`id` int(11) NOT NULL,
  `item_id` int(11) NOT NULL,
  `station_id` int(11) NOT NULL DEFAULT '0',
  `status` varchar(100) DEFAULT NULL
) ENGINE=InnoDB  DEFAULT CHARSET=utf8 COMMENT='Bảng Tình trạng nguồn điện của trạm' AUTO_INCREMENT=21 ;

--
-- Dumping data for table `power_status`
--

INSERT INTO `power_status` (`id`, `item_id`, `station_id`, `status`) VALUES
(5, 1, 13, '0'),
(6, 2, 13, '0'),
(7, 3, 13, '0'),
(8, 4, 13, '0'),
(9, 1, 14, NULL),
(10, 2, 14, NULL),
(11, 3, 14, NULL),
(12, 4, 14, NULL),
(13, 1, 15, NULL),
(14, 2, 15, NULL),
(15, 3, 15, NULL),
(16, 4, 15, NULL),
(17, 1, 16, '11.8'),
(18, 2, 16, ''),
(19, 3, 16, ''),
(20, 4, 16, '');

-- --------------------------------------------------------

--
-- Table structure for table `sensor`
--

CREATE TABLE IF NOT EXISTS `sensor` (
`id` int(11) NOT NULL,
  `name` varchar(255) NOT NULL,
  `unit_type` varchar(20) DEFAULT NULL,
  `type` int(3) DEFAULT '1' COMMENT '1:không có giá trị | 2:có giá trị',
  `binary_pos` int(3) DEFAULT '0'
) ENGINE=InnoDB  DEFAULT CHARSET=utf8 COMMENT='Bảng Cảm biến' AUTO_INCREMENT=13 ;

--
-- Dumping data for table `sensor`
--

INSERT INTO `sensor` (`id`, `name`, `unit_type`, `type`, `binary_pos`) VALUES
(1, 'Chế độ báo động', '', 2, 0),
(3, 'Nhiệt độ trong phòng', 'temperature', 2, 0),
(4, 'Độ ẩm trong phòng', 'humidity', 2, 0),
(5, 'Cảm biến đột nhập', NULL, 1, 0),
(6, 'Cảm biến cửa', NULL, 1, 1),
(7, 'Cảm biến khói', NULL, 1, 2),
(8, 'Cảm biến nhiệt độ', NULL, 1, 3),
(9, 'Cảm biến lụt', NULL, 1, 4),
(10, 'Cảm biến kính', NULL, 1, 5),
(11, 'Điện máy phát', NULL, 1, 6),
(12, 'Điện lưới', NULL, 1, 7);

-- --------------------------------------------------------

--
-- Table structure for table `sensor_status`
--

CREATE TABLE IF NOT EXISTS `sensor_status` (
`id` int(11) NOT NULL,
  `sensor_id` int(11) NOT NULL,
  `station_id` int(11) NOT NULL DEFAULT '0',
  `value` varchar(100) DEFAULT NULL,
  `status` int(2) NOT NULL DEFAULT '1' COMMENT '1:bình thường'
) ENGINE=InnoDB  DEFAULT CHARSET=utf8 COMMENT='Bảng Tình trạng cảm biến' AUTO_INCREMENT=51 ;

--
-- Dumping data for table `sensor_status`
--

INSERT INTO `sensor_status` (`id`, `sensor_id`, `station_id`, `value`, `status`) VALUES
(7, 1, 13, '0', 1),
(8, 3, 13, '0', 1),
(9, 4, 13, '0', 1),
(10, 5, 13, '0', 1),
(11, 6, 13, '0', 1),
(12, 7, 13, '0', 1),
(13, 8, 13, '1', 1),
(14, 9, 13, '0', 1),
(15, 10, 13, '0', 1),
(16, 11, 13, '0', 1),
(17, 12, 13, '0', 1),
(18, 1, 14, NULL, 1),
(19, 3, 14, NULL, 1),
(20, 4, 14, NULL, 1),
(21, 5, 14, NULL, 1),
(22, 6, 14, NULL, 1),
(23, 7, 14, NULL, 1),
(24, 8, 14, NULL, 1),
(25, 9, 14, NULL, 1),
(26, 10, 14, NULL, 1),
(27, 11, 14, NULL, 1),
(28, 12, 14, NULL, 1),
(29, 1, 15, NULL, 1),
(30, 3, 15, NULL, 1),
(31, 4, 15, NULL, 1),
(32, 5, 15, NULL, 1),
(33, 6, 15, NULL, 1),
(34, 7, 15, NULL, 1),
(35, 8, 15, NULL, 1),
(36, 9, 15, NULL, 1),
(37, 10, 15, NULL, 1),
(38, 11, 15, NULL, 1),
(39, 12, 15, NULL, 1),
(40, 1, 16, '1', 1),
(41, 3, 16, '29.4', 1),
(42, 4, 16, '0', 1),
(43, 5, 16, '0', 1),
(44, 6, 16, '0', 1),
(45, 7, 16, '0', 1),
(46, 8, 16, '0', 1),
(47, 9, 16, '0', 1),
(48, 10, 16, '0', 1),
(49, 11, 16, '0', 1),
(50, 12, 16, '0', 1);

-- --------------------------------------------------------

--
-- Table structure for table `station`
--

CREATE TABLE IF NOT EXISTS `station` (
`id` int(11) NOT NULL,
  `code` varchar(100) NOT NULL,
  `name` varchar(255) NOT NULL,
  `center_id` int(11) NOT NULL DEFAULT '0',
  `area_id` int(11) NOT NULL DEFAULT '0',
  `type` int(3) NOT NULL DEFAULT '0',
  `firmware` varchar(255) DEFAULT NULL,
  `staff` varchar(50) DEFAULT NULL COMMENT 'nhân viên trực',
  `addition` tinytext COMMENT 'thông tin thêm',
  `picture_url` varchar(255) DEFAULT NULL COMMENT 'url chụp ảnh',
  `video_url` varchar(255) DEFAULT NULL COMMENT 'url video',
  `latitude` varchar(20) DEFAULT NULL COMMENT 'vĩ độ',
  `longtitude` varchar(20) DEFAULT NULL COMMENT 'kinh độ',
  `phone` varchar(100) DEFAULT NULL,
  `email` varchar(50) DEFAULT NULL,
  `user_id` int(11) DEFAULT '3' COMMENT 'created by user id',
  `status` int(3) DEFAULT '0' COMMENT '0: not connect | 1:connected',
  `picture_warning_numb` int(11) DEFAULT '1' COMMENT 'số ảnh chụp khi có cảnh báo',
  `ip` varchar(50) DEFAULT '',
  `port` varchar(20) DEFAULT '',
  `change_equipment_status` int(3) DEFAULT '0' COMMENT '0: no change | 1: changed',
  `updated_at` int(11) DEFAULT '0',
  `address` varchar(255) DEFAULT NULL
) ENGINE=InnoDB  DEFAULT CHARSET=utf8 COMMENT='Bảng Trạm' AUTO_INCREMENT=17 ;

--
-- Dumping data for table `station`
--

INSERT INTO `station` (`id`, `code`, `name`, `center_id`, `area_id`, `type`, `firmware`, `staff`, `addition`, `picture_url`, `video_url`, `latitude`, `longtitude`, `phone`, `email`, `user_id`, `status`, `picture_warning_numb`, `ip`, `port`, `change_equipment_status`, `updated_at`, `address`) VALUES
(13, '533db2', 'ECAPRO', 1, 1, 1, 'GPIs8.8CE15', 'Vương Việt Dũng', '', 'http://ecasmart.homelinux.com:8888/snapshot.cgi?user=ecaprovn&pwd=1q2w3e4r', 'http://ecasmart.homelinux.com:8888/videostream.cgi?rate=0&user=ecaprovn&pwd=1q2w3e4r', '21.027764', '105.834160', '0437555555', 'tram01@gmail.com', 1, 1, 5, '14.162.200.104', '8880', 0, 1431153419, 'Ngõ 1 Trung Văn, Từ Liêm, HN'),
(14, '533db3', 'Trạm số 2', 2, 1, 2, '', '', '', 'http://ecasmart.homelinux.com:8888/snapshot.cgi?user=ecaprovn&pwd=1q2w3e4r', 'http://ecasmart.homelinux.com:8888/videostream.cgi?rate=0&user=ecaprovn&pwd=1q2w3e4r', '20.992695', '105.777354', '', '', 1, 1, 5, '', '', 0, 0, NULL),
(15, '533db4', 'Trạm số 3', 3, 2, 2, '', '', '', 'http://ecasmart.homelinux.com:8888/snapshot.cgi?user=ecaprovn&pwd=1q2w3e4r', 'http://ecasmart.homelinux.com:8888/videostream.cgi?rate=0&user=ecaprovn&pwd=1q2w3e4r', '20.976988', '105.841641', '', '', 1, 1, 2, '', '', 0, 0, NULL),
(16, '271056', 'GPIs4.4ATM DAB ', 3, 3, 2, 'GPIs4.4ATM', 'Thuan', '', 'http://115.78.128.202:88/image.cgi?resolution=1280x1024', 'http://115.78.128.202:88/image.cgi?resolution=1280x1024', '', '', '', '', 1, 0, NULL, '42.113.67.86', '', 0, 1431479393, '');

-- --------------------------------------------------------

--
-- Table structure for table `station_status`
--

CREATE TABLE IF NOT EXISTS `station_status` (
`id` int(11) NOT NULL,
  `station_id` int(11) DEFAULT NULL,
  `request_string` tinytext,
  `received` int(3) DEFAULT '1' COMMENT '2: gửi đi | 1: nhận được',
  `time_update` int(11) DEFAULT '0',
  `status` int(3) DEFAULT '1' COMMENT '0: thất bại | 1: thành công'
) ENGINE=InnoDB  DEFAULT CHARSET=utf8 COMMENT='Bảng Trạng thái của trạm' AUTO_INCREMENT=3785 ;

--
-- Dumping data for table `station_status`
--

INSERT INTO `station_status` (`id`, `station_id`, `request_string`, `received`, `time_update`, `status`) VALUES
(545, 13, '533db2&ECAPRO&status&DISARM&8&2&32&0&0&0&0&0&0&0&0&0&0\n', 1, 1430953706, 1),
(546, 13, '533db2&ECAPRO&status&DISARM&8&2&32&0&0&0&0&0&0&0&0&0&0\n', 1, 1430953754, 1),
(547, 13, '533db2&ECAPRO&status&DISARM&8&2&32&0&0&0&0&0&0&0&0&0&0\n', 1, 1430953804, 1),
(548, 13, '533db2&ECAPRO&status&DISARM&8&2&32&0&0&0&0&0&0&0&0&0&0\n', 1, 1430953896, 1),
(549, 13, '533db2&ECAPRO&status&DISARM&8&2&32&0&0&0&0&0&0&0&0&0&0\n', 1, 1430953947, 1),
(550, 13, '533db2&ECAPRO&status&DISARM&8&2&32&0&0&0&0&0&0&0&0&0&0\n', 1, 1430953997, 1),
(551, 13, '533db2&ECAPRO&status&DISARM&8&2&32&0&0&0&0&0&0&0&0&0&0\n', 1, 1430954047, 1),
(552, 13, '533db2&ECAPRO&status&DISARM&8&2&32&0&0&0&0&0&0&0&0&0&0\n', 1, 1430954139, 1),
(553, 13, '533db2&ECAPRO&status&DISARM&8&2&32&0&0&0&0&0&0&0&0&0&0\n', 1, 1430954190, 1),
(554, 13, '533db2&ECAPRO&status&DISARM&8&2&32&0&0&0&0&0&0&0&0&0&0\n', 1, 1430954241, 1),
(555, 13, '533db2&ECAPRO&status&DISARM&8&2&32&0&0&0&0&0&0&0&0&0&0\n', 1, 1430954291, 1),
(556, 13, '533db2&ECAPRO&status&DISARM&8&2&32&0&0&0&0&0&0&0&0&0&0\n', 1, 1430954384, 1),
(557, 13, '533db2&ECAPRO&status&DISARM&8&1&32&0&0&0&0&0&0&0&0&0&0\n', 1, 1430954678, 1),
(558, 13, '533db2&ECAPRO&status&ERROR&8&1&32&0&0&0&0&0&0&0&0&0&0\n', 1, 1430954687, 1),
(559, 13, '533db2&ECAPRO&status&ERROR&8&1&32&0&0&0&0&0&0&0&0&0&0\n', 1, 1430954697, 1),
(560, 13, '533db2&ECAPRO&status&ERROR&8&1&32&0&0&0&0&0&0&0&0&0&0\n', 1, 1430954708, 1),
(561, 13, '533db2&ECAPRO&status&ERROR&8&1&32&0&0&0&0&0&0&0&0&0&0\n', 1, 1430954718, 1),
(562, 13, '533db2&ECAPRO&status&ERROR&8&1&32&0&0&0&0&0&0&0&0&0&0\n', 1, 1430954727, 1),
(563, 13, '533db2&ECAPRO&status&ERROR&8&1&32&0&0&0&0&0&0&0&0&0&0\n', 1, 1430954737, 1),
(564, 13, '533db2&ECAPRO&status&ERROR&8&1&32&0&0&0&0&0&0&0&0&0&0\n', 1, 1430954747, 1),
(565, 13, '533db2&ECAPRO&status&ERROR&8&1&32&0&0&0&0&0&0&0&0&0&0\n', 1, 1430954758, 1),
(566, 13, '533db2&ECAPRO&status&ERROR&8&1&32&0&0&0&0&0&0&0&0&0&0\n', 1, 1430954767, 1),
(567, 13, '533db2&ECAPRO&status&ERROR&8&1&32&0&0&0&0&0&0&0&0&0&0\n', 1, 1430954777, 1),
(568, 13, '533db2&ECAPRO&status&ERROR&8&1&32&0&0&0&0&0&0&0&0&0&0\n', 1, 1430954788, 1),
(569, 13, '533db2&ECAPRO&status&ERROR&8&1&32&0&0&0&0&0&0&0&0&0&0\n', 1, 1430954798, 1),
(570, 13, '533db2&ECAPRO&status&ERROR&8&1&32&0&0&0&0&0&0&0&0&0&0\n', 1, 1430954807, 1),
(571, 13, '533db2&ECAPRO&status&ERROR&8&1&32&0&0&0&0&0&0&0&0&0&0\n', 1, 1430954817, 1),
(572, 13, '533db2&ECAPRO&status&ERROR&8&1&32&0&0&0&0&0&0&0&0&0&0\n', 1, 1430954829, 1),
(573, 13, '533db2&ECAPRO&status&ERROR&8&1&32&0&0&0&0&0&0&0&0&0&0\n', 1, 1430954837, 1),
(574, 13, '533db2&ECAPRO&status&ERROR&8&1&32&0&0&0&0&0&0&0&0&0&0\n', 1, 1430954847, 1),
(575, 13, '533db2&ECAPRO&status&ERROR&8&1&32&0&0&0&0&0&0&0&0&0&0\n', 1, 1430954858, 1),
(576, 13, '533db2&ECAPRO&status&ERROR&8&1&32&0&0&0&0&0&0&0&0&0&0\n', 1, 1430954868, 1),
(577, 13, '533db2&ECAPRO&status&ERROR&8&1&32&0&0&0&0&0&0&0&0&0&0\n', 1, 1430954877, 1),
(578, 13, '533db2&ECAPRO&status&ERROR&8&1&32&0&0&0&0&0&0&0&0&0&0\n', 1, 1430954887, 1),
(579, 13, '533db2&ECAPRO&status&ERROR&8&1&32&0&0&0&0&0&0&0&0&0&0\n', 1, 1430954898, 1),
(580, 13, '533db2&ECAPRO&status&ERROR&8&1&32&0&0&0&0&0&0&0&0&0&0\n', 1, 1430954908, 1),
(581, 13, '533db2&ECAPRO&status&ERROR&8&1&32&0&0&0&0&0&0&0&0&0&0\n', 1, 1430954918, 1),
(582, 13, '533db2&ECAPRO&status&ERROR&8&1&32&0&0&0&0&0&0&0&0&0&0\n', 1, 1430954928, 1),
(583, 13, '533db2&ECAPRO&status&ERROR&8&1&32&0&0&0&0&0&0&0&0&0&0\n', 1, 1430954938, 1),
(584, 13, '533db2&ECAPRO&status&ERROR&8&1&32&0&0&0&0&0&0&0&0&0&0\n', 1, 1430954948, 1),
(585, 13, '533db2&ECAPRO&status&ERROR&8&1&32&0&0&0&0&0&0&0&0&0&0\n', 1, 1430954958, 1),
(586, 13, '533db2&ECAPRO&status&ERROR&8&1&32&0&0&0&0&0&0&0&0&0&0\n', 1, 1430954968, 1),
(587, 13, '533db2&ECAPRO&status&ERROR&8&1&32&0&0&0&0&0&0&0&0&0&0\n', 1, 1430954978, 1),
(588, 13, '533db2&ECAPRO&status&ERROR&8&1&32&0&0&0&0&0&0&0&0&0&0\n', 1, 1430954988, 1),
(589, 13, '533db2&ECAPRO&status&ERROR&8&1&32&0&0&0&0&0&0&0&0&0&0\n', 1, 1430954998, 1),
(590, 13, '533db2&ECAPRO&status&ERROR&8&1&32&0&0&0&0&0&0&0&0&0&0\n', 1, 1430955008, 1),
(591, 13, '533db2&ECAPRO&status&ERROR&8&1&32&0&0&0&0&0&0&0&0&0&0\n', 1, 1430955018, 1),
(592, 13, '533db2&ECAPRO&status&ERROR&8&1&32&0&0&0&0&0&0&0&0&0&0\n', 1, 1430955029, 1),
(593, 13, '533db2&ECAPRO&status&ERROR&8&1&32&0&0&0&0&0&0&0&0&0&0\n', 1, 1430955038, 1),
(594, 13, '533db2&ECAPRO&status&ERROR&8&1&32&0&0&0&0&0&0&0&0&0&0\n', 1, 1430955048, 1),
(595, 13, '533db2&ECAPRO&status&ERROR&8&1&32&0&0&0&0&0&0&0&0&0&0\n', 1, 1430955058, 1),
(596, 13, '533db2&ECAPRO&status&ERROR&8&1&32&0&0&0&0&0&0&0&0&0&0\n', 1, 1430955068, 1),
(597, 13, '533db2&ECAPRO&status&ERROR&8&1&32&0&0&0&0&0&0&0&0&0&0\n', 1, 1430955078, 1),
(598, 13, '533db2&ECAPRO&status&ERROR&8&1&32&0&0&0&0&0&0&0&0&0&0\n', 1, 1430955088, 1),
(599, 13, '533db2&ECAPRO&status&ERROR&8&1&32&0&0&0&0&0&0&0&0&0&0\n', 1, 1430955098, 1),
(600, 13, '533db2&ECAPRO&status&ERROR&8&1&32&0&0&0&0&0&0&0&0&0&0\n', 1, 1430955108, 1),
(601, 13, '533db2&ECAPRO&status&ERROR&8&1&32&0&0&0&0&0&0&0&0&0&0\n', 1, 1430955118, 1),
(602, 13, '533db2&ECAPRO&status&ERROR&8&1&32&0&0&0&0&0&0&0&0&0&0\n', 1, 1430955128, 1),
(603, 13, '533db2&ECAPRO&status&ERROR&8&1&32&0&0&0&0&0&0&0&0&0&0\n', 1, 1430955138, 1),
(604, 13, '533db2&ECAPRO&status&ERROR&8&1&32&0&0&0&0&0&0&0&0&0&0\n', 1, 1430955148, 1),
(605, 13, '533db2&ECAPRO&status&ERROR&8&1&32&0&0&0&0&0&0&0&0&0&0\n', 1, 1430955158, 1),
(606, 13, '533db2&ECAPRO&status&ERROR&8&1&32&0&0&0&0&0&0&0&0&0&0\n', 1, 1430955168, 1),
(607, 13, '533db2&ECAPRO&status&ERROR&8&1&32&0&0&0&0&0&0&0&0&0&0\n', 1, 1430955178, 1),
(608, 13, '533db2&ECAPRO&status&ERROR&8&1&32&0&0&0&0&0&0&0&0&0&0\n', 1, 1430955188, 1),
(609, 13, '533db2&ECAPRO&status&ERROR&8&1&32&0&0&0&0&0&0&0&0&0&0\n', 1, 1430955199, 1),
(610, 13, '533db2&ECAPRO&status&ERROR&8&1&32&0&0&0&0&0&0&0&0&0&0\n', 1, 1430955208, 1),
(611, 13, '533db2&ECAPRO&status&ERROR&8&1&32&0&0&0&0&0&0&0&0&0&0\n', 1, 1430955218, 1),
(612, 13, '533db2&ECAPRO&status&ERROR&8&1&32&0&0&0&0&0&0&0&0&0&0\n', 1, 1430955228, 1),
(613, 13, '533db2&ECAPRO&status&ERROR&8&1&32&0&0&0&0&0&0&0&0&0&0\n', 1, 1430955238, 1),
(614, 13, '533db2&ECAPRO&status&ERROR&8&1&32&0&0&0&0&0&0&0&0&0&0\n', 1, 1430955248, 1),
(615, 13, '533db2&ECAPRO&status&ERROR&8&1&32&0&0&0&0&0&0&0&0&0&0\n', 1, 1430955258, 1),
(616, 13, '533db2&ECAPRO&status&ERROR&8&1&32&0&0&0&0&0&0&0&0&0&0\n', 1, 1430955268, 1),
(617, 13, '533db2&ECAPRO&status&ERROR&8&1&32&0&0&0&0&0&0&0&0&0&0\n', 1, 1430955278, 1),
(618, 13, '533db2&ECAPRO&status&ERROR&8&1&32&0&0&0&0&0&0&0&0&0&0\n', 1, 1430955288, 1),
(619, 13, '533db2&ECAPRO&status&ERROR&8&1&32&0&0&0&0&0&0&0&0&0&0\n', 1, 1430955298, 1),
(620, 13, '533db2&ECAPRO&status&ERROR&8&1&32&0&0&0&0&0&0&0&0&0&0\n', 1, 1430955308, 1),
(621, 13, '533db2&ECAPRO&status&ERROR&8&1&32&0&0&0&0&0&0&0&0&0&0\n', 1, 1430955318, 1),
(622, 13, '533db2&ECAPRO&status&ERROR&8&1&32&0&0&0&0&0&0&0&0&0&0\n', 1, 1430955328, 1),
(623, 13, '533db2&ECAPRO&status&ERROR&8&1&32&0&0&0&0&0&0&0&0&0&0\n', 1, 1430955338, 1),
(624, 13, '533db2&ECAPRO&status&ERROR&8&1&32&0&0&0&0&0&0&0&0&0&0\n', 1, 1430955349, 1),
(625, 13, '533db2&ECAPRO&status&ERROR&8&1&32&0&0&0&0&0&0&0&0&0&0\n', 1, 1430955359, 1),
(626, 13, '533db2&ECAPRO&status&ERROR&8&1&32&0&0&0&0&0&0&0&0&0&0\n', 1, 1430955368, 1),
(627, 13, '533db2&ECAPRO&status&ERROR&8&1&32&0&0&0&0&0&0&0&0&0&0\n', 1, 1430955378, 1),
(628, 13, '533db2&ECAPRO&status&ERROR&8&1&32&0&0&0&0&0&0&0&0&0&0\n', 1, 1430955389, 1),
(629, 13, '533db2&ECAPRO&status&ERROR&8&1&32&0&0&0&0&0&0&0&0&0&0\n', 1, 1430955399, 1),
(630, 13, '533db2&ECAPRO&status&ERROR&8&1&32&0&0&0&0&0&0&0&0&0&0\n', 1, 1430955408, 1),
(631, 13, '533db2&ECAPRO&status&ERROR&8&1&32&0&0&0&0&0&0&0&0&0&0\n', 1, 1430955418, 1),
(632, 13, '533db2&ECAPRO&status&ERROR&8&1&32&0&0&0&0&0&0&0&0&0&0\n', 1, 1430955429, 1),
(633, 13, '533db2&ECAPRO&status&ERROR&8&1&32&0&0&0&0&0&0&0&0&0&0\n', 1, 1430955439, 1),
(634, 13, '533db2&ECAPRO&status&ERROR&8&1&32&0&0&0&0&0&0&0&0&0&0\n', 1, 1430955448, 1),
(635, 13, '533db2&ECAPRO&status&ERROR&8&1&32&0&0&0&0&0&0&0&0&0&0\n', 1, 1430955459, 1),
(636, 13, '533db2&ECAPRO&status&ERROR&8&1&32&0&0&0&0&0&0&0&0&0&0\n', 1, 1430955469, 1),
(637, 13, '533db2&ECAPRO&status&ERROR&8&1&32&0&0&0&0&0&0&0&0&0&0\n', 1, 1430955480, 1),
(638, 13, '533db2&ECAPRO&status&ERROR&8&1&32&0&0&0&0&0&0&0&0&0&0\n', 1, 1430955489, 1),
(639, 13, '533db2&ECAPRO&status&ERROR&8&1&32&0&0&0&0&0&0&0&0&0&0\n', 1, 1430955498, 1),
(640, 13, '533db2&ECAPRO&status&ERROR&8&1&32&0&0&0&0&0&0&0&0&0&0\n', 1, 1430955509, 1),
(641, 13, '533db2&ECAPRO&status&ERROR&8&1&32&0&0&0&0&0&0&0&0&0&0\n', 1, 1430955519, 1),
(642, 13, '533db2&ECAPRO&status&ERROR&8&1&32&0&0&0&0&0&0&0&0&0&0\n', 1, 1430955528, 1),
(643, 13, '533db2&ECAPRO&status&ERROR&8&1&32&0&0&0&0&0&0&0&0&0&0\n', 1, 1430955538, 1),
(644, 13, '533db2&ECAPRO&status&ERROR&8&1&32&0&0&0&0&0&0&0&0&0&0\n', 1, 1430955549, 1),
(645, 13, '533db2&ECAPRO&status&ERROR&8&1&32&0&0&0&0&0&0&0&0&0&0\n', 1, 1430955559, 1),
(646, 13, '533db2&ECAPRO&status&ERROR&8&1&32&0&0&0&0&0&0&0&0&0&0\n', 1, 1430955568, 1),
(647, 13, '533db2&ECAPRO&status&ERROR&8&1&32&0&0&0&0&0&0&0&0&0&0\n', 1, 1430955578, 1),
(648, 13, '533db2&ECAPRO&status&ERROR&8&1&32&0&0&0&0&0&0&0&0&0&0\n', 1, 1430955589, 1),
(649, 13, '533db2&ECAPRO&status&ERROR&8&1&32&0&0&0&0&0&0&0&0&0&0\n', 1, 1430955599, 1),
(650, 13, '533db2&ECAPRO&status&ERROR&8&1&32&0&0&0&0&0&0&0&0&0&0\n', 1, 1430955608, 1),
(651, 13, '533db2&ECAPRO&status&ERROR&8&1&32&0&0&0&0&0&0&0&0&0&0\n', 1, 1430955619, 1),
(652, 13, '533db2&ECAPRO&status&ERROR&8&1&32&0&0&0&0&0&0&0&0&0&0\n', 1, 1430955629, 1),
(653, 13, '533db2&ECAPRO&status&ERROR&8&1&32&0&0&0&0&0&0&0&0&0&0\n', 1, 1430955639, 1),
(654, 13, '533db2&ECAPRO&status&ERROR&8&1&32&0&0&0&0&0&0&0&0&0&0\n', 1, 1430955649, 1),
(655, 13, '533db2&ECAPRO&status&ERROR&8&1&32&0&0&0&0&0&0&0&0&0&0\n', 1, 1430955659, 1),
(656, 13, '533db2&ECAPRO&status&ERROR&8&1&32&0&0&0&0&0&0&0&0&0&0\n', 1, 1430955669, 1),
(657, 13, '533db2&ECAPRO&status&ERROR&8&1&32&0&0&0&0&0&0&0&0&0&0\n', 1, 1430955679, 1),
(658, 13, '533db2&ECAPRO&status&ERROR&8&1&32&0&0&0&0&0&0&0&0&0&0\n', 1, 1430955688, 1),
(659, 13, '533db2&ECAPRO&status&ERROR&8&1&32&0&0&0&0&0&0&0&0&0&0\n', 1, 1430955699, 1),
(660, 13, '533db2&ECAPRO&status&ERROR&8&1&32&0&0&0&0&0&0&0&0&0&0\n', 1, 1430955709, 1),
(661, 13, '533db2&ECAPRO&status&ERROR&8&1&32&0&0&0&0&0&0&0&0&0&0\n', 1, 1430955719, 1),
(662, 13, '533db2&ECAPRO&status&ERROR&8&1&32&0&0&0&0&0&0&0&0&0&0\n', 1, 1430955729, 1),
(663, 13, '533db2&ECAPRO&status&ERROR&8&1&32&0&0&0&0&0&0&0&0&0&0\n', 1, 1430955739, 1),
(664, 13, '533db2&ECAPRO&status&ERROR&8&1&32&0&0&0&0&0&0&0&0&0&0\n', 1, 1430955749, 1),
(665, 13, '533db2&ECAPRO&status&ERROR&8&1&32&0&0&0&0&0&0&0&0&0&0\n', 1, 1430955759, 1),
(666, 13, '533db2&ECAPRO&status&ERROR&8&1&32&0&0&0&0&0&0&0&0&0&0\n', 1, 1430955769, 1),
(667, 13, '533db2&ECAPRO&status&ERROR&8&1&32&0&0&0&0&0&0&0&0&0&0\n', 1, 1430955779, 1),
(668, 13, '533db2&ECAPRO&status&ERROR&8&1&32&0&0&0&0&0&0&0&0&0&0\n', 1, 1430955789, 1),
(669, 13, '533db2&ECAPRO&status&ERROR&8&1&32&0&0&0&0&0&0&0&0&0&0\n', 1, 1430955799, 1),
(670, 13, '533db2&ECAPRO&status&ERROR&8&1&32&0&0&0&0&0&0&0&0&0&0\n', 1, 1430955809, 1),
(671, 13, '533db2&ECAPRO&status&ERROR&8&1&32&0&0&0&0&0&0&0&0&0&0\n', 1, 1430955819, 1),
(672, 13, '533db2&ECAPRO&status&ERROR&8&1&32&0&0&0&0&0&0&0&0&0&0\n', 1, 1430955829, 1),
(673, 13, '533db2&ECAPRO&status&ERROR&8&1&32&0&0&0&0&0&0&0&0&0&0\n', 1, 1430955839, 1),
(674, 13, '533db2&ECAPRO&status&ERROR&8&1&32&0&0&0&0&0&0&0&0&0&0\n', 1, 1430955849, 1),
(675, 13, '533db2&ECAPRO&status&ERROR&8&1&32&0&0&0&0&0&0&0&0&0&0\n', 1, 1430955859, 1),
(676, 13, '533db2&ECAPRO&status&ERROR&8&1&32&0&0&0&0&0&0&0&0&0&0\n', 1, 1430955869, 1),
(677, 13, '533db2&ECAPRO&status&ERROR&8&1&32&0&0&0&0&0&0&0&0&0&0\n', 1, 1430955879, 1),
(678, 13, '533db2&ECAPRO&status&ERROR&8&1&32&0&0&0&0&0&0&0&0&0&0\n', 1, 1430955889, 1),
(679, 13, '533db2&ECAPRO&status&ERROR&8&1&32&0&0&0&0&0&0&0&0&0&0\n', 1, 1430955900, 1),
(680, 13, '533db2&ECAPRO&status&ERROR&8&1&32&0&0&0&0&0&0&0&0&0&0\n', 1, 1430955909, 1),
(681, 13, '533db2&ECAPRO&status&ERROR&8&1&32&0&0&0&0&0&0&0&0&0&0\n', 1, 1430955919, 1),
(682, 13, '533db2&ECAPRO&status&ERROR&8&1&32&0&0&0&0&0&0&0&0&0&0\n', 1, 1430955929, 1),
(683, 13, '533db2&ECAPRO&status&ERROR&8&1&32&0&0&0&0&0&0&0&0&0&0\n', 1, 1430955939, 1),
(684, 13, '533db2&ECAPRO&status&ERROR&8&1&32&0&0&0&0&0&0&0&0&0&0\n', 1, 1430955950, 1),
(685, 13, '533db2&ECAPRO&status&ERROR&8&1&32&0&0&0&0&0&0&0&0&0&0\n', 1, 1430955959, 1),
(686, 13, '533db2&ECAPRO&status&ERROR&8&1&32&0&0&0&0&0&0&0&0&0&0\n', 1, 1430955969, 1),
(687, 13, '533db2&ECAPRO&status&ERROR&8&1&32&0&0&0&0&0&0&0&0&0&0\n', 1, 1430955979, 1),
(688, 13, '533db2&ECAPRO&status&ERROR&8&1&32&0&0&0&0&0&0&0&0&0&0\n', 1, 1430955990, 1),
(689, 13, '533db2&ECAPRO&status&ERROR&8&1&32&0&0&0&0&0&0&0&0&0&0\n', 1, 1430956000, 1),
(690, 13, '533db2&ECAPRO&status&ERROR&8&1&32&0&0&0&0&0&0&0&0&0&0\n', 1, 1430956009, 1),
(691, 13, '533db2&ECAPRO&status&ERROR&8&1&32&0&0&0&0&0&0&0&0&0&0\n', 1, 1430956019, 1),
(692, 13, '533db2&ECAPRO&status&ERROR&8&1&32&0&0&0&0&0&0&0&0&0&0\n', 1, 1430956030, 1),
(693, 13, '533db2&ECAPRO&status&ERROR&8&1&32&0&0&0&0&0&0&0&0&0&0\n', 1, 1430956040, 1),
(694, 13, '533db2&ECAPRO&status&ERROR&8&1&32&0&0&0&0&0&0&0&0&0&0\n', 1, 1430956049, 1),
(695, 13, '533db2&ECAPRO&status&ERROR&8&1&32&0&0&0&0&0&0&0&0&0&0\n', 1, 1430956059, 1),
(696, 13, '533db2&ECAPRO&status&ERROR&8&1&32&0&0&0&0&0&0&0&0&0&0\n', 1, 1430956070, 1),
(697, 13, '533db2&ECAPRO&status&ERROR&8&1&32&0&0&0&0&0&0&0&0&0&0\n', 1, 1430956080, 1),
(698, 13, '533db2&ECAPRO&status&ERROR&8&1&32&0&0&0&0&0&0&0&0&0&0\n', 1, 1430956089, 1),
(699, 13, '533db2&ECAPRO&status&ERROR&8&1&32&0&0&0&0&0&0&0&0&0&0\n', 1, 1430956099, 1),
(700, 13, '533db2&ECAPRO&status&ERROR&8&1&32&0&0&0&0&0&0&0&0&0&0\n', 1, 1430956109, 1),
(701, 13, '533db2&ECAPRO&status&ERROR&8&1&32&0&0&0&0&0&0&0&0&0&0\n', 1, 1430956119, 1),
(702, 13, '533db2&ECAPRO&status&ERROR&8&1&32&0&0&0&0&0&0&0&0&0&0\n', 1, 1430956130, 1),
(703, 13, '533db2&ECAPRO&status&ERROR&8&1&32&0&0&0&0&0&0&0&0&0&0\n', 1, 1430956140, 1),
(704, 13, '533db2&ECAPRO&status&ERROR&8&1&32&0&0&0&0&0&0&0&0&0&0\n', 1, 1430956149, 1),
(705, 13, '533db2&ECAPRO&status&ERROR&8&1&32&0&0&0&0&0&0&0&0&0&0\n', 1, 1430956159, 1),
(706, 13, '533db2&ECAPRO&status&ERROR&8&1&32&0&0&0&0&0&0&0&0&0&0\n', 1, 1430956170, 1),
(707, 13, '533db2&ECAPRO&status&ERROR&8&1&32&0&0&0&0&0&0&0&0&0&0\n', 1, 1430956180, 1),
(708, 13, '533db2&ECAPRO&status&ERROR&8&1&32&0&0&0&0&0&0&0&0&0&0\n', 1, 1430956190, 1),
(709, 13, '533db2&ECAPRO&status&ERROR&8&1&32&0&0&0&0&0&0&0&0&0&0\n', 1, 1430956200, 1),
(710, 13, '533db2&ECAPRO&status&ERROR&8&1&32&0&0&0&0&0&0&0&0&0&0\n', 1, 1430956210, 1),
(711, 13, '533db2&ECAPRO&status&ERROR&8&1&32&0&0&0&0&0&0&0&0&0&0\n', 1, 1430956220, 1),
(712, 13, '533db2&ECAPRO&status&ERROR&8&1&32&0&0&0&0&0&0&0&0&0&0\n', 1, 1430956230, 1),
(713, 13, '533db2&ECAPRO&status&ERROR&8&1&32&0&0&0&0&0&0&0&0&0&0\n', 1, 1430956240, 1),
(714, 13, '533db2&ECAPRO&status&ERROR&8&1&32&0&0&0&0&0&0&0&0&0&0\n', 1, 1430956250, 1),
(715, 13, '533db2&ECAPRO&status&ERROR&8&1&32&0&0&0&0&0&0&0&0&0&0\n', 1, 1430956260, 1),
(716, 13, '533db2&ECAPRO&status&ERROR&8&1&32&0&0&0&0&0&0&0&0&0&0\n', 1, 1430956270, 1),
(717, 13, '533db2&ECAPRO&status&ERROR&8&1&32&0&0&0&0&0&0&0&0&0&0\n', 1, 1430956280, 1),
(718, 13, '533db2&ECAPRO&status&ERROR&8&1&32&0&0&0&0&0&0&0&0&0&0\n', 1, 1430956289, 1),
(719, 13, '533db2&ECAPRO&status&ERROR&8&1&32&0&0&0&0&0&0&0&0&0&0\n', 1, 1430956300, 1),
(720, 13, '533db2&ECAPRO&status&ERROR&8&1&32&0&0&0&0&0&0&0&0&0&0\n', 1, 1430956310, 1),
(721, 13, '533db2&ECAPRO&status&ERROR&8&1&32&0&0&0&0&0&0&0&0&0&0\n', 1, 1430956320, 1),
(722, 13, '533db2&ECAPRO&status&ERROR&8&1&32&0&0&0&0&0&0&0&0&0&0\n', 1, 1430956330, 1),
(723, 13, '533db2&ECAPRO&status&ERROR&8&1&32&0&0&0&0&0&0&0&0&0&0\n', 1, 1430956340, 1),
(724, 13, '533db2&ECAPRO&status&ERROR&8&1&32&0&0&0&0&0&0&0&0&0&0\n', 1, 1430956350, 1),
(725, 13, '533db2&ECAPRO&status&ERROR&8&1&32&0&0&0&0&0&0&0&0&0&0\n', 1, 1430956362, 1),
(726, 13, '533db2&ECAPRO&status&ERROR&8&1&32&0&0&0&0&0&0&0&0&0&0\n', 1, 1430956370, 1),
(727, 13, '533db2&ECAPRO&status&ERROR&8&1&32&0&0&0&0&0&0&0&0&0&0\n', 1, 1430956380, 1),
(728, 13, '533db2&ECAPRO&status&ERROR&8&1&32&0&0&0&0&0&0&0&0&0&0\n', 1, 1430956390, 1),
(729, 13, '533db2&ECAPRO&status&ERROR&8&1&32&0&0&0&0&0&0&0&0&0&0\n', 1, 1430956400, 1),
(730, 13, '533db2&ECAPRO&status&ERROR&8&1&32&0&0&0&0&0&0&0&0&0&0\n', 1, 1430956413, 1),
(731, 13, '533db2&ECAPRO&status&ERROR&8&1&32&0&0&0&0&0&0&0&0&0&0\n', 1, 1430956421, 1),
(732, 13, '533db2&ECAPRO&status&ERROR&8&1&32&0&0&0&0&0&0&0&0&0&0\n', 1, 1430956430, 1),
(733, 13, '533db2&ECAPRO&status&ERROR&8&1&32&0&0&0&0&0&0&0&0&0&0\n', 1, 1430956441, 1),
(734, 13, '533db2&ECAPRO&status&ERROR&8&1&32&0&0&0&0&0&0&0&0&0&0\n', 1, 1430956451, 1),
(735, 13, '533db2&ECAPRO&status&ERROR&8&1&32&0&0&0&0&0&0&0&0&0&0\n', 1, 1430956461, 1),
(736, 13, '533db2&ECAPRO&status&ERROR&8&1&32&0&0&0&0&0&0&0&0&0&0\n', 1, 1430956470, 1),
(737, 13, '533db2&ECAPRO&status&ERROR&8&1&32&0&0&0&0&0&0&0&0&0&0\n', 1, 1430956480, 1),
(738, 13, '533db2&ECAPRO&status&ERROR&8&1&32&0&0&0&0&0&0&0&0&0&0\n', 1, 1430956490, 1),
(739, 13, '533db2&ECAPRO&status&ERROR&8&1&32&0&0&0&0&0&0&0&0&0&0\n', 1, 1430956500, 1),
(740, 13, '533db2&ECAPRO&status&ERROR&8&1&32&0&0&0&0&0&0&0&0&0&0\n', 1, 1430956510, 1),
(741, 13, '533db2&ECAPRO&status&ERROR&8&1&32&0&0&0&0&0&0&0&0&0&0\n', 1, 1430956520, 1),
(742, 13, '533db2&ECAPRO&status&ERROR&8&1&32&0&0&0&0&0&0&0&0&0&0\n', 1, 1430956530, 1),
(743, 13, '533db2&ECAPRO&status&ERROR&8&1&32&0&0&0&0&0&0&0&0&0&0\n', 1, 1430956541, 1),
(744, 13, '533db2&ECAPRO&status&ERROR&8&1&32&0&0&0&0&0&0&0&0&0&0\n', 1, 1430956550, 1),
(745, 13, '533db2&ECAPRO&status&ERROR&8&1&32&0&0&0&0&0&0&0&0&0&0\n', 1, 1430956561, 1),
(746, 13, '533db2&ECAPRO&status&ERROR&8&1&32&0&0&0&0&0&0&0&0&0&0\n', 1, 1430956570, 1),
(747, 13, '533db2&ECAPRO&status&ERROR&8&1&32&0&0&0&0&0&0&0&0&0&0\n', 1, 1430956580, 1),
(748, 13, '533db2&ECAPRO&status&ERROR&8&1&32&0&0&0&0&0&0&0&0&0&0\n', 1, 1430956590, 1),
(749, 13, '533db2&ECAPRO&status&ERROR&8&1&32&0&0&0&0&0&0&0&0&0&0\n', 1, 1430956600, 1),
(750, 13, '533db2&ECAPRO&status&ERROR&8&1&32&0&0&0&0&0&0&0&0&0&0\n', 1, 1430956611, 1),
(751, 13, '533db2&ECAPRO&status&ERROR&8&1&32&0&0&0&0&0&0&0&0&0&0\n', 1, 1430956621, 1),
(752, 13, '533db2&ECAPRO&status&ERROR&8&1&32&0&0&0&0&0&0&0&0&0&0\n', 1, 1430956630, 1),
(753, 13, '533db2&ECAPRO&status&ERROR&8&1&32&0&0&0&0&0&0&0&0&0&0\n', 1, 1430956640, 1),
(754, 13, '533db2&ECAPRO&status&ERROR&8&1&32&0&0&0&0&0&0&0&0&0&0\n', 1, 1430956650, 1),
(755, 13, '533db2&ECAPRO&status&ERROR&8&1&32&0&0&0&0&0&0&0&0&0&0\n', 1, 1430956660, 1),
(756, 13, '533db2&ECAPRO&status&ERROR&8&1&32&0&0&0&0&0&0&0&0&0&0\n', 1, 1430956671, 1),
(757, 13, '533db2&ECAPRO&status&ERROR&8&1&32&0&0&0&0&0&0&0&0&0&0\n', 1, 1430956680, 1),
(758, 13, '533db2&ECAPRO&status&ERROR&8&1&32&0&0&0&0&0&0&0&0&0&0\n', 1, 1430956691, 1),
(759, 13, '533db2&ECAPRO&status&ERROR&8&1&32&0&0&0&0&0&0&0&0&0&0\n', 1, 1430956702, 1),
(760, 13, '533db2&ECAPRO&status&ERROR&8&1&32&0&0&0&0&0&0&0&0&0&0\n', 1, 1430956710, 1),
(761, 13, '533db2&ECAPRO&status&ERROR&8&1&32&0&0&0&0&0&0&0&0&0&0\n', 1, 1430956720, 1),
(762, 13, '533db2&ECAPRO&status&ERROR&8&1&32&0&0&0&0&0&0&0&0&0&0\n', 1, 1430956731, 1),
(763, 13, '533db2&ECAPRO&status&ERROR&8&1&32&0&0&0&0&0&0&0&0&0&0\n', 1, 1430956741, 1),
(764, 13, '533db2&ECAPRO&status&ERROR&8&1&32&0&0&0&0&0&0&0&0&0&0\n', 1, 1430956751, 1),
(765, 13, '533db2&ECAPRO&status&ERROR&8&1&32&0&0&0&0&0&0&0&0&0&0\n', 1, 1430956760, 1),
(766, 13, '533db2&ECAPRO&status&ERROR&8&1&32&0&0&0&0&0&0&0&0&0&0\n', 1, 1430956770, 1),
(767, 13, '533db2&ECAPRO&status&ERROR&8&1&32&0&0&0&0&0&0&0&0&0&0\n', 1, 1430956781, 1),
(768, 13, '533db2&ECAPRO&status&ERROR&8&1&32&0&0&0&0&0&0&0&0&0&0\n', 1, 1430956791, 1),
(769, 13, '533db2&ECAPRO&status&ERROR&8&1&32&0&0&0&0&0&0&0&0&0&0\n', 1, 1430956801, 1),
(770, 13, '533db2&ECAPRO&status&ERROR&8&1&32&0&0&0&0&0&0&0&0&0&0\n', 1, 1430956811, 1),
(771, 13, '533db2&ECAPRO&status&ERROR&8&1&32&0&0&0&0&0&0&0&0&0&0\n', 1, 1430956821, 1),
(772, 13, '533db2&ECAPRO&status&ERROR&8&1&32&0&0&0&0&0&0&0&0&0&0\n', 1, 1430956831, 1),
(773, 13, '533db2&ECAPRO&status&ERROR&8&1&32&0&0&0&0&0&0&0&0&0&0\n', 1, 1430956842, 1),
(774, 13, '533db2&ECAPRO&status&ERROR&8&1&32&0&0&0&0&0&0&0&0&0&0\n', 1, 1430956851, 1),
(775, 13, '533db2&ECAPRO&status&ERROR&8&1&32&0&0&0&0&0&0&0&0&0&0\n', 1, 1430956861, 1),
(776, 13, '533db2&ECAPRO&status&ERROR&8&1&32&0&0&0&0&0&0&0&0&0&0\n', 1, 1430956871, 1),
(777, 13, '533db2&ECAPRO&status&ERROR&8&1&32&0&0&0&0&0&0&0&0&0&0\n', 1, 1430956881, 1),
(778, 13, '533db2&ECAPRO&status&ERROR&8&1&32&0&0&0&0&0&0&0&0&0&0\n', 1, 1430956890, 1),
(779, 13, '533db2&ECAPRO&status&ERROR&8&1&32&0&0&0&0&0&0&0&0&0&0\n', 1, 1430956901, 1),
(780, 13, '533db2&ECAPRO&status&ERROR&8&1&32&0&0&0&0&0&0&0&0&0&0\n', 1, 1430956911, 1),
(781, 13, '533db2&ECAPRO&status&ERROR&8&1&32&0&0&0&0&0&0&0&0&0&0\n', 1, 1430956921, 1),
(782, 13, '533db2&ECAPRO&status&ERROR&8&1&32&0&0&0&0&0&0&0&0&0&0\n', 1, 1430956932, 1),
(783, 13, '533db2&ECAPRO&status&ERROR&8&1&32&0&0&0&0&0&0&0&0&0&0\n', 1, 1430956941, 1),
(784, 13, '533db2&ECAPRO&status&ERROR&8&1&32&0&0&0&0&0&0&0&0&0&0\n', 1, 1430956951, 1),
(785, 13, '533db2&ECAPRO&status&ERROR&8&1&32&0&0&0&0&0&0&0&0&0&0\n', 1, 1430956961, 1),
(786, 13, '533db2&ECAPRO&status&ERROR&8&1&32&0&0&0&0&0&0&0&0&0&0\n', 1, 1430956971, 1),
(787, 13, '533db2&ECAPRO&status&ERROR&8&1&32&0&0&0&0&0&0&0&0&0&0\n', 1, 1430956981, 1),
(788, 13, '533db2&ECAPRO&status&ERROR&8&1&32&0&0&0&0&0&0&0&0&0&0\n', 1, 1430956991, 1),
(789, 13, '533db2&ECAPRO&status&ERROR&8&1&32&0&0&0&0&0&0&0&0&0&0\n', 1, 1430957001, 1),
(790, 13, '533db2&ECAPRO&status&ERROR&8&1&32&0&0&0&0&0&0&0&0&0&0\n', 1, 1430957011, 1),
(791, 13, '533db2&ECAPRO&status&ERROR&8&1&32&0&0&0&0&0&0&0&0&0&0\n', 1, 1430957021, 1),
(792, 13, '533db2&ECAPRO&status&ERROR&8&1&32&0&0&0&0&0&0&0&0&0&0\n', 1, 1430957031, 1),
(793, 13, '533db2&ECAPRO&status&ERROR&8&1&32&0&0&0&0&0&0&0&0&0&0\n', 1, 1430957041, 1),
(794, 13, '533db2&ECAPRO&status&ERROR&8&1&32&0&0&0&0&0&0&0&0&0&0\n', 1, 1430957051, 1),
(795, 13, '533db2&ECAPRO&status&ERROR&8&1&32&0&0&0&0&0&0&0&0&0&0\n', 1, 1430957061, 1),
(796, 13, '533db2&ECAPRO&status&ERROR&8&1&32&0&0&0&0&0&0&0&0&0&0\n', 1, 1430957071, 1),
(797, 13, '533db2&ECAPRO&status&ERROR&8&1&32&0&0&0&0&0&0&0&0&0&0\n', 1, 1430957081, 1),
(798, 13, '533db2&ECAPRO&status&ERROR&8&1&32&0&0&0&0&0&0&0&0&0&0\n', 1, 1430957091, 1),
(799, 13, '533db2&ECAPRO&status&ERROR&8&1&32&0&0&0&0&0&0&0&0&0&0\n', 1, 1430957101, 1),
(800, 13, '533db2&ECAPRO&status&ERROR&8&1&32&0&0&0&0&0&0&0&0&0&0\n', 1, 1430957111, 1),
(801, 13, '533db2&ECAPRO&status&ERROR&8&1&32&0&0&0&0&0&0&0&0&0&0\n', 1, 1430957121, 1),
(802, 13, '533db2&ECAPRO&status&ERROR&8&1&32&0&0&0&0&0&0&0&0&0&0\n', 1, 1430957131, 1),
(803, 13, '533db2&ECAPRO&status&ERROR&8&1&32&0&0&0&0&0&0&0&0&0&0\n', 1, 1430957141, 1),
(804, 13, '533db2&ECAPRO&status&ERROR&8&1&32&0&0&0&0&0&0&0&0&0&0\n', 1, 1430957151, 1),
(805, 13, '533db2&ECAPRO&status&ERROR&8&1&32&0&0&0&0&0&0&0&0&0&0\n', 1, 1430957161, 1),
(806, 13, '533db2&ECAPRO&status&ERROR&8&1&32&0&0&0&0&0&0&0&0&0&0\n', 1, 1430957171, 1),
(807, 13, '533db2&ECAPRO&status&ERROR&8&1&32&0&0&0&0&0&0&0&0&0&0\n', 1, 1430957181, 1),
(808, 13, '533db2&ECAPRO&status&ERROR&8&1&32&0&0&0&0&0&0&0&0&0&0\n', 1, 1430957191, 1),
(809, 13, '533db2&ECAPRO&status&ERROR&8&1&32&0&0&0&0&0&0&0&0&0&0\n', 1, 1430957201, 1),
(810, 13, '533db2&ECAPRO&status&ERROR&8&1&32&0&0&0&0&0&0&0&0&0&0\n', 1, 1430957211, 1),
(811, 13, '533db2&ECAPRO&status&ERROR&8&1&32&0&0&0&0&0&0&0&0&0&0\n', 1, 1430957222, 1),
(812, 13, '533db2&ECAPRO&status&ERROR&8&1&32&0&0&0&0&0&0&0&0&0&0\n', 1, 1430957232, 1),
(813, 13, '533db2&ECAPRO&status&ERROR&8&1&32&0&0&0&0&0&0&0&0&0&0\n', 1, 1430957241, 1),
(814, 13, '533db2&ECAPRO&status&ERROR&8&1&32&0&0&0&0&0&0&0&0&0&0\n', 1, 1430957251, 1),
(815, 13, '533db2&ECAPRO&status&ERROR&8&1&32&0&0&0&0&0&0&0&0&0&0\n', 1, 1430957261, 1),
(816, 13, '533db2&ECAPRO&status&ERROR&8&1&32&0&0&0&0&0&0&0&0&0&0\n', 1, 1430957272, 1),
(817, 13, '533db2&ECAPRO&status&ERROR&8&1&32&0&0&0&0&0&0&0&0&0&0\n', 1, 1430957281, 1),
(818, 13, '533db2&ECAPRO&status&ERROR&8&1&32&0&0&0&0&0&0&0&0&0&0\n', 1, 1430957291, 1),
(819, 13, '533db2&ECAPRO&status&ERROR&8&1&32&0&0&0&0&0&0&0&0&0&0\n', 1, 1430957301, 1),
(820, 13, '533db2&ECAPRO&status&ERROR&8&1&32&0&0&0&0&0&0&0&0&0&0\n', 1, 1430957311, 1),
(821, 13, '533db2&ECAPRO&status&ERROR&8&1&32&0&0&0&0&0&0&0&0&0&0\n', 1, 1430957321, 1),
(822, 13, '533db2&ECAPRO&status&ERROR&8&1&32&0&0&0&0&0&0&0&0&0&0\n', 1, 1430957331, 1),
(823, 13, '533db2&ECAPRO&status&ERROR&8&1&32&0&0&0&0&0&0&0&0&0&0\n', 1, 1430957342, 1),
(824, 13, '533db2&ECAPRO&status&ERROR&8&1&32&0&0&0&0&0&0&0&0&0&0\n', 1, 1430957352, 1),
(825, 13, '533db2&ECAPRO&status&ERROR&8&1&32&0&0&0&0&0&0&0&0&0&0\n', 1, 1430957361, 1),
(826, 13, '533db2&ECAPRO&status&ERROR&8&1&32&0&0&0&0&0&0&0&0&0&0\n', 1, 1430957371, 1),
(827, 13, '533db2&ECAPRO&status&ERROR&8&1&32&0&0&0&0&0&0&0&0&0&0\n', 1, 1430957382, 1),
(828, 13, '533db2&ECAPRO&status&ERROR&8&1&32&0&0&0&0&0&0&0&0&0&0\n', 1, 1430957392, 1),
(829, 13, '533db2&ECAPRO&status&ERROR&8&1&32&0&0&0&0&0&0&0&0&0&0\n', 1, 1430957401, 1),
(830, 13, '533db2&ECAPRO&status&ERROR&8&1&32&0&0&0&0&0&0&0&0&0&0\n', 1, 1430957411, 1),
(831, 13, '533db2&ECAPRO&status&ERROR&8&1&32&0&0&0&0&0&0&0&0&0&0\n', 1, 1430957422, 1),
(832, 13, '533db2&ECAPRO&status&ERROR&8&1&32&0&0&0&0&0&0&0&0&0&0\n', 1, 1430957432, 1),
(833, 13, '533db2&ECAPRO&status&ERROR&8&1&32&0&0&0&0&0&0&0&0&0&0\n', 1, 1430957441, 1),
(834, 13, '533db2&ECAPRO&status&ERROR&8&1&32&0&0&0&0&0&0&0&0&0&0\n', 1, 1430957451, 1),
(835, 13, '533db2&ECAPRO&status&ERROR&8&1&32&0&0&0&0&0&0&0&0&0&0\n', 1, 1430957462, 1),
(836, 13, '533db2&ECAPRO&status&ERROR&8&1&32&0&0&0&0&0&0&0&0&0&0\n', 1, 1430957472, 1),
(837, 13, '533db2&ECAPRO&status&ERROR&8&1&32&0&0&0&0&0&0&0&0&0&0\n', 1, 1430957482, 1),
(838, 13, '533db2&ECAPRO&status&ERROR&8&1&32&0&0&0&0&0&0&0&0&0&0\n', 1, 1430957491, 1),
(839, 13, '533db2&ECAPRO&status&ERROR&8&1&32&0&0&0&0&0&0&0&0&0&0\n', 1, 1430957501, 1),
(840, 13, '533db2&ECAPRO&status&ERROR&8&1&32&0&0&0&0&0&0&0&0&0&0\n', 1, 1430957512, 1),
(841, 13, '533db2&ECAPRO&status&ERROR&8&1&32&0&0&0&0&0&0&0&0&0&0\n', 1, 1430957522, 1),
(842, 13, '533db2&ECAPRO&status&ERROR&8&1&32&0&0&0&0&0&0&0&0&0&0\n', 1, 1430957531, 1),
(843, 13, '533db2&ECAPRO&status&ERROR&8&1&32&0&0&0&0&0&0&0&0&0&0\n', 1, 1430957541, 1),
(844, 13, '533db2&ECAPRO&status&ERROR&8&1&32&0&0&0&0&0&0&0&0&0&0\n', 1, 1430957553, 1),
(845, 13, '533db2&ECAPRO&status&ERROR&8&1&32&0&0&0&0&0&0&0&0&0&0\n', 1, 1430957562, 1),
(846, 13, '533db2&ECAPRO&status&ERROR&8&1&32&0&0&0&0&0&0&0&0&0&0\n', 1, 1430957571, 1),
(847, 13, '533db2&ECAPRO&status&ERROR&8&1&32&0&0&0&0&0&0&0&0&0&0\n', 1, 1430957582, 1),
(848, 13, '533db2&ECAPRO&status&ERROR&8&1&32&0&0&0&0&0&0&0&0&0&0\n', 1, 1430957592, 1),
(849, 13, '533db2&ECAPRO&status&ERROR&8&1&32&0&0&0&0&0&0&0&0&0&0\n', 1, 1430957601, 1),
(850, 13, '533db2&ECAPRO&status&ERROR&8&1&32&0&0&0&0&0&0&0&0&0&0\n', 1, 1430957612, 1),
(851, 13, '533db2&ECAPRO&status&ERROR&8&1&32&0&0&0&0&0&0&0&0&0&0\n', 1, 1430957622, 1),
(852, 13, '533db2&ECAPRO&status&ERROR&8&1&32&0&0&0&0&0&0&0&0&0&0\n', 1, 1430957632, 1),
(853, 13, '533db2&ECAPRO&status&ERROR&8&1&32&0&0&0&0&0&0&0&0&0&0\n', 1, 1430957642, 1),
(854, 13, '533db2&ECAPRO&status&ERROR&8&1&32&0&0&0&0&0&0&0&0&0&0\n', 1, 1430957651, 1),
(855, 13, '533db2&ECAPRO&status&ERROR&8&1&32&0&0&0&0&0&0&0&0&0&0\n', 1, 1430957663, 1),
(856, 13, '533db2&ECAPRO&status&ERROR&8&1&32&0&0&0&0&0&0&0&0&0&0\n', 1, 1430957672, 1),
(857, 13, '533db2&ECAPRO&status&ERROR&8&1&32&0&0&0&0&0&0&0&0&0&0\n', 1, 1430957681, 1),
(858, 13, '533db2&ECAPRO&status&ERROR&8&1&32&0&0&0&0&0&0&0&0&0&0\n', 1, 1430957693, 1),
(859, 13, '533db2&ECAPRO&status&ERROR&8&1&32&0&0&0&0&0&0&0&0&0&0\n', 1, 1430957702, 1),
(860, 13, '533db2&ECAPRO&status&ERROR&8&1&32&0&0&0&0&0&0&0&0&0&0\n', 1, 1430957712, 1),
(861, 13, '533db2&ECAPRO&status&ERROR&8&1&32&0&0&0&0&0&0&0&0&0&0\n', 1, 1430957722, 1),
(862, 13, '533db2&ECAPRO&status&ERROR&8&1&32&0&0&0&0&0&0&0&0&0&0\n', 1, 1430957732, 1),
(863, 13, '533db2&ECAPRO&status&ERROR&8&1&32&0&0&0&0&0&0&0&0&0&0\n', 1, 1430957742, 1),
(864, 13, '533db2&ECAPRO&status&ERROR&8&1&32&0&0&0&0&0&0&0&0&0&0\n', 1, 1430957752, 1),
(865, 13, '533db2&ECAPRO&status&ERROR&8&1&32&0&0&0&0&0&0&0&0&0&0\n', 1, 1430957762, 1),
(866, 13, '533db2&ECAPRO&status&ERROR&8&1&32&0&0&0&0&0&0&0&0&0&0\n', 1, 1430957772, 1),
(867, 13, '533db2&ECAPRO&status&ERROR&8&1&32&0&0&0&0&0&0&0&0&0&0\n', 1, 1430957782, 1),
(868, 13, '533db2&ECAPRO&status&ERROR&8&1&32&0&0&0&0&0&0&0&0&0&0\n', 1, 1430957792, 1),
(869, 13, '533db2&ECAPRO&status&ERROR&8&1&32&0&0&0&0&0&0&0&0&0&0\n', 1, 1430957802, 1),
(870, 13, '533db2&ECAPRO&status&ERROR&8&1&32&0&0&0&0&0&0&0&0&0&0\n', 1, 1430957813, 1),
(871, 13, '533db2&ECAPRO&status&ERROR&8&1&32&0&0&0&0&0&0&0&0&0&0\n', 1, 1430957822, 1),
(872, 13, '533db2&ECAPRO&status&ERROR&8&1&32&0&0&0&0&0&0&0&0&0&0\n', 1, 1430957832, 1),
(873, 13, '533db2&ECAPRO&status&ERROR&8&1&32&0&0&0&0&0&0&0&0&0&0\n', 1, 1430957842, 1),
(874, 13, '533db2&ECAPRO&status&ERROR&8&1&32&0&0&0&0&0&0&0&0&0&0\n', 1, 1430957852, 1),
(875, 13, '533db2&ECAPRO&status&ERROR&8&1&32&0&0&0&0&0&0&0&0&0&0\n', 1, 1430957864, 1),
(876, 13, '533db2&ECAPRO&status&ERROR&8&1&32&0&0&0&0&0&0&0&0&0&0\n', 1, 1430957872, 1),
(877, 13, '533db2&ECAPRO&status&ERROR&8&1&32&0&0&0&0&0&0&0&0&0&0\n', 1, 1430957882, 1),
(878, 13, '533db2&ECAPRO&status&DISARM&8&1&32&0&0&0&0&0&0&0&0&0&0\n', 1, 1430957944, 1),
(879, 13, '533db2&ECAPRO&status&ERROR&8&1&32&0&0&0&0&0&0&0&0&0&0\n', 1, 1430957952, 1),
(880, 13, '533db2&ECAPRO&status&ERROR&8&1&32&0&0&0&0&0&0&0&0&0&0\n', 1, 1430957963, 1),
(881, 13, '533db2&ECAPRO&status&ERROR&8&1&32&0&0&0&0&0&0&0&0&0&0\n', 1, 1430957973, 1),
(882, 13, '533db2&ECAPRO&status&ERROR&8&1&32&0&0&0&0&0&0&0&0&0&0\n', 1, 1430957983, 1),
(883, 13, '533db2&ECAPRO&status&ERROR&8&1&32&0&0&0&0&0&0&0&0&0&0\n', 1, 1430957993, 1),
(884, 13, '533db2&ECAPRO&status&ERROR&8&1&32&0&0&0&0&0&0&0&0&0&0\n', 1, 1430958003, 1),
(885, 13, '533db2&ECAPRO&status&ERROR&8&1&32&0&0&0&0&0&0&0&0&0&0\n', 1, 1430958013, 1),
(886, 13, '533db2&ECAPRO&status&ERROR&8&1&32&0&0&0&0&0&0&0&0&0&0\n', 1, 1430958023, 1),
(887, 13, '533db2&ECAPRO&status&ERROR&8&1&32&0&0&0&0&0&0&0&0&0&0\n', 1, 1430958034, 1),
(888, 13, '533db2&ECAPRO&status&ERROR&8&1&32&0&0&0&0&0&0&0&0&0&0\n', 1, 1430958043, 1),
(889, 13, '533db2&ECAPRO&status&ERROR&8&1&32&0&0&0&0&0&0&0&0&0&0\n', 1, 1430958053, 1),
(890, 13, '533db2&ECAPRO&status&ERROR&8&1&32&0&0&0&0&0&0&0&0&0&0\n', 1, 1430958063, 1),
(891, 13, '533db2&ECAPRO&status&ERROR&8&1&32&0&0&0&0&0&0&0&0&0&0\n', 1, 1430958073, 1),
(892, 13, '533db2&ECAPRO&status&ERROR&8&1&32&0&0&0&0&0&0&0&0&0&0\n', 1, 1430958083, 1),
(893, 13, '533db2&ECAPRO&status&ERROR&8&1&32&0&0&0&0&0&0&0&0&0&0\n', 1, 1430958093, 1),
(894, 13, '533db2&ECAPRO&status&ERROR&8&1&32&0&0&0&0&0&0&0&0&0&0\n', 1, 1430958103, 1),
(895, 13, '533db2&ECAPRO&status&ERROR&8&1&32&0&0&0&0&0&0&0&0&0&0\n', 1, 1430958113, 1),
(896, 13, '533db2&ECAPRO&status&DISARM&8&1&32&0&0&0&0&0&0&0&0&0&0\n', 1, 1430958166, 1),
(897, 13, '533db2&ECAPRO&status&ERROR&8&1&32&0&0&0&0&0&0&0&0&0&0\n', 1, 1430958176, 1),
(898, 13, '533db2&ECAPRO&status&ERROR&8&1&32&0&0&0&0&0&0&0&0&0&0\n', 1, 1430958185, 1),
(899, 13, '533db2&ECAPRO&status&ERROR&8&1&32&0&0&0&0&0&0&0&0&0&0\n', 1, 1430958196, 1),
(900, 13, '533db2&ECAPRO&status&ERROR&8&1&32&0&0&0&0&0&0&0&0&0&0\n', 1, 1430958206, 1),
(901, 13, '533db2&ECAPRO&status&ERROR&8&1&32&0&0&0&0&0&0&0&0&0&0\n', 1, 1430958215, 1),
(902, 13, '533db2&ECAPRO&status&DISARM&8&1&32&0&0&0&0&0&0&0&0&0&0\n', 1, 1430958267, 1),
(903, 13, '533db2&ECAPRO&status&ERROR&8&1&32&0&0&0&0&0&0&0&0&0&0\n', 1, 1430958276, 1),
(904, 13, '533db2&ECAPRO&status&ERROR&8&1&32&0&0&0&0&0&0&0&0&0&0\n', 1, 1430958286, 1),
(905, 13, '533db2&ECAPRO&status&ERROR&8&1&32&0&0&0&0&0&0&0&0&0&0\n', 1, 1430958297, 1),
(906, 13, '533db2&ECAPRO&status&ERROR&8&1&32&0&0&0&0&0&0&0&0&0&0\n', 1, 1430958306, 1),
(907, 13, '533db2&ECAPRO&status&ERROR&8&1&32&0&0&0&0&0&0&0&0&0&0\n', 1, 1430958316, 1),
(908, 13, '533db2&ECAPRO&status&ERROR&8&1&32&0&0&0&0&0&0&0&0&0&0\n', 1, 1430958327, 1),
(909, 13, '533db2&ECAPRO&status&ERROR&8&1&32&0&0&0&0&0&0&0&0&0&0\n', 1, 1430958337, 1),
(910, 13, '533db2&ECAPRO&status&ERROR&8&1&32&0&0&0&0&0&0&0&0&0&0\n', 1, 1430958346, 1),
(911, 13, '533db2&ECAPRO&status&ERROR&8&1&32&0&0&0&0&0&0&0&0&0&0\n', 1, 1430958356, 1),
(912, 13, '533db2&ECAPRO&status&ERROR&8&1&32&0&0&0&0&0&0&0&0&0&0\n', 1, 1430958366, 1),
(913, 13, '533db2&ECAPRO&status&ERROR&8&1&32&0&0&0&0&0&0&0&0&0&0\n', 1, 1430958377, 1),
(914, 13, '533db2&ECAPRO&status&ERROR&8&1&32&0&0&0&0&0&0&0&0&0&0\n', 1, 1430958387, 1),
(915, 13, '533db2&ECAPRO&status&ERROR&8&1&32&0&0&0&0&0&0&0&0&0&0\n', 1, 1430958396, 1),
(916, 13, '533db2&ECAPRO&status&ERROR&8&1&32&0&0&0&0&0&0&0&0&0&0\n', 1, 1430958406, 1),
(917, 13, '533db2&ECAPRO&status&DISARM&8&1&32&0&0&0&0&0&0&0&0&0&0\n', 1, 1430958458, 1),
(918, 13, '533db2&ECAPRO&status&ERROR&8&1&32&0&0&0&0&0&0&0&0&0&0\n', 1, 1430958467, 1),
(919, 13, '533db2&ECAPRO&status&DISARM&8&1&32&0&0&0&0&0&0&0&0&0&0\n', 1, 1430958559, 1),
(920, 13, '533db2&ECAPRO&status&ERROR&8&1&32&0&0&0&0&0&0&0&0&0&0\n', 1, 1430958568, 1),
(921, 13, '533db2&ECAPRO&status&ERROR&8&1&32&0&0&0&0&0&0&0&0&0&0\n', 1, 1430958578, 1),
(922, 13, '533db2&ECAPRO&status&ERROR&8&1&32&0&0&0&0&0&0&0&0&0&0\n', 1, 1430958588, 1),
(923, 13, '533db2&ECAPRO&status&ERROR&8&1&32&0&0&0&0&0&0&0&0&0&0\n', 1, 1430958599, 1),
(924, 13, '533db2&ECAPRO&status&ERROR&8&1&32&0&0&0&0&0&0&0&0&0&0\n', 1, 1430958608, 1),
(925, 13, '533db2&ECAPRO&status&ERROR&8&1&32&0&0&0&0&0&0&0&0&0&0\n', 1, 1430958618, 1),
(926, 13, '533db2&ECAPRO&status&ERROR&8&1&32&0&0&0&0&0&0&0&0&0&0\n', 1, 1430958629, 1),
(927, 13, '533db2&ECAPRO&status&ERROR&8&1&32&0&0&0&0&0&0&0&0&0&0\n', 1, 1430958638, 1),
(928, 13, '533db2&ECAPRO&status&ERROR&8&1&32&0&0&0&0&0&0&0&0&0&0\n', 1, 1430958648, 1),
(929, 13, '533db2&ECAPRO&status&ERROR&8&1&32&0&0&0&0&0&0&0&0&0&0\n', 1, 1430958659, 1),
(930, 13, '533db2&ECAPRO&status&ERROR&8&1&32&0&0&0&0&0&0&0&0&0&0\n', 1, 1430958669, 1),
(931, 13, '533db2&ECAPRO&status&ERROR&8&1&32&0&0&0&0&0&0&0&0&0&0\n', 1, 1430958678, 1),
(932, 13, '533db2&ECAPRO&status&ERROR&8&1&32&0&0&0&0&0&0&0&0&0&0\n', 1, 1430958688, 1),
(933, 13, '533db2&ECAPRO&status&ERROR&8&1&32&0&0&0&0&0&0&0&0&0&0\n', 1, 1430958699, 1),
(934, 13, '533db2&ECAPRO&status&ERROR&8&1&32&0&0&0&0&0&0&0&0&0&0\n', 1, 1430958709, 1),
(935, 13, '533db2&ECAPRO&status&ERROR&8&1&32&0&0&0&0&0&0&0&0&0&0\n', 1, 1430958718, 1),
(936, 13, '533db2&ECAPRO&status&ERROR&8&1&32&0&0&0&0&0&0&0&0&0&0\n', 1, 1430958728, 1),
(937, 13, '533db2&ECAPRO&status&ERROR&8&1&32&0&0&0&0&0&0&0&0&0&0\n', 1, 1430958739, 1),
(938, 13, '533db2&ECAPRO&status&ERROR&8&1&32&0&0&0&0&0&0&0&0&0&0\n', 1, 1430958749, 1),
(939, 13, '533db2&ECAPRO&status&ERROR&8&1&32&0&0&0&0&0&0&0&0&0&0\n', 1, 1430958758, 1),
(940, 13, '533db2&ECAPRO&status&ERROR&8&1&32&0&0&0&0&0&0&0&0&0&0\n', 1, 1430958768, 1),
(941, 13, '533db2&ECAPRO&status&ERROR&8&1&32&0&0&0&0&0&0&0&0&0&0\n', 1, 1430958779, 1),
(942, 13, '533db2&ECAPRO&status&ERROR&8&1&32&0&0&0&0&0&0&0&0&0&0\n', 1, 1430958789, 1),
(943, 13, '533db2&ECAPRO&status&ERROR&8&1&32&0&0&0&0&0&0&0&0&0&0\n', 1, 1430958798, 1),
(944, 13, '533db2&ECAPRO&status&ERROR&8&1&32&0&0&0&0&0&0&0&0&0&0\n', 1, 1430958808, 1),
(945, 13, '533db2&ECAPRO&status&ERROR&8&1&32&0&0&0&0&0&0&0&0&0&0\n', 1, 1430958819, 1),
(946, 13, '533db2&ECAPRO&status&ERROR&8&1&32&0&0&0&0&0&0&0&0&0&0\n', 1, 1430958829, 1),
(947, 13, '533db2&ECAPRO&status&ERROR&8&1&32&0&0&0&0&0&0&0&0&0&0\n', 1, 1430958838, 1),
(948, 13, '533db2&ECAPRO&status&ERROR&8&1&32&0&0&0&0&0&0&0&0&0&0\n', 1, 1430958848, 1),
(949, 13, '533db2&ECAPRO&status&ERROR&8&1&32&0&0&0&0&0&0&0&0&0&0\n', 1, 1430958859, 1),
(950, 13, '533db2&ECAPRO&status&ERROR&8&1&32&0&0&0&0&0&0&0&0&0&0\n', 1, 1430958869, 1),
(951, 13, '533db2&ECAPRO&status&ERROR&8&1&32&0&0&0&0&0&0&0&0&0&0\n', 1, 1430958878, 1),
(952, 13, '533db2&ECAPRO&status&ERROR&8&1&32&0&0&0&0&0&0&0&0&0&0\n', 1, 1430958888, 1),
(953, 13, '533db2&ECAPRO&status&ERROR&8&1&32&0&0&0&0&0&0&0&0&0&0\n', 1, 1430958899, 1),
(954, 13, '533db2&ECAPRO&status&ERROR&8&1&32&0&0&0&0&0&0&0&0&0&0\n', 1, 1430958909, 1),
(955, 13, '533db2&ECAPRO&status&ERROR&8&1&32&0&0&0&0&0&0&0&0&0&0\n', 1, 1430958918, 1),
(956, 13, '533db2&ECAPRO&status&ERROR&8&1&32&0&0&0&0&0&0&0&0&0&0\n', 1, 1430958928, 1),
(957, 13, '533db2&ECAPRO&status&ERROR&8&1&32&0&0&0&0&0&0&0&0&0&0\n', 1, 1430958939, 1),
(958, 13, '533db2&ECAPRO&status&ERROR&8&1&32&0&0&0&0&0&0&0&0&0&0\n', 1, 1430958949, 1),
(959, 13, '533db2&ECAPRO&status&ERROR&8&1&32&0&0&0&0&0&0&0&0&0&0\n', 1, 1430958959, 1),
(960, 13, '533db2&ECAPRO&status&ERROR&8&1&32&0&0&0&0&0&0&0&0&0&0\n', 1, 1430958969, 1),
(961, 13, '533db2&ECAPRO&status&ERROR&8&1&32&0&0&0&0&0&0&0&0&0&0\n', 1, 1430958979, 1),
(962, 13, '533db2&ECAPRO&status&ERROR&8&1&32&0&0&0&0&0&0&0&0&0&0\n', 1, 1430958989, 1),
(963, 13, '533db2&ECAPRO&status&ERROR&8&1&32&0&0&0&0&0&0&0&0&0&0\n', 1, 1430958999, 1),
(964, 13, '533db2&ECAPRO&status&ERROR&8&1&32&0&0&0&0&0&0&0&0&0&0\n', 1, 1430959009, 1),
(965, 13, '533db2&ECAPRO&status&ERROR&8&1&32&0&0&0&0&0&0&0&0&0&0\n', 1, 1430959019, 1),
(966, 13, '533db2&ECAPRO&status&ERROR&8&1&32&0&0&0&0&0&0&0&0&0&0\n', 1, 1430959029, 1),
(967, 13, '533db2&ECAPRO&status&ERROR&8&1&32&0&0&0&0&0&0&0&0&0&0\n', 1, 1430959039, 1),
(968, 13, '533db2&ECAPRO&status&ERROR&8&1&32&0&0&0&0&0&0&0&0&0&0\n', 1, 1430959049, 1),
(969, 13, '533db2&ECAPRO&status&ERROR&8&1&32&0&0&0&0&0&0&0&0&0&0\n', 1, 1430959059, 1),
(970, 13, '533db2&ECAPRO&status&ERROR&8&1&32&0&0&0&0&0&0&0&0&0&0\n', 1, 1430959069, 1),
(971, 13, '533db2&ECAPRO&status&ERROR&8&1&32&0&0&0&0&0&0&0&0&0&0\n', 1, 1430959079, 1),
(972, 13, '533db2&ECAPRO&status&ERROR&8&1&32&0&0&0&0&0&0&0&0&0&0\n', 1, 1430959089, 1),
(973, 13, '533db2&ECAPRO&status&ERROR&8&1&32&0&0&0&0&0&0&0&0&0&0\n', 1, 1430959099, 1),
(974, 13, '533db2&ECAPRO&status&ERROR&8&1&32&0&0&0&0&0&0&0&0&0&0\n', 1, 1430959109, 1),
(975, 13, '533db2&ECAPRO&status&ERROR&8&1&32&0&0&0&0&0&0&0&0&0&0\n', 1, 1430959119, 1),
(976, 13, '533db2&ECAPRO&status&ERROR&8&1&32&0&0&0&0&0&0&0&0&0&0\n', 1, 1430959129, 1),
(977, 13, '533db2&ECAPRO&status&ERROR&8&1&32&0&0&0&0&0&0&0&0&0&0\n', 1, 1430959139, 1),
(978, 13, '533db2&ECAPRO&status&ERROR&8&1&32&0&0&0&0&0&0&0&0&0&0\n', 1, 1430959150, 1),
(979, 13, '533db2&ECAPRO&status&ERROR&8&1&32&0&0&0&0&0&0&0&0&0&0\n', 1, 1430959159, 1),
(980, 13, '533db2&ECAPRO&status&ERROR&8&1&32&0&0&0&0&0&0&0&0&0&0\n', 1, 1430959169, 1),
(981, 13, '533db2&ECAPRO&status&ERROR&8&1&32&0&0&0&0&0&0&0&0&0&0\n', 1, 1430959180, 1),
(982, 13, '533db2&ECAPRO&status&ERROR&8&1&32&0&0&0&0&0&0&0&0&0&0\n', 1, 1430959189, 1),
(983, 13, '533db2&ECAPRO&status&ERROR&8&1&32&0&0&0&0&0&0&0&0&0&0\n', 1, 1430959199, 1),
(984, 13, '533db2&ECAPRO&status&ERROR&8&1&32&0&0&0&0&0&0&0&0&0&0\n', 1, 1430959209, 1),
(985, 13, '533db2&ECAPRO&status&ERROR&8&1&32&0&0&0&0&0&0&0&0&0&0\n', 1, 1430959219, 1),
(986, 13, '533db2&ECAPRO&status&ERROR&8&1&32&0&0&0&0&0&0&0&0&0&0\n', 1, 1430959229, 1),
(987, 13, '533db2&ECAPRO&status&ERROR&8&1&32&0&0&0&0&0&0&0&0&0&0\n', 1, 1430959239, 1),
(988, 13, '533db2&ECAPRO&status&ERROR&8&1&32&0&0&0&0&0&0&0&0&0&0\n', 1, 1430959249, 1),
(989, 13, '533db2&ECAPRO&status&ERROR&8&1&32&0&0&0&0&0&0&0&0&0&0\n', 1, 1430959259, 1),
(990, 13, '533db2&ECAPRO&status&ERROR&8&1&32&0&0&0&0&0&0&0&0&0&0\n', 1, 1430959269, 1),
(991, 13, '533db2&ECAPRO&status&ERROR&8&1&32&0&0&0&0&0&0&0&0&0&0\n', 1, 1430959279, 1),
(992, 13, '533db2&ECAPRO&status&ERROR&8&1&32&0&0&0&0&0&0&0&0&0&0\n', 1, 1430959289, 1),
(993, 13, '533db2&ECAPRO&status&ERROR&8&1&32&0&0&0&0&0&0&0&0&0&0\n', 1, 1430959299, 1),
(994, 13, '533db2&ECAPRO&status&ERROR&8&1&32&0&0&0&0&0&0&0&0&0&0\n', 1, 1430959310, 1),
(995, 13, '533db2&ECAPRO&status&ERROR&8&1&32&0&0&0&0&0&0&0&0&0&0\n', 1, 1430959319, 1),
(996, 13, '533db2&ECAPRO&status&ERROR&8&1&32&0&0&0&0&0&0&0&0&0&0\n', 1, 1430959329, 1),
(997, 13, '533db2&ECAPRO&status&ERROR&8&1&32&0&0&0&0&0&0&0&0&0&0\n', 1, 1430959340, 1),
(998, 13, '533db2&ECAPRO&status&ERROR&8&1&32&0&0&0&0&0&0&0&0&0&0\n', 1, 1430959350, 1),
(999, 13, '533db2&ECAPRO&status&ERROR&8&1&32&0&0&0&0&0&0&0&0&0&0\n', 1, 1430959359, 1),
(1000, 13, '533db2&ECAPRO&status&ERROR&8&1&32&0&0&0&0&0&0&0&0&0&0\n', 1, 1430959369, 1),
(1001, 13, '533db2&ECAPRO&status&ERROR&8&1&32&0&0&0&0&0&0&0&0&0&0\n', 1, 1430959380, 1),
(1002, 13, '533db2&ECAPRO&status&ERROR&8&1&32&0&0&0&0&0&0&0&0&0&0\n', 1, 1430959390, 1),
(1003, 13, '533db2&ECAPRO&status&ERROR&8&1&32&0&0&0&0&0&0&0&0&0&0\n', 1, 1430959400, 1),
(1004, 13, '533db2&ECAPRO&status&ERROR&8&1&32&0&0&0&0&0&0&0&0&0&0\n', 1, 1430959409, 1),
(1005, 13, '533db2&ECAPRO&status&ERROR&8&1&32&0&0&0&0&0&0&0&0&0&0\n', 1, 1430959419, 1),
(1006, 13, '533db2&ECAPRO&status&ERROR&8&1&32&0&0&0&0&0&0&0&0&0&0\n', 1, 1430959430, 1),
(1007, 13, '533db2&ECAPRO&status&ERROR&8&1&32&0&0&0&0&0&0&0&0&0&0\n', 1, 1430959440, 1),
(1008, 13, '533db2&ECAPRO&status&ERROR&8&1&32&0&0&0&0&0&0&0&0&0&0\n', 1, 1430959449, 1),
(1009, 13, '533db2&ECAPRO&status&ERROR&8&1&32&0&0&0&0&0&0&0&0&0&0\n', 1, 1430959459, 1),
(1010, 13, '533db2&ECAPRO&status&ERROR&8&1&32&0&0&0&0&0&0&0&0&0&0\n', 1, 1430959470, 1),
(1011, 13, '533db2&ECAPRO&status&ERROR&8&1&32&0&0&0&0&0&0&0&0&0&0\n', 1, 1430959480, 1),
(1012, 13, '533db2&ECAPRO&status&ERROR&8&1&32&0&0&0&0&0&0&0&0&0&0\n', 1, 1430959489, 1),
(1013, 13, '533db2&ECAPRO&status&ERROR&8&1&32&0&0&0&0&0&0&0&0&0&0\n', 1, 1430959499, 1),
(1014, 13, '533db2&ECAPRO&status&ERROR&8&1&32&0&0&0&0&0&0&0&0&0&0\n', 1, 1430959510, 1),
(1015, 13, '533db2&ECAPRO&status&ERROR&8&1&32&0&0&0&0&0&0&0&0&0&0\n', 1, 1430959520, 1),
(1016, 13, '533db2&ECAPRO&status&ERROR&8&1&32&0&0&0&0&0&0&0&0&0&0\n', 1, 1430959529, 1),
(1017, 13, '533db2&ECAPRO&status&ERROR&8&1&32&0&0&0&0&0&0&0&0&0&0\n', 1, 1430959539, 1),
(1018, 13, '533db2&ECAPRO&status&ERROR&8&1&32&0&0&0&0&0&0&0&0&0&0\n', 1, 1430959550, 1),
(1019, 13, '533db2&ECAPRO&status&ERROR&8&1&32&0&0&0&0&0&0&0&0&0&0\n', 1, 1430959560, 1),
(1020, 13, '533db2&ECAPRO&status&ERROR&8&1&32&0&0&0&0&0&0&0&0&0&0\n', 1, 1430959569, 1),
(1021, 13, '533db2&ECAPRO&status&ERROR&8&1&32&0&0&0&0&0&0&0&0&0&0\n', 1, 1430959579, 1),
(1022, 13, '533db2&ECAPRO&status&ERROR&8&1&32&0&0&0&0&0&0&0&0&0&0\n', 1, 1430959590, 1),
(1023, 13, '533db2&ECAPRO&status&ERROR&8&1&32&0&0&0&0&0&0&0&0&0&0\n', 1, 1430959600, 1),
(1024, 13, '533db2&ECAPRO&status&ERROR&8&1&32&0&0&0&0&0&0&0&0&0&0\n', 1, 1430959609, 1),
(1025, 13, '533db2&ECAPRO&status&ERROR&8&1&32&0&0&0&0&0&0&0&0&0&0\n', 1, 1430959620, 1),
(1026, 13, '533db2&ECAPRO&status&ERROR&8&1&32&0&0&0&0&0&0&0&0&0&0\n', 1, 1430959630, 1),
(1027, 13, '533db2&ECAPRO&status&ERROR&8&1&32&0&0&0&0&0&0&0&0&0&0\n', 1, 1430959640, 1),
(1028, 13, '533db2&ECAPRO&status&ERROR&8&1&32&0&0&0&0&0&0&0&0&0&0\n', 1, 1430959650, 1),
(1029, 13, '533db2&ECAPRO&status&ERROR&8&1&32&0&0&0&0&0&0&0&0&0&0\n', 1, 1430959659, 1),
(1030, 13, '533db2&ECAPRO&status&ERROR&8&1&32&0&0&0&0&0&0&0&0&0&0\n', 1, 1430959670, 1),
(1031, 13, '533db2&ECAPRO&status&ERROR&8&1&32&0&0&0&0&0&0&0&0&0&0\n', 1, 1430959680, 1),
(1032, 13, '533db2&ECAPRO&status&ERROR&8&1&32&0&0&0&0&0&0&0&0&0&0\n', 1, 1430959690, 1),
(1033, 13, '533db2&ECAPRO&status&ERROR&8&1&32&0&0&0&0&0&0&0&0&0&0\n', 1, 1430959700, 1),
(1034, 13, '533db2&ECAPRO&status&ERROR&8&1&32&0&0&0&0&0&0&0&0&0&0\n', 1, 1430959710, 1),
(1035, 13, '533db2&ECAPRO&status&ERROR&8&1&32&0&0&0&0&0&0&0&0&0&0\n', 1, 1430959720, 1),
(1036, 13, '533db2&ECAPRO&status&ERROR&8&1&32&0&0&0&0&0&0&0&0&0&0\n', 1, 1430959730, 1),
(1037, 13, '533db2&ECAPRO&status&ERROR&8&1&32&0&0&0&0&0&0&0&0&0&0\n', 1, 1430959740, 1),
(1038, 13, '533db2&ECAPRO&status&DISARM&0&0&0&0&0&0&0&0&0&0&0&0&0\n', 1, 1430959747, 1),
(1039, 13, '533db2&ECAPRO&status&ERROR&8&1&32&0&0&0&0&0&0&0&0&0&0\n', 1, 1430959750, 1),
(1040, 13, '533db2&ECAPRO&status&ERROR&0&0&0&0&0&0&0&0&0&0&0&0&0\n', 1, 1430959757, 1),
(1041, 13, '533db2&ECAPRO&status&ERROR&8&1&32&0&0&0&0&0&0&0&0&0&0\n', 1, 1430959760, 1),
(1042, 13, '533db2&ECAPRO&status&ERROR&0&0&0&0&0&0&0&0&0&0&0&0&0\n', 1, 1430959767, 1),
(1043, 13, '533db2&ECAPRO&status&ERROR&8&1&32&0&0&0&0&0&0&0&0&0&0\n', 1, 1430959770, 1),
(1044, 13, '533db2&ECAPRO&status&ERROR&0&0&0&0&0&0&0&0&0&0&0&0&0\n', 1, 1430959777, 1),
(1045, 13, '533db2&ECAPRO&status&ERROR&8&1&32&0&0&0&0&0&0&0&0&0&0\n', 1, 1430959780, 1),
(1046, 13, '533db2&ECAPRO&status&ERROR&0&0&0&0&0&0&0&0&0&0&0&0&0\n', 1, 1430959787, 1),
(1047, 13, '533db2&ECAPRO&status&ERROR&8&1&32&0&0&0&0&0&0&0&0&0&0\n', 1, 1430959790, 1),
(1048, 13, '533db2&ECAPRO&status&ERROR&8&1&32&0&0&0&0&0&0&0&0&0&0\n', 1, 1430959800, 1),
(1049, 13, '533db2&ECAPRO&status&ERROR&8&1&32&0&0&0&0&0&0&0&0&0&0\n', 1, 1430959811, 1),
(1050, 13, '533db2&ECAPRO&status&ERROR&8&1&32&0&0&0&0&0&0&0&0&0&0\n', 1, 1430959820, 1),
(1051, 13, '533db2&ECAPRO&status&ERROR&8&1&32&0&0&0&0&0&0&0&0&0&0\n', 1, 1430959830, 1),
(1052, 13, '533db2&ECAPRO&status&ERROR&8&1&32&0&0&0&0&0&0&0&0&0&0\n', 1, 1430959840, 1),
(1053, 13, '533db2&ECAPRO&status&ERROR&8&1&32&0&0&0&0&0&0&0&0&0&0\n', 1, 1430959850, 1),
(1054, 13, '533db2&ECAPRO&status&ERROR&8&1&32&0&0&0&0&0&0&0&0&0&0\n', 1, 1430959860, 1),
(1055, 13, '533db2&ECAPRO&status&ERROR&8&1&32&0&0&0&0&0&0&0&0&0&0\n', 1, 1430959870, 1),
(1056, 13, '533db2&ECAPRO&status&ERROR&8&1&32&0&0&0&0&0&0&0&0&0&0\n', 1, 1430959880, 1),
(1057, 13, '533db2&ECAPRO&status&ERROR&8&1&32&0&0&0&0&0&0&0&0&0&0\n', 1, 1430959890, 1),
(1058, 13, '533db2&ECAPRO&status&ERROR&8&1&32&0&0&0&0&0&0&0&0&0&0\n', 1, 1430959900, 1),
(1059, 13, '533db2&ECAPRO&status&ERROR&8&1&32&0&0&0&0&0&0&0&0&0&0\n', 1, 1430959911, 1),
(1060, 13, '533db2&ECAPRO&status&ERROR&8&1&32&0&0&0&0&0&0&0&0&0&0\n', 1, 1430959920, 1),
(1061, 13, '533db2&ECAPRO&status&ERROR&8&1&32&0&0&0&0&0&0&0&0&0&0\n', 1, 1430959930, 1),
(1062, 13, '533db2&ECAPRO&status&ERROR&8&1&32&0&0&0&0&0&0&0&0&0&0\n', 1, 1430959940, 1),
(1063, 13, '533db2&ECAPRO&status&ERROR&8&1&32&0&0&0&0&0&0&0&0&0&0\n', 1, 1430959950, 1),
(1064, 13, '533db2&ECAPRO&status&ERROR&8&1&32&0&0&0&0&0&0&0&0&0&0\n', 1, 1430959960, 1),
(1065, 13, '533db2&ECAPRO&status&ERROR&8&1&32&0&0&0&0&0&0&0&0&0&0\n', 1, 1430959970, 1),
(1066, 13, '533db2&ECAPRO&status&ERROR&8&1&32&0&0&0&0&0&0&0&0&0&0\n', 1, 1430959980, 1),
(1067, 13, '533db2&ECAPRO&status&ERROR&8&1&32&0&0&0&0&0&0&0&0&0&0\n', 1, 1430959991, 1),
(1068, 13, '533db2&ECAPRO&status&ERROR&8&1&32&0&0&0&0&0&0&0&0&0&0\n', 1, 1430960001, 1),
(1069, 13, '533db2&ECAPRO&status&ERROR&8&1&32&0&0&0&0&0&0&0&0&0&0\n', 1, 1430960011, 1),
(1070, 13, '533db2&ECAPRO&status&ERROR&8&1&32&0&0&0&0&0&0&0&0&0&0\n', 1, 1430960020, 1),
(1071, 13, '533db2&ECAPRO&status&ERROR&8&1&32&0&0&0&0&0&0&0&0&0&0\n', 1, 1430960031, 1),
(1072, 13, '533db2&ECAPRO&status&ERROR&8&1&32&0&0&0&0&0&0&0&0&0&0\n', 1, 1430960041, 1),
(1073, 13, '533db2&ECAPRO&status&ERROR&8&1&32&0&0&0&0&0&0&0&0&0&0\n', 1, 1430960050, 1),
(1074, 13, '533db2&ECAPRO&status&ERROR&8&1&32&0&0&0&0&0&0&0&0&0&0\n', 1, 1430960060, 1),
(1075, 13, '533db2&ECAPRO&status&ERROR&8&1&32&0&0&0&0&0&0&0&0&0&0\n', 1, 1430960070, 1),
(1076, 13, '533db2&ECAPRO&status&ERROR&8&1&32&0&0&0&0&0&0&0&0&0&0\n', 1, 1430960081, 1),
(1077, 13, '533db2&ECAPRO&status&ERROR&8&1&32&0&0&0&0&0&0&0&0&0&0\n', 1, 1430960091, 1),
(1078, 13, '533db2&ECAPRO&status&ERROR&8&1&32&0&0&0&0&0&0&0&0&0&0\n', 1, 1430960100, 1),
(1079, 13, '533db2&ECAPRO&status&ERROR&8&1&32&0&0&0&0&0&0&0&0&0&0\n', 1, 1430960110, 1),
(1080, 13, '533db2&ECAPRO&status&ERROR&8&1&32&0&0&0&0&0&0&0&0&0&0\n', 1, 1430960121, 1),
(1081, 13, '533db2&ECAPRO&status&ERROR&8&1&32&0&0&0&0&0&0&0&0&0&0\n', 1, 1430960131, 1),
(1082, 13, '533db2&ECAPRO&status&ERROR&8&1&32&0&0&0&0&0&0&0&0&0&0\n', 1, 1430960140, 1),
(1083, 13, '533db2&ECAPRO&status&ERROR&8&1&32&0&0&0&0&0&0&0&0&0&0\n', 1, 1430960150, 1),
(1084, 13, '533db2&ECAPRO&status&ERROR&8&1&32&0&0&0&0&0&0&0&0&0&0\n', 1, 1430960160, 1),
(1085, 13, '533db2&ECAPRO&status&ERROR&8&1&32&0&0&0&0&0&0&0&0&0&0\n', 1, 1430960171, 1),
(1086, 13, '533db2&ECAPRO&status&ERROR&8&1&32&0&0&0&0&0&0&0&0&0&0\n', 1, 1430960181, 1),
(1087, 13, '533db2&ECAPRO&status&DISARM&0&0&0&0&0&0&0&0&0&0&0&0&0\n', 1, 1430960186, 1),
(1088, 13, '533db2&ECAPRO&status&ERROR&8&1&32&0&0&0&0&0&0&0&0&0&0\n', 1, 1430960191, 1),
(1089, 13, '533db2&ECAPRO&status&OK&0&0&0&0&0&0&0&0&0&0&0&0&0\n', 1, 1430960196, 1),
(1090, 13, '533db2&ECAPRO&status&ERROR&8&1&32&0&0&0&0&0&0&0&0&0&0\n', 1, 1430960200, 1),
(1091, 13, '533db2&ECAPRO&status&OK&0&0&0&0&0&0&0&0&0&0&0&0&0\n', 1, 1430960207, 1),
(1092, 13, '533db2&ECAPRO&status&ERROR&8&1&32&0&0&0&0&0&0&0&0&0&0\n', 1, 1430960211, 1),
(1093, 13, '533db2&ECAPRO&status&OK&0&0&0&0&0&0&0&0&0&0&0&0&0\n', 1, 1430960217, 1),
(1094, 13, '533db2&ECAPRO&status&ERROR&8&1&32&0&0&0&0&0&0&0&0&0&0\n', 1, 1430960221, 1),
(1095, 13, '533db2&ECAPRO&status&OK&0&0&0&0&0&0&0&0&0&0&0&0&0\n', 1, 1430960226, 1),
(1096, 13, '533db2&ECAPRO&status&ERROR&8&1&32&0&0&0&0&0&0&0&0&0&0\n', 1, 1430960230, 1),
(1097, 13, '533db2&ECAPRO&status&OK&0&0&0&0&0&0&0&0&0&0&0&0&0\n', 1, 1430960237, 1),
(1098, 13, '533db2&ECAPRO&status&ERROR&8&1&32&0&0&0&0&0&0&0&0&0&0\n', 1, 1430960241, 1),
(1099, 13, '533db2&ECAPRO&status&OK&0&0&0&0&0&0&0&0&0&0&0&0&0\n', 1, 1430960246, 1),
(1100, 13, '533db2&ECAPRO&status&ERROR&8&1&32&0&0&0&0&0&0&0&0&0&0\n', 1, 1430960251, 1),
(1101, 13, '533db2&ECAPRO&status&OK&0&0&0&0&0&0&0&0&0&0&0&0&0\n', 1, 1430960256, 1),
(1102, 13, '533db2&ECAPRO&status&ERROR&8&1&32&0&0&0&0&0&0&0&0&0&0\n', 1, 1430960261, 1),
(1103, 13, '533db2&ECAPRO&status&OK&0&0&0&0&0&0&0&0&0&0&0&0&0\n', 1, 1430960266, 1),
(1104, 13, '533db2&ECAPRO&status&ERROR&8&1&32&0&0&0&0&0&0&0&0&0&0\n', 1, 1430960271, 1),
(1105, 13, '533db2&ECAPRO&status&OK&0&0&0&0&0&0&0&0&0&0&0&0&0\n', 1, 1430960277, 1),
(1106, 13, '533db2&ECAPRO&status&ERROR&8&1&32&0&0&0&0&0&0&0&0&0&0\n', 1, 1430960281, 1),
(1107, 13, '533db2&ECAPRO&status&OK&0&0&0&0&0&0&0&0&0&0&0&0&0\n', 1, 1430960287, 1),
(1108, 13, '533db2&ECAPRO&status&ERROR&8&1&32&0&0&0&0&0&0&0&0&0&0\n', 1, 1430960291, 1),
(1109, 13, '533db2&ECAPRO&status&OK&0&0&0&0&0&0&0&0&0&0&0&0&0\n', 1, 1430960297, 1),
(1110, 13, '533db2&ECAPRO&status&ERROR&8&1&32&0&0&0&0&0&0&0&0&0&0\n', 1, 1430960301, 1),
(1111, 13, '533db2&ECAPRO&status&OK&0&0&0&0&0&0&0&0&0&0&0&0&0\n', 1, 1430960306, 1),
(1112, 13, '533db2&ECAPRO&status&ERROR&8&1&32&0&0&0&0&0&0&0&0&0&0\n', 1, 1430960311, 1),
(1113, 13, '533db2&ECAPRO&status&OK&0&0&0&0&0&0&0&0&0&0&0&0&0\n', 1, 1430960316, 1),
(1114, 13, '533db2&ECAPRO&status&ERROR&8&1&32&0&0&0&0&0&0&0&0&0&0\n', 1, 1430960322, 1),
(1115, 13, '533db2&ECAPRO&status&OK&0&0&0&0&0&0&0&0&0&0&0&0&0\n', 1, 1430960327, 1),
(1116, 13, '533db2&ECAPRO&status&ERROR&8&1&32&0&0&0&0&0&0&0&0&0&0\n', 1, 1430960332, 1),
(1117, 13, '533db2&ECAPRO&status&OK&0&0&0&0&0&0&0&0&0&0&0&0&0\n', 1, 1430960336, 1),
(1118, 13, '533db2&ECAPRO&status&ERROR&8&1&32&0&0&0&0&0&0&0&0&0&0\n', 1, 1430960341, 1),
(1119, 13, '533db2&ECAPRO&status&OK&0&0&0&0&0&0&0&0&0&0&0&0&0\n', 1, 1430960346, 1),
(1120, 13, '533db2&ECAPRO&status&ERROR&8&1&32&0&0&0&0&0&0&0&0&0&0\n', 1, 1430960351, 1),
(1121, 13, '533db2&ECAPRO&status&OK&0&0&0&0&0&0&0&0&0&0&0&0&0\n', 1, 1430960357, 1),
(1122, 13, '533db2&ECAPRO&status&ERROR&8&1&32&0&0&0&0&0&0&0&0&0&0\n', 1, 1430960361, 1),
(1123, 13, '533db2&ECAPRO&status&OK&0&0&0&0&0&0&0&0&0&0&0&0&0\n', 1, 1430960367, 1);
INSERT INTO `station_status` (`id`, `station_id`, `request_string`, `received`, `time_update`, `status`) VALUES
(1124, 13, '533db2&ECAPRO&status&ERROR&8&1&32&0&0&0&0&0&0&0&0&0&0\n', 1, 1430960371, 1),
(1125, 13, '533db2&ECAPRO&status&OK&0&0&0&0&0&0&0&0&0&0&0&0&0\n', 1, 1430960376, 1),
(1126, 13, '533db2&ECAPRO&status&ERROR&8&1&32&0&0&0&0&0&0&0&0&0&0\n', 1, 1430960381, 1),
(1127, 13, '533db2&ECAPRO&status&OK&0&0&0&0&0&0&0&0&0&0&0&0&0\n', 1, 1430960386, 1),
(1128, 13, '533db2&ECAPRO&status&ERROR&8&1&32&0&0&0&0&0&0&0&0&0&0\n', 1, 1430960391, 1),
(1129, 13, '533db2&ECAPRO&status&ERROR&8&1&32&0&0&0&0&0&0&0&0&0&0\n', 1, 1430960401, 1),
(1130, 13, '533db2&ECAPRO&status&ERROR&8&1&32&0&0&0&0&0&0&0&0&0&0\n', 1, 1430960411, 1),
(1131, 13, '533db2&ECAPRO&status&ERROR&8&1&32&0&0&0&0&0&0&0&0&0&0\n', 1, 1430960421, 1),
(1132, 13, '533db2&ECAPRO&status&ERROR&8&1&32&0&0&0&0&0&0&0&0&0&0\n', 1, 1430960431, 1),
(1133, 13, '533db2&ECAPRO&status&ERROR&8&1&32&0&0&0&0&0&0&0&0&0&0\n', 1, 1430960441, 1),
(1134, 13, '533db2&ECAPRO&status&ERROR&8&1&32&0&0&0&0&0&0&0&0&0&0\n', 1, 1430960451, 1),
(1135, 13, '533db2&ECAPRO&status&ERROR&8&1&32&0&0&0&0&0&0&0&0&0&0\n', 1, 1430960461, 1),
(1136, 13, '533db2&ECAPRO&status&ERROR&8&1&32&0&0&0&0&0&0&0&0&0&0\n', 1, 1430960472, 1),
(1137, 13, '533db2&ECAPRO&status&ERROR&8&1&32&0&0&0&0&0&0&0&0&0&0\n', 1, 1430960482, 1),
(1138, 13, '533db2&ECAPRO&status&ERROR&8&1&32&0&0&0&0&0&0&0&0&0&0\n', 1, 1430960491, 1),
(1139, 13, '533db2&ECAPRO&status&ERROR&8&1&32&0&0&0&0&0&0&0&0&0&0\n', 1, 1430960501, 1),
(1140, 13, '533db2&ECAPRO&status&ERROR&8&1&32&0&0&0&0&0&0&0&0&0&0\n', 1, 1430960511, 1),
(1141, 13, '533db2&ECAPRO&status&ERROR&8&1&32&0&0&0&0&0&0&0&0&0&0\n', 1, 1430960521, 1),
(1142, 13, '533db2&ECAPRO&status&ERROR&8&1&32&0&0&0&0&0&0&0&0&0&0\n', 1, 1430960531, 1),
(1143, 13, '533db2&ECAPRO&status&ERROR&8&1&32&0&0&0&0&0&0&0&0&0&0\n', 1, 1430960541, 1),
(1144, 13, '533db2&ECAPRO&status&ERROR&8&1&32&0&0&0&0&0&0&0&0&0&0\n', 1, 1430960551, 1),
(1145, 13, '533db2&ECAPRO&status&DISARM&0&0&0&0&0&0&0&0&0&0&0&0&0\n', 1, 1430960555, 1),
(1146, 13, '533db2&ECAPRO&status&ERROR&8&1&32&0&0&0&0&0&0&0&0&0&0\n', 1, 1430960562, 1),
(1147, 13, '533db2&ECAPRO&status&OK&0&0&0&0&0&0&0&0&0&0&0&0&0\n', 1, 1430960565, 1),
(1148, 13, '533db2&ECAPRO&status&ERROR&8&1&32&0&0&0&0&0&0&0&0&0&0\n', 1, 1430960571, 1),
(1149, 13, '533db2&ECAPRO&status&OK&0&0&0&0&0&0&0&0&0&0&0&0&0\n', 1, 1430960575, 1),
(1150, 13, '533db2&ECAPRO&status&ERROR&8&1&32&0&0&0&0&0&0&0&0&0&0\n', 1, 1430960581, 1),
(1151, 13, '533db2&ECAPRO&status&OK&0&0&0&0&0&0&0&0&0&0&0&0&0\n', 1, 1430960586, 1),
(1152, 13, '533db2&ECAPRO&status&ERROR&8&1&32&0&0&0&0&0&0&0&0&0&0\n', 1, 1430960591, 1),
(1153, 13, '533db2&ECAPRO&status&OK&0&0&0&0&0&0&0&0&0&0&0&0&0\n', 1, 1430960596, 1),
(1154, 13, '533db2&ECAPRO&status&ERROR&8&1&32&0&0&0&0&0&0&0&0&0&0\n', 1, 1430960601, 1),
(1155, 13, '533db2&ECAPRO&status&OK&0&0&0&0&0&0&0&0&0&0&0&0&0\n', 1, 1430960605, 1),
(1156, 13, '533db2&ECAPRO&status&ERROR&8&1&32&0&0&0&0&0&0&0&0&0&0\n', 1, 1430960611, 1),
(1157, 13, '533db2&ECAPRO&status&OK&0&0&0&0&0&0&0&0&0&0&0&0&0\n', 1, 1430960615, 1),
(1158, 13, '533db2&ECAPRO&status&ERROR&8&1&32&0&0&0&0&0&0&0&0&0&0\n', 1, 1430960622, 1),
(1159, 13, '533db2&ECAPRO&status&OK&0&0&0&0&0&0&0&0&0&0&0&0&0\n', 1, 1430960625, 1),
(1160, 13, '533db2&ECAPRO&status&ERROR&8&1&32&0&0&0&0&0&0&0&0&0&0\n', 1, 1430960632, 1),
(1161, 13, '533db2&ECAPRO&status&ERROR&8&1&32&0&0&0&0&0&0&0&0&0&0\n', 1, 1430960641, 1),
(1162, 13, '533db2&ECAPRO&status&DISARM&0&0&0&0&0&0&0&0&0&0&0&0&0\n', 1, 1430960643, 1),
(1163, 13, '533db2&ECAPRO&status&ERROR&8&1&32&0&0&0&0&0&0&0&0&0&0\n', 1, 1430960651, 1),
(1164, 13, '533db2&ECAPRO&status&ERROR&8&1&32&0&0&0&0&0&0&0&0&0&0\n', 1, 1430960662, 1),
(1165, 13, '533db2&ECAPRO&status&ERROR&8&1&32&0&0&0&0&0&0&0&0&0&0\n', 1, 1430960672, 1),
(1166, 13, '533db2&ECAPRO&status&ERROR&8&1&32&0&0&0&0&0&0&0&0&0&0\n', 1, 1430960681, 1),
(1167, 13, '533db2&ECAPRO&status&ERROR&8&1&32&0&0&0&0&0&0&0&0&0&0\n', 1, 1430960691, 1),
(1168, 13, '533db2&ECAPRO&status&ERROR&8&1&32&0&0&0&0&0&0&0&0&0&0\n', 1, 1430960701, 1),
(1169, 13, '533db2&ECAPRO&status&ERROR&8&1&32&0&0&0&0&0&0&0&0&0&0\n', 1, 1430960711, 1),
(1170, 13, '533db2&ECAPRO&status&ERROR&8&1&32&0&0&0&0&0&0&0&0&0&0\n', 1, 1430960722, 1),
(1171, 13, '533db2&ECAPRO&status&ERROR&8&1&32&0&0&0&0&0&0&0&0&0&0\n', 1, 1430960732, 1),
(1172, 13, '533db2&ECAPRO&status&DISARM&8&2&32&0&0&0&0&0&0&0&0&0&0\n', 1, 1430960734, 1),
(1173, 13, '533db2&ECAPRO&status&ERROR&8&1&32&0&0&0&0&0&0&0&0&0&0\n', 1, 1430960741, 1),
(1174, 13, '533db2&ECAPRO&status&ERROR&8&1&32&0&0&0&0&0&0&0&0&0&0\n', 1, 1430960751, 1),
(1175, 13, '533db2&ECAPRO&status&ERROR&8&1&32&0&0&0&0&0&0&0&0&0&0\n', 1, 1430960761, 1),
(1176, 13, '533db2&ECAPRO&status&ERROR&8&1&32&0&0&0&0&0&0&0&0&0&0\n', 1, 1430960772, 1),
(1177, 13, '533db2&ECAPRO&status&ERROR&8&1&32&0&0&0&0&0&0&0&0&0&0\n', 1, 1430960782, 1),
(1178, 13, '533db2&ECAPRO&status&ERROR&8&1&32&0&0&0&0&0&0&0&0&0&0\n', 1, 1430960791, 1),
(1179, 13, '533db2&ECAPRO&status&DISARM&0&0&0&0&0&0&0&0&0&0&0&0&0\n', 1, 1430960794, 1),
(1180, 13, '533db2&ECAPRO&status&ERROR&8&1&32&0&0&0&0&0&0&0&0&0&0\n', 1, 1430960801, 1),
(1181, 13, '533db2&ECAPRO&status&ERROR&8&1&32&0&0&0&0&0&0&0&0&0&0\n', 1, 1430960811, 1),
(1182, 13, '533db2&ECAPRO&status&ERROR&8&1&32&0&0&0&0&0&0&0&0&0&0\n', 1, 1430960822, 1),
(1183, 13, '533db2&ECAPRO&status&ERROR&8&1&32&0&0&0&0&0&0&0&0&0&0\n', 1, 1430960832, 1),
(1184, 13, '533db2&ECAPRO&status&ERROR&8&1&32&0&0&0&0&0&0&0&0&0&0\n', 1, 1430960841, 1),
(1185, 13, '533db2&ECAPRO&status&DISARM&8&2&32&0&0&0&0&0&0&0&0&0&0\n', 1, 1430960844, 1),
(1186, 13, '533db2&ECAPRO&status&ERROR&8&1&32&0&0&0&0&0&0&0&0&0&0\n', 1, 1430960851, 1),
(1187, 13, '533db2&ECAPRO&status&ERROR&8&1&32&0&0&0&0&0&0&0&0&0&0\n', 1, 1430960862, 1),
(1188, 13, '533db2&ECAPRO&status&ERROR&8&1&32&0&0&0&0&0&0&0&0&0&0\n', 1, 1430960872, 1),
(1189, 13, '533db2&ECAPRO&status&ERROR&8&1&32&0&0&0&0&0&0&0&0&0&0\n', 1, 1430960882, 1),
(1190, 13, '533db2&ECAPRO&status&ERROR&8&1&32&0&0&0&0&0&0&0&0&0&0\n', 1, 1430960892, 1),
(1191, 13, '533db2&ECAPRO&status&DISARM&8&2&32&0&0&0&0&0&0&0&0&0&0\n', 1, 1430960895, 1),
(1192, 13, '533db2&ECAPRO&status&ERROR&8&1&32&0&0&0&0&0&0&0&0&0&0\n', 1, 1430960902, 1),
(1193, 13, '533db2&ECAPRO&status&ERROR&8&1&32&0&0&0&0&0&0&0&0&0&0\n', 1, 1430960911, 1),
(1194, 13, '533db2&ECAPRO&status&ERROR&8&1&32&0&0&0&0&0&0&0&0&0&0\n', 1, 1430960922, 1),
(1195, 13, '533db2&ECAPRO&status&ERROR&8&1&32&0&0&0&0&0&0&0&0&0&0\n', 1, 1430960932, 1),
(1196, 13, '533db2&ECAPRO&status&ERROR&8&1&32&0&0&0&0&0&0&0&0&0&0\n', 1, 1430960943, 1),
(1197, 13, '533db2&ECAPRO&status&DISARM&8&2&32&0&0&0&0&0&0&0&0&0&0\n', 1, 1430960946, 1),
(1198, 13, '533db2&ECAPRO&status&ERROR&8&1&32&0&0&0&0&0&0&0&0&0&0\n', 1, 1430960951, 1),
(1199, 13, '533db2&ECAPRO&status&ERROR&8&1&32&0&0&0&0&0&0&0&0&0&0\n', 1, 1430960961, 1),
(1200, 13, '533db2&ECAPRO&status&ERROR&8&1&32&0&0&0&0&0&0&0&0&0&0\n', 1, 1430960972, 1),
(1201, 13, '533db2&ECAPRO&status&ERROR&8&1&32&0&0&0&0&0&0&0&0&0&0\n', 1, 1430960982, 1),
(1202, 13, '533db2&ECAPRO&status&ERROR&8&1&32&0&0&0&0&0&0&0&0&0&0\n', 1, 1430960991, 1),
(1203, 13, '533db2&ECAPRO&status&ERROR&8&1&32&0&0&0&0&0&0&0&0&0&0\n', 1, 1430961002, 1),
(1204, 13, '533db2&ECAPRO&status&ERROR&8&1&32&0&0&0&0&0&0&0&0&0&0\n', 1, 1430961012, 1),
(1205, 13, '533db2&ECAPRO&status&ERROR&8&1&32&0&0&0&0&0&0&0&0&0&0\n', 1, 1430961022, 1),
(1206, 13, '533db2&ECAPRO&status&ERROR&8&1&32&0&0&0&0&0&0&0&0&0&0\n', 1, 1430961032, 1),
(1207, 13, '533db2&ECAPRO&status&DISARM&8&2&32&0&0&0&0&0&0&0&0&0&0\n', 1, 1430961038, 1),
(1208, 13, '533db2&ECAPRO&status&ERROR&8&1&32&0&0&0&0&0&0&0&0&0&0\n', 1, 1430961042, 1),
(1209, 13, '533db2&ECAPRO&status&ERROR&8&1&32&0&0&0&0&0&0&0&0&0&0\n', 1, 1430961052, 1),
(1210, 13, '533db2&ECAPRO&status&ERROR&8&1&32&0&0&0&0&0&0&0&0&0&0\n', 1, 1430961062, 1),
(1211, 13, '533db2&ECAPRO&status&ERROR&8&1&32&0&0&0&0&0&0&0&0&0&0\n', 1, 1430961072, 1),
(1212, 13, '533db2&ECAPRO&status&ERROR&8&1&32&0&0&0&0&0&0&0&0&0&0\n', 1, 1430961083, 1),
(1213, 13, '533db2&ECAPRO&status&DISARM&8&2&32&0&0&0&0&0&0&0&0&0&0\n', 1, 1430961088, 1),
(1214, 13, '533db2&ECAPRO&status&ERROR&8&1&32&0&0&0&0&0&0&0&0&0&0\n', 1, 1430961092, 1),
(1215, 13, '533db2&ECAPRO&status&ERROR&8&1&32&0&0&0&0&0&0&0&0&0&0\n', 1, 1430961102, 1),
(1216, 13, '533db2&ECAPRO&status&ERROR&8&1&32&0&0&0&0&0&0&0&0&0&0\n', 1, 1430961112, 1),
(1217, 13, '533db2&ECAPRO&status&ERROR&8&1&32&0&0&0&0&0&0&0&0&0&0\n', 1, 1430961122, 1),
(1218, 13, '533db2&ECAPRO&status&ERROR&8&1&32&0&0&0&0&0&0&0&0&0&0\n', 1, 1430961132, 1),
(1219, 13, '533db2&ECAPRO&status&DISARM&8&2&32&0&0&0&0&0&0&0&0&0&0\n', 1, 1430961139, 1),
(1220, 13, '533db2&ECAPRO&status&ERROR&8&1&32&0&0&0&0&0&0&0&0&0&0\n', 1, 1430961142, 1),
(1221, 13, '533db2&ECAPRO&status&ERROR&8&1&32&0&0&0&0&0&0&0&0&0&0\n', 1, 1430961152, 1),
(1222, 13, '533db2&ECAPRO&status&ERROR&8&1&32&0&0&0&0&0&0&0&0&0&0\n', 1, 1430961162, 1),
(1223, 13, '533db2&ECAPRO&status&ERROR&8&1&32&0&0&0&0&0&0&0&0&0&0\n', 1, 1430961172, 1),
(1224, 13, '533db2&ECAPRO&status&ERROR&8&1&32&0&0&0&0&0&0&0&0&0&0\n', 1, 1430961183, 1),
(1225, 13, '533db2&ECAPRO&status&DISARM&8&2&32&0&0&0&0&0&0&0&0&0&0\n', 1, 1430961190, 1),
(1226, 13, '533db2&ECAPRO&status&ERROR&8&1&32&0&0&0&0&0&0&0&0&0&0\n', 1, 1430961192, 1),
(1227, 13, '533db2&ECAPRO&status&ERROR&8&1&32&0&0&0&0&0&0&0&0&0&0\n', 1, 1430961202, 1),
(1228, 13, '533db2&ECAPRO&status&ERROR&8&1&32&0&0&0&0&0&0&0&0&0&0\n', 1, 1430961213, 1),
(1229, 13, '533db2&ECAPRO&status&ERROR&8&1&32&0&0&0&0&0&0&0&0&0&0\n', 1, 1430961222, 1),
(1230, 13, '533db2&ECAPRO&status&ERROR&8&1&32&0&0&0&0&0&0&0&0&0&0\n', 1, 1430961232, 1),
(1231, 13, '533db2&ECAPRO&status&ERROR&8&1&32&0&0&0&0&0&0&0&0&0&0\n', 1, 1430961242, 1),
(1232, 13, '533db2&ECAPRO&status&ERROR&8&1&32&0&0&0&0&0&0&0&0&0&0\n', 1, 1430961252, 1),
(1233, 13, '533db2&ECAPRO&status&ERROR&8&1&32&0&0&0&0&0&0&0&0&0&0\n', 1, 1430961262, 1),
(1234, 13, '533db2&ECAPRO&status&ERROR&8&1&32&0&0&0&0&0&0&0&0&0&0\n', 1, 1430961273, 1),
(1235, 13, '533db2&ECAPRO&status&DISARM&8&2&32&0&0&0&0&0&0&0&0&0&0\n', 1, 1430961281, 1),
(1236, 13, '533db2&ECAPRO&status&ERROR&8&1&32&0&0&0&0&0&0&0&0&0&0\n', 1, 1430961283, 1),
(1237, 13, '533db2&ECAPRO&status&ERROR&8&1&32&0&0&0&0&0&0&0&0&0&0\n', 1, 1430961292, 1),
(1238, 13, '533db2&ECAPRO&status&ERROR&8&1&32&0&0&0&0&0&0&0&0&0&0\n', 1, 1430961302, 1),
(1239, 13, '533db2&ECAPRO&status&ERROR&8&1&32&0&0&0&0&0&0&0&0&0&0\n', 1, 1430961313, 1),
(1240, 13, '533db2&ECAPRO&status&ERROR&8&1&32&0&0&0&0&0&0&0&0&0&0\n', 1, 1430961322, 1),
(1241, 13, '533db2&ECAPRO&status&ERROR&8&1&32&0&0&0&0&0&0&0&0&0&0\n', 1, 1430961333, 1),
(1242, 13, '533db2&ECAPRO&status&DISARM&8&2&32&0&0&0&0&0&0&0&0&0&0\n', 1, 1430961334, 1),
(1243, 13, '533db2&ECAPRO&status&ERROR&8&1&32&0&0&0&0&0&0&0&0&0&0\n', 1, 1430961342, 1),
(1244, 13, '533db2&ECAPRO&status&ERROR&8&1&32&0&0&0&0&0&0&0&0&0&0\n', 1, 1430961352, 1),
(1245, 13, '533db2&ECAPRO&status&ERROR&8&1&32&0&0&0&0&0&0&0&0&0&0\n', 1, 1430961362, 1),
(1246, 13, '533db2&ECAPRO&status&ERROR&8&1&32&0&0&0&0&0&0&0&0&0&0\n', 1, 1430961372, 1),
(1247, 13, '533db2&ECAPRO&status&ERROR&8&1&32&0&0&0&0&0&0&0&0&0&0\n', 1, 1430961383, 1),
(1248, 13, '533db2&ECAPRO&status&DISARM&8&2&32&0&0&0&0&0&0&0&0&0&0\n', 1, 1430961385, 1),
(1249, 13, '533db2&ECAPRO&status&ERROR&8&1&32&0&0&0&0&0&0&0&0&0&0\n', 1, 1430961393, 1),
(1250, 13, '533db2&ECAPRO&status&ERROR&8&1&32&0&0&0&0&0&0&0&0&0&0\n', 1, 1430961402, 1),
(1251, 13, '533db2&ECAPRO&status&ERROR&8&1&32&0&0&0&0&0&0&0&0&0&0\n', 1, 1430961412, 1),
(1252, 13, '533db2&ECAPRO&status&ERROR&8&1&32&0&0&0&0&0&0&0&0&0&0\n', 1, 1430961423, 1),
(1253, 13, '533db2&ECAPRO&status&ERROR&8&1&32&0&0&0&0&0&0&0&0&0&0\n', 1, 1430961433, 1),
(1254, 13, '533db2&ECAPRO&status&DISARM&8&2&32&0&0&0&0&0&0&0&0&0&0\n', 1, 1430961436, 1),
(1255, 13, '533db2&ECAPRO&status&ERROR&8&1&32&0&0&0&0&0&0&0&0&0&0\n', 1, 1430961442, 1),
(1256, 13, '533db2&ECAPRO&status&ERROR&8&1&32&0&0&0&0&0&0&0&0&0&0\n', 1, 1430961452, 1),
(1257, 13, '533db2&ECAPRO&status&ERROR&8&1&32&0&0&0&0&0&0&0&0&0&0\n', 1, 1430961463, 1),
(1258, 13, '533db2&ECAPRO&status&ERROR&8&1&32&0&0&0&0&0&0&0&0&0&0\n', 1, 1430961473, 1),
(1259, 13, '533db2&ECAPRO&status&ERROR&8&1&32&0&0&0&0&0&0&0&0&0&0\n', 1, 1430961483, 1),
(1260, 13, '533db2&ECAPRO&status&DISARM&8&2&32&0&0&0&0&0&0&0&0&0&0\n', 1, 1430961486, 1),
(1261, 13, '533db2&ECAPRO&status&ERROR&8&1&32&0&0&0&0&0&0&0&0&0&0\n', 1, 1430961492, 1),
(1262, 13, '533db2&ECAPRO&status&ERROR&8&1&32&0&0&0&0&0&0&0&0&0&0\n', 1, 1430961502, 1),
(1263, 13, '533db2&ECAPRO&status&ERROR&8&1&32&0&0&0&0&0&0&0&0&0&0\n', 1, 1430961513, 1),
(1264, 13, '533db2&ECAPRO&status&ERROR&8&1&32&0&0&0&0&0&0&0&0&0&0\n', 1, 1430961523, 1),
(1265, 13, '533db2&ECAPRO&status&ERROR&8&1&32&0&0&0&0&0&0&0&0&0&0\n', 1, 1430961532, 1),
(1266, 13, '533db2&ECAPRO&status&ERROR&8&1&32&0&0&0&0&0&0&0&0&0&0\n', 1, 1430961542, 1),
(1267, 13, '533db2&ECAPRO&status&ERROR&8&1&32&0&0&0&0&0&0&0&0&0&0\n', 1, 1430961553, 1),
(1268, 13, '533db2&ECAPRO&status&ERROR&8&1&32&0&0&0&0&0&0&0&0&0&0\n', 1, 1430961563, 1),
(1269, 13, '533db2&ECAPRO&status&ERROR&8&1&32&0&0&0&0&0&0&0&0&0&0\n', 1, 1430961572, 1),
(1270, 13, '533db2&ECAPRO&status&DISARM&8&2&32&0&0&0&0&0&0&0&0&0&0\n', 1, 1430961578, 1),
(1271, 13, '533db2&ECAPRO&status&ERROR&8&1&32&0&0&0&0&0&0&0&0&0&0\n', 1, 1430961583, 1),
(1272, 13, '533db2&ECAPRO&status&ERROR&8&1&32&0&0&0&0&0&0&0&0&0&0\n', 1, 1430961593, 1),
(1273, 13, '533db2&ECAPRO&status&ERROR&8&1&32&0&0&0&0&0&0&0&0&0&0\n', 1, 1430961602, 1),
(1274, 13, '533db2&ECAPRO&status&ERROR&8&1&32&0&0&0&0&0&0&0&0&0&0\n', 1, 1430961613, 1),
(1275, 13, '533db2&ECAPRO&status&ERROR&8&1&32&0&0&0&0&0&0&0&0&0&0\n', 1, 1430961623, 1),
(1276, 13, '533db2&ECAPRO&status&DISARM&8&2&32&0&0&0&0&0&0&0&0&0&0\n', 1, 1430961628, 1),
(1277, 13, '533db2&ECAPRO&status&ERROR&8&1&32&0&0&0&0&0&0&0&0&0&0\n', 1, 1430961632, 1),
(1278, 13, '533db2&ECAPRO&status&ERROR&8&1&32&0&0&0&0&0&0&0&0&0&0\n', 1, 1430961642, 1),
(1279, 13, '533db2&ECAPRO&status&ERROR&8&1&32&0&0&0&0&0&0&0&0&0&0\n', 1, 1430961653, 1),
(1280, 13, '533db2&ECAPRO&status&ERROR&8&1&32&0&0&0&0&0&0&0&0&0&0\n', 1, 1430961663, 1),
(1281, 13, '533db2&ECAPRO&status&ERROR&8&1&32&0&0&0&0&0&0&0&0&0&0\n', 1, 1430961672, 1),
(1282, 13, '533db2&ECAPRO&status&DISARM&8&2&32&0&0&0&0&0&0&0&0&0&0\n', 1, 1430961679, 1),
(1283, 13, '533db2&ECAPRO&status&ERROR&8&1&32&0&0&0&0&0&0&0&0&0&0\n', 1, 1430961683, 1),
(1284, 13, '533db2&ECAPRO&status&ERROR&8&1&32&0&0&0&0&0&0&0&0&0&0\n', 1, 1430961693, 1),
(1285, 13, '533db2&ECAPRO&status&ERROR&8&1&32&0&0&0&0&0&0&0&0&0&0\n', 1, 1430961703, 1),
(1286, 13, '533db2&ECAPRO&status&ERROR&8&1&32&0&0&0&0&0&0&0&0&0&0\n', 1, 1430961713, 1),
(1287, 13, '533db2&ECAPRO&status&ERROR&8&1&32&0&0&0&0&0&0&0&0&0&0\n', 1, 1430961723, 1),
(1288, 13, '533db2&ECAPRO&status&DISARM&8&2&32&0&0&0&0&0&0&0&0&0&0\n', 1, 1430961730, 1),
(1289, 13, '533db2&ECAPRO&status&ERROR&8&1&32&0&0&0&0&0&0&0&0&0&0\n', 1, 1430961733, 1),
(1290, 13, '533db2&ECAPRO&status&ERROR&8&1&32&0&0&0&0&0&0&0&0&0&0\n', 1, 1430961743, 1),
(1291, 13, '533db2&ECAPRO&status&ERROR&8&1&32&0&0&0&0&0&0&0&0&0&0\n', 1, 1430961753, 1),
(1292, 13, '533db2&ECAPRO&status&ERROR&8&1&32&0&0&0&0&0&0&0&0&0&0\n', 1, 1430961763, 1),
(1293, 13, '533db2&ECAPRO&status&ERROR&8&1&32&0&0&0&0&0&0&0&0&0&0\n', 1, 1430961773, 1),
(1294, 13, '533db2&ECAPRO&status&ERROR&8&1&32&0&0&0&0&0&0&0&0&0&0\n', 1, 1430961783, 1),
(1295, 13, '533db2&ECAPRO&status&DISARM&0&0&0&0&0&0&0&0&0&0&0&0&0\n', 1, 1430961784, 1),
(1296, 13, '533db2&ECAPRO&status&ERROR&8&1&32&0&0&0&0&0&0&0&0&0&0\n', 1, 1430961793, 1),
(1297, 13, '533db2&ECAPRO&status&ERROR&8&1&32&0&0&0&0&0&0&0&0&0&0\n', 1, 1430961803, 1),
(1298, 13, '533db2&ECAPRO&status&ERROR&8&1&32&0&0&0&0&0&0&0&0&0&0\n', 1, 1430961813, 1),
(1299, 13, '533db2&ECAPRO&status&ERROR&8&1&32&0&0&0&0&0&0&0&0&0&0\n', 1, 1430961823, 1),
(1300, 13, '533db2&ECAPRO&status&ERROR&8&1&32&0&0&0&0&0&0&0&0&0&0\n', 1, 1430961833, 1),
(1301, 13, '533db2&ECAPRO&status&ERROR&8&1&32&0&0&0&0&0&0&0&0&0&0\n', 1, 1430961843, 1),
(1302, 13, '533db2&ECAPRO&status&ERROR&8&1&32&0&0&0&0&0&0&0&0&0&0\n', 1, 1430961853, 1),
(1303, 13, '533db2&ECAPRO&status&ERROR&8&1&32&0&0&0&0&0&0&0&0&0&0\n', 1, 1430961863, 1),
(1304, 13, '533db2&ECAPRO&status&ERROR&8&1&32&0&0&0&0&0&0&0&0&0&0\n', 1, 1430961874, 1),
(1305, 13, '533db2&ECAPRO&status&DISARM&8&2&32&0&0&0&0&0&0&0&0&0&0\n', 1, 1430961876, 1),
(1306, 13, '533db2&ECAPRO&status&ERROR&8&1&32&0&0&0&0&0&0&0&0&0&0\n', 1, 1430961883, 1),
(1307, 13, '533db2&ECAPRO&status&ERROR&8&1&32&0&0&0&0&0&0&0&0&0&0\n', 1, 1430961893, 1),
(1308, 13, '533db2&ECAPRO&status&ERROR&8&1&32&0&0&0&0&0&0&0&0&0&0\n', 1, 1430961903, 1),
(1309, 13, '533db2&ECAPRO&status&ERROR&8&1&32&0&0&0&0&0&0&0&0&0&0\n', 1, 1430961913, 1),
(1310, 13, '533db2&ECAPRO&status&ERROR&8&1&32&0&0&0&0&0&0&0&0&0&0\n', 1, 1430961924, 1),
(1311, 13, '533db2&ECAPRO&status&DISARM&8&2&32&0&0&0&0&0&0&0&0&0&0\n', 1, 1430961927, 1),
(1312, 13, '533db2&ECAPRO&status&ERROR&8&1&32&0&0&0&0&0&0&0&0&0&0\n', 1, 1430961933, 1),
(1313, 13, '533db2&ECAPRO&status&ERROR&8&1&32&0&0&0&0&0&0&0&0&0&0\n', 1, 1430961943, 1),
(1314, 13, '533db2&ECAPRO&status&ERROR&8&1&32&0&0&0&0&0&0&0&0&0&0\n', 1, 1430961953, 1),
(1315, 13, '533db2&ECAPRO&status&ERROR&8&1&32&0&0&0&0&0&0&0&0&0&0\n', 1, 1430961963, 1),
(1316, 13, '533db2&ECAPRO&status&ERROR&8&1&32&0&0&0&0&0&0&0&0&0&0\n', 1, 1430961974, 1),
(1317, 13, '533db2&ECAPRO&status&DISARM&8&2&32&0&0&0&0&0&0&0&0&0&0\n', 1, 1430961977, 1),
(1318, 13, '533db2&ECAPRO&status&ERROR&8&1&32&0&0&0&0&0&0&0&0&0&0\n', 1, 1430961983, 1),
(1319, 13, '533db2&ECAPRO&status&ERROR&8&1&32&0&0&0&0&0&0&0&0&0&0\n', 1, 1430961993, 1),
(1320, 13, '533db2&ECAPRO&status&ERROR&8&1&32&0&0&0&0&0&0&0&0&0&0\n', 1, 1430962004, 1),
(1321, 13, '533db2&ECAPRO&status&ERROR&8&1&32&0&0&0&0&0&0&0&0&0&0\n', 1, 1430962014, 1),
(1322, 13, '533db2&ECAPRO&status&ERROR&8&1&32&0&0&0&0&0&0&0&0&0&0\n', 1, 1430962023, 1),
(1323, 13, '533db2&ECAPRO&status&DISARM&8&2&32&0&0&0&0&0&0&0&0&0&0\n', 1, 1430962028, 1),
(1324, 13, '533db2&ECAPRO&status&ERROR&8&1&32&0&0&0&0&0&0&0&0&0&0\n', 1, 1430962033, 1),
(1325, 13, '533db2&ECAPRO&status&ERROR&8&1&32&0&0&0&0&0&0&0&0&0&0\n', 1, 1430962043, 1),
(1326, 13, '533db2&ECAPRO&status&ERROR&8&1&32&0&0&0&0&0&0&0&0&0&0\n', 1, 1430962053, 1),
(1327, 13, '533db2&ECAPRO&status&ERROR&8&1&32&0&0&0&0&0&0&0&0&0&0\n', 1, 1430962064, 1),
(1328, 13, '533db2&ECAPRO&status&ERROR&8&1&32&0&0&0&0&0&0&0&0&0&0\n', 1, 1430962074, 1),
(1329, 13, '533db2&ECAPRO&status&ERROR&8&1&32&0&0&0&0&0&0&0&0&0&0\n', 1, 1430962083, 1),
(1330, 13, '533db2&ECAPRO&status&ERROR&8&1&32&0&0&0&0&0&0&0&0&0&0\n', 1, 1430962093, 1),
(1331, 13, '533db2&ECAPRO&status&ERROR&8&1&32&0&0&0&0&0&0&0&0&0&0\n', 1, 1430962104, 1),
(1332, 13, '533db2&ECAPRO&status&ERROR&8&1&32&0&0&0&0&0&0&0&0&0&0\n', 1, 1430962114, 1),
(1333, 13, '533db2&ECAPRO&status&DISARM&8&2&32&0&0&0&0&0&0&0&0&0&0\n', 1, 1430962120, 1),
(1334, 13, '533db2&ECAPRO&status&ERROR&8&1&32&0&0&0&0&0&0&0&0&0&0\n', 1, 1430962123, 1),
(1335, 13, '533db2&ECAPRO&status&ERROR&8&1&32&0&0&0&0&0&0&0&0&0&0\n', 1, 1430962133, 1),
(1336, 13, '533db2&ECAPRO&status&ERROR&8&1&32&0&0&0&0&0&0&0&0&0&0\n', 1, 1430962144, 1),
(1337, 13, '533db2&ECAPRO&status&ERROR&8&1&32&0&0&0&0&0&0&0&0&0&0\n', 1, 1430962154, 1),
(1338, 13, '533db2&ECAPRO&status&ERROR&8&1&32&0&0&0&0&0&0&0&0&0&0\n', 1, 1430962164, 1),
(1339, 13, '533db2&ECAPRO&status&DISARM&8&2&32&0&0&0&0&0&0&0&0&0&0\n', 1, 1430962171, 1),
(1340, 13, '533db2&ECAPRO&status&ERROR&8&1&32&0&0&0&0&0&0&0&0&0&0\n', 1, 1430962174, 1),
(1341, 13, '533db2&ECAPRO&status&ERROR&8&1&32&0&0&0&0&0&0&0&0&0&0\n', 1, 1430962183, 1),
(1342, 13, '533db2&ECAPRO&status&ERROR&8&1&32&0&0&0&0&0&0&0&0&0&0\n', 1, 1430962194, 1),
(1343, 13, '533db2&ECAPRO&status&ERROR&8&1&32&0&0&0&0&0&0&0&0&0&0\n', 1, 1430962204, 1),
(1344, 13, '533db2&ECAPRO&status&ERROR&8&1&32&0&0&0&0&0&0&0&0&0&0\n', 1, 1430962213, 1),
(1345, 13, '533db2&ECAPRO&status&DISARM&8&2&32&0&0&0&0&0&0&0&0&0&0\n', 1, 1430962221, 1),
(1346, 13, '533db2&ECAPRO&status&ERROR&8&1&32&0&0&0&0&0&0&0&0&0&0\n', 1, 1430962223, 1),
(1347, 13, '533db2&ECAPRO&status&ERROR&8&1&32&0&0&0&0&0&0&0&0&0&0\n', 1, 1430962234, 1),
(1348, 13, '533db2&ECAPRO&status&ERROR&8&1&32&0&0&0&0&0&0&0&0&0&0\n', 1, 1430962244, 1),
(1349, 13, '533db2&ECAPRO&status&ERROR&8&1&32&0&0&0&0&0&0&0&0&0&0\n', 1, 1430962254, 1),
(1350, 13, '533db2&ECAPRO&status&DISARM&0&0&0&0&0&0&0&0&0&0&0&0&0\n', 1, 1430962260, 1),
(1351, 13, '533db2&ECAPRO&status&ERROR&8&1&32&0&0&0&0&0&0&0&0&0&0\n', 1, 1430962264, 1),
(1352, 13, '533db2&ECAPRO&status&ERROR&8&1&32&0&0&0&0&0&0&0&0&0&0\n', 1, 1430962273, 1),
(1353, 13, '533db2&ECAPRO&status&ERROR&8&1&32&0&0&0&0&0&0&0&0&0&0\n', 1, 1430962284, 1),
(1354, 13, '533db2&ECAPRO&status&ERROR&8&1&32&0&0&0&0&0&0&0&0&0&0\n', 1, 1430962294, 1),
(1355, 13, '533db2&ECAPRO&status&ERROR&8&1&32&0&0&0&0&0&0&0&0&0&0\n', 1, 1430962304, 1),
(1356, 13, '533db2&ECAPRO&status&ERROR&8&1&32&0&0&0&0&0&0&0&0&0&0\n', 1, 1430962314, 1),
(1357, 13, '533db2&ECAPRO&status&ERROR&8&1&32&0&0&0&0&0&0&0&0&0&0\n', 1, 1430962324, 1),
(1358, 13, '533db2&ECAPRO&status&ERROR&8&1&32&0&0&0&0&0&0&0&0&0&0\n', 1, 1430962334, 1),
(1359, 13, '533db2&ECAPRO&status&ERROR&8&1&32&0&0&0&0&0&0&0&0&0&0\n', 1, 1430962344, 1),
(1360, 13, '533db2&ECAPRO&status&ERROR&8&1&32&0&0&0&0&0&0&0&0&0&0\n', 1, 1430962354, 1),
(1361, 13, '533db2&ECAPRO&status&ERROR&8&1&32&0&0&0&0&0&0&0&0&0&0\n', 1, 1430962364, 1),
(1362, 13, '533db2&ECAPRO&status&ERROR&8&1&32&0&0&0&0&0&0&0&0&0&0\n', 1, 1430962374, 1),
(1363, 13, '533db2&ECAPRO&status&ERROR&8&1&32&0&0&0&0&0&0&0&0&0&0\n', 1, 1430962384, 1),
(1364, 13, '533db2&ECAPRO&status&DISARM&0&0&0&0&0&0&0&0&0&0&0&0&0\n', 1, 1430962390, 1),
(1365, 13, '533db2&ECAPRO&status&ERROR&8&1&32&0&0&0&0&0&0&0&0&0&0\n', 1, 1430962394, 1),
(1366, 13, '533db2&ECAPRO&status&ERROR&8&1&32&0&0&0&0&0&0&0&0&0&0\n', 1, 1430962404, 1),
(1367, 13, '533db2&ECAPRO&status&ERROR&8&1&32&0&0&0&0&0&0&0&0&0&0\n', 1, 1430962414, 1),
(1368, 13, '533db2&ECAPRO&status&ERROR&8&1&32&0&0&0&0&0&0&0&0&0&0\n', 1, 1430962425, 1),
(1369, 13, '533db2&ECAPRO&status&ERROR&8&1&32&0&0&0&0&0&0&0&0&0&0\n', 1, 1430962434, 1),
(1370, 13, '533db2&ECAPRO&status&ERROR&8&1&32&0&0&0&0&0&0&0&0&0&0\n', 1, 1430962444, 1),
(1371, 13, '533db2&ECAPRO&status&ERROR&8&1&32&0&0&0&0&0&0&0&0&0&0\n', 1, 1430962454, 1),
(1372, 13, '533db2&ECAPRO&status&ERROR&8&1&32&0&0&0&0&0&0&0&0&0&0\n', 1, 1430962464, 1),
(1373, 13, '533db2&ECAPRO&status&ERROR&8&1&32&0&0&0&0&0&0&0&0&0&0\n', 1, 1430962474, 1),
(1374, 13, '533db2&ECAPRO&status&DISARM&0&0&0&0&0&0&0&0&0&0&0&0&0\n', 1, 1430962480, 1),
(1375, 13, '533db2&ECAPRO&status&ERROR&8&1&32&0&0&0&0&0&0&0&0&0&0\n', 1, 1430962484, 1),
(1376, 13, '533db2&ECAPRO&status&ERROR&8&1&32&0&0&0&0&0&0&0&0&0&0\n', 1, 1430962494, 1),
(1377, 13, '533db2&ECAPRO&status&ERROR&8&1&32&0&0&0&0&0&0&0&0&0&0\n', 1, 1430962504, 1),
(1378, 13, '533db2&ECAPRO&status&ERROR&8&1&32&0&0&0&0&0&0&0&0&0&0\n', 1, 1430962514, 1),
(1379, 13, '533db2&ECAPRO&status&ERROR&8&1&32&0&0&0&0&0&0&0&0&0&0\n', 1, 1430962524, 1),
(1380, 13, '533db2&ECAPRO&status&ERROR&8&1&32&0&0&0&0&0&0&0&0&0&0\n', 1, 1430962534, 1),
(1381, 13, '533db2&ECAPRO&status&ERROR&8&1&32&0&0&0&0&0&0&0&0&0&0\n', 1, 1430962544, 1),
(1382, 13, '533db2&ECAPRO&status&ERROR&8&1&32&0&0&0&0&0&0&0&0&0&0\n', 1, 1430962554, 1),
(1383, 13, '533db2&ECAPRO&status&ERROR&8&1&32&0&0&0&0&0&0&0&0&0&0\n', 1, 1430962564, 1),
(1384, 13, '533db2&ECAPRO&status&ERROR&8&1&32&0&0&0&0&0&0&0&0&0&0\n', 1, 1430962574, 1),
(1385, 13, '533db2&ECAPRO&status&ERROR&8&1&32&0&0&0&0&0&0&0&0&0&0\n', 1, 1430962584, 1),
(1386, 13, '533db2&ECAPRO&status&ERROR&8&1&32&0&0&0&0&0&0&0&0&0&0\n', 1, 1430962594, 1),
(1387, 13, '533db2&ECAPRO&status&ERROR&8&1&32&0&0&0&0&0&0&0&0&0&0\n', 1, 1430962605, 1),
(1388, 13, '533db2&ECAPRO&status&ERROR&8&1&32&0&0&0&0&0&0&0&0&0&0\n', 1, 1430962614, 1),
(1389, 13, '533db2&ECAPRO&status&ERROR&8&1&32&0&0&0&0&0&0&0&0&0&0\n', 1, 1430962624, 1),
(1390, 13, '533db2&ECAPRO&status&ERROR&8&1&32&0&0&0&0&0&0&0&0&0&0\n', 1, 1430962634, 1),
(1391, 13, '533db2&ECAPRO&status&ERROR&8&1&32&0&0&0&0&0&0&0&0&0&0\n', 1, 1430962645, 1),
(1392, 13, '533db2&ECAPRO&status&ERROR&8&1&32&0&0&0&0&0&0&0&0&0&0\n', 1, 1430962655, 1),
(1393, 13, '533db2&ECAPRO&status&ERROR&8&1&32&0&0&0&0&0&0&0&0&0&0\n', 1, 1430962664, 1),
(1394, 13, '533db2&ECAPRO&status&ERROR&8&1&32&0&0&0&0&0&0&0&0&0&0\n', 1, 1430962674, 1),
(1395, 13, '533db2&ECAPRO&status&ERROR&8&1&32&0&0&0&0&0&0&0&0&0&0\n', 1, 1430962684, 1),
(1396, 13, '533db2&ECAPRO&status&ERROR&8&1&32&0&0&0&0&0&0&0&0&0&0\n', 1, 1430962695, 1),
(1397, 13, '533db2&ECAPRO&status&ERROR&8&1&32&0&0&0&0&0&0&0&0&0&0\n', 1, 1430962705, 1),
(1398, 13, '533db2&ECAPRO&status&ERROR&8&1&32&0&0&0&0&0&0&0&0&0&0\n', 1, 1430962714, 1),
(1399, 13, '533db2&ECAPRO&status&ERROR&8&1&32&0&0&0&0&0&0&0&0&0&0\n', 1, 1430962724, 1),
(1400, 13, '533db2&ECAPRO&status&ERROR&8&1&32&0&0&0&0&0&0&0&0&0&0\n', 1, 1430962735, 1),
(1401, 13, '533db2&ECAPRO&status&ERROR&8&1&32&0&0&0&0&0&0&0&0&0&0\n', 1, 1430962745, 1),
(1402, 13, '533db2&ECAPRO&status&ERROR&8&1&32&0&0&0&0&0&0&0&0&0&0\n', 1, 1430962754, 1),
(1403, 13, '533db2&ECAPRO&status&ERROR&8&1&32&0&0&0&0&0&0&0&0&0&0\n', 1, 1430962764, 1),
(1404, 13, '533db2&ECAPRO&status&DISARM&0&0&0&0&0&0&0&0&0&0&0&0&0\n', 1, 1430962769, 1),
(1405, 13, '533db2&ECAPRO&status&ERROR&8&1&32&0&0&0&0&0&0&0&0&0&0\n', 1, 1430962775, 1),
(1406, 13, '533db2&ECAPRO&status&ERROR&8&1&32&0&0&0&0&0&0&0&0&0&0\n', 1, 1430962784, 1),
(1407, 13, '533db2&ECAPRO&status&ERROR&8&1&32&0&0&0&0&0&0&0&0&0&0\n', 1, 1430962795, 1),
(1408, 13, '533db2&ECAPRO&status&ERROR&8&1&32&0&0&0&0&0&0&0&0&0&0\n', 1, 1430962806, 1),
(1409, 13, '533db2&ECAPRO&status&ERROR&8&1&32&0&0&0&0&0&0&0&0&0&0\n', 1, 1430962814, 1),
(1410, 13, '533db2&ECAPRO&status&ERROR&8&1&32&0&0&0&0&0&0&0&0&0&0\n', 1, 1430962824, 1),
(1411, 13, '533db2&ECAPRO&status&ERROR&8&1&32&0&0&0&0&0&0&0&0&0&0\n', 1, 1430962835, 1),
(1412, 13, '533db2&ECAPRO&status&ERROR&8&1&32&0&0&0&0&0&0&0&0&0&0\n', 1, 1430962845, 1),
(1413, 13, '533db2&ECAPRO&status&ERROR&8&1&32&0&0&0&0&0&0&0&0&0&0\n', 1, 1430962855, 1),
(1414, 13, '533db2&ECAPRO&status&ERROR&8&1&32&0&0&0&0&0&0&0&0&0&0\n', 1, 1430962864, 1),
(1415, 13, '533db2&ECAPRO&status&ERROR&8&1&32&0&0&0&0&0&0&0&0&0&0\n', 1, 1430962875, 1),
(1416, 13, '533db2&ECAPRO&status&DISARM&0&0&0&0&0&0&0&0&0&0&0&0&0\n', 1, 1430962882, 1),
(1417, 13, '533db2&ECAPRO&status&ERROR&8&1&32&0&0&0&0&0&0&0&0&0&0\n', 1, 1430962885, 1),
(1418, 13, '533db2&ECAPRO&status&ERROR&8&1&32&0&0&0&0&0&0&0&0&0&0\n', 1, 1430962895, 1),
(1419, 13, '533db2&ECAPRO&status&ERROR&8&1&32&0&0&0&0&0&0&0&0&0&0\n', 1, 1430962905, 1),
(1420, 13, '533db2&ECAPRO&status&ERROR&8&1&32&0&0&0&0&0&0&0&0&0&0\n', 1, 1430962915, 1),
(1421, 13, '533db2&ECAPRO&status&ERROR&8&1&32&0&0&0&0&0&0&0&0&0&0\n', 1, 1430962925, 1),
(1422, 13, '533db2&ECAPRO&status&ERROR&8&1&32&0&0&0&0&0&0&0&0&0&0\n', 1, 1430962934, 1),
(1423, 13, '533db2&ECAPRO&status&ERROR&8&1&32&0&0&0&0&0&0&0&0&0&0\n', 1, 1430962945, 1),
(1424, 13, '533db2&ECAPRO&status&ERROR&8&1&32&0&0&0&0&0&0&0&0&0&0\n', 1, 1430962955, 1),
(1425, 13, '533db2&ECAPRO&status&DISARM&0&0&0&0&0&0&0&0&0&0&0&0&0\n', 1, 1430962963, 1),
(1426, 13, '533db2&ECAPRO&status&ERROR&8&1&32&0&0&0&0&0&0&0&0&0&0\n', 1, 1430962965, 1),
(1427, 13, '533db2&ECAPRO&status&ERROR&8&1&32&0&0&0&0&0&0&0&0&0&0\n', 1, 1430962975, 1),
(1428, 13, '533db2&ECAPRO&status&ERROR&8&1&32&0&0&0&0&0&0&0&0&0&0\n', 1, 1430962985, 1),
(1429, 13, '533db2&ECAPRO&status&ERROR&8&1&32&0&0&0&0&0&0&0&0&0&0\n', 1, 1430962994, 1),
(1430, 13, '533db2&ECAPRO&status&ERROR&8&1&32&0&0&0&0&0&0&0&0&0&0\n', 1, 1430963005, 1),
(1431, 13, '533db2&ECAPRO&status&ERROR&8&1&32&0&0&0&0&0&0&0&0&0&0\n', 1, 1430963015, 1),
(1432, 13, '533db2&ECAPRO&status&ERROR&8&1&32&0&0&0&0&0&0&0&0&0&0\n', 1, 1430963025, 1),
(1433, 13, '533db2&ECAPRO&status&ERROR&8&1&32&0&0&0&0&0&0&0&0&0&0\n', 1, 1430963035, 1),
(1434, 13, '533db2&ECAPRO&status&ERROR&8&1&32&0&0&0&0&0&0&0&0&0&0\n', 1, 1430963045, 1),
(1435, 13, '533db2&ECAPRO&status&ERROR&8&1&32&0&0&0&0&0&0&0&0&0&0\n', 1, 1430963055, 1),
(1436, 13, '533db2&ECAPRO&status&ERROR&8&1&32&0&0&0&0&0&0&0&0&0&0\n', 1, 1430963065, 1),
(1437, 13, '533db2&ECAPRO&status&ERROR&8&1&32&0&0&0&0&0&0&0&0&0&0\n', 1, 1430963075, 1),
(1438, 13, '533db2&ECAPRO&status&ERROR&8&1&32&0&0&0&0&0&0&0&0&0&0\n', 1, 1430963085, 1),
(1439, 13, '533db2&ECAPRO&status&ERROR&8&1&32&0&0&0&0&0&0&0&0&0&0\n', 1, 1430963095, 1),
(1440, 13, '533db2&ECAPRO&status&ERROR&8&1&32&0&0&0&0&0&0&0&0&0&0\n', 1, 1430963105, 1),
(1441, 13, '533db2&ECAPRO&status&ERROR&8&1&32&0&0&0&0&0&0&0&0&0&0\n', 1, 1430963115, 1),
(1442, 13, '533db2&ECAPRO&status&ERROR&8&1&32&0&0&0&0&0&0&0&0&0&0\n', 1, 1430963125, 1),
(1443, 13, '533db2&ECAPRO&status&ERROR&8&1&32&0&0&0&0&0&0&0&0&0&0\n', 1, 1430963135, 1),
(1444, 13, '533db2&ECAPRO&status&ERROR&8&1&32&0&0&0&0&0&0&0&0&0&0\n', 1, 1430963145, 1),
(1445, 13, '533db2&ECAPRO&status&ERROR&8&1&32&0&0&0&0&0&0&0&0&0&0\n', 1, 1430963155, 1),
(1446, 13, '533db2&ECAPRO&status&ERROR&8&1&32&0&0&0&0&0&0&0&0&0&0\n', 1, 1430963165, 1),
(1447, 13, '533db2&ECAPRO&status&ERROR&8&1&32&0&0&0&0&0&0&0&0&0&0\n', 1, 1430963175, 1),
(1448, 13, '533db2&ECAPRO&status&ERROR&8&1&32&0&0&0&0&0&0&0&0&0&0\n', 1, 1430963185, 1),
(1449, 13, '533db2&ECAPRO&status&ERROR&8&1&32&0&0&0&0&0&0&0&0&0&0\n', 1, 1430963195, 1),
(1450, 13, '533db2&ECAPRO&status&ERROR&8&1&32&0&0&0&0&0&0&0&0&0&0\n', 1, 1430963205, 1),
(1451, 13, '533db2&ECAPRO&status&ERROR&8&1&32&0&0&0&0&0&0&0&0&0&0\n', 1, 1430963215, 1),
(1452, 13, '533db2&ECAPRO&status&ERROR&8&1&32&0&0&0&0&0&0&0&0&0&0\n', 1, 1430963225, 1),
(1453, 13, '533db2&ECAPRO&status&ERROR&8&1&32&0&0&0&0&0&0&0&0&0&0\n', 1, 1430963235, 1),
(1454, 13, '533db2&ECAPRO&status&DISARM&0&0&0&0&0&0&0&0&0&0&0&0&0\n', 1, 1430963239, 1),
(1455, 13, '533db2&ECAPRO&status&ERROR&8&1&32&0&0&0&0&0&0&0&0&0&0\n', 1, 1430963245, 1),
(1456, 13, '533db2&ECAPRO&status&ERROR&8&1&32&0&0&0&0&0&0&0&0&0&0\n', 1, 1430963255, 1),
(1457, 13, '533db2&ECAPRO&status&ERROR&8&1&32&0&0&0&0&0&0&0&0&0&0\n', 1, 1430963265, 1),
(1458, 13, '533db2&ECAPRO&status&ERROR&8&1&32&0&0&0&0&0&0&0&0&0&0\n', 1, 1430963276, 1),
(1459, 13, '533db2&ECAPRO&status&ERROR&8&1&32&0&0&0&0&0&0&0&0&0&0\n', 1, 1430963285, 1),
(1460, 13, '533db2&ECAPRO&status&ERROR&8&1&32&0&0&0&0&0&0&0&0&0&0\n', 1, 1430963295, 1),
(1461, 13, '533db2&ECAPRO&status&ERROR&8&1&32&0&0&0&0&0&0&0&0&0&0\n', 1, 1430963305, 1),
(1462, 13, '533db2&ECAPRO&status&ERROR&8&1&32&0&0&0&0&0&0&0&0&0&0\n', 1, 1430963315, 1),
(1463, 13, '533db2&ECAPRO&status&ERROR&8&1&32&0&0&0&0&0&0&0&0&0&0\n', 1, 1430963325, 1),
(1464, 13, '533db2&ECAPRO&status&ERROR&8&1&32&0&0&0&0&0&0&0&0&0&0\n', 1, 1430963335, 1),
(1465, 13, '533db2&ECAPRO&status&ERROR&8&1&32&0&0&0&0&0&0&0&0&0&0\n', 1, 1430963345, 1),
(1466, 13, '533db2&ECAPRO&status&ERROR&8&1&32&0&0&0&0&0&0&0&0&0&0\n', 1, 1430963355, 1),
(1467, 13, '533db2&ECAPRO&status&DISARM&0&0&0&0&0&0&0&0&0&0&0&0&0\n', 1, 1430963363, 1),
(1468, 13, '533db2&ECAPRO&status&ERROR&8&1&32&0&0&0&0&0&0&0&0&0&0\n', 1, 1430963365, 1),
(1469, 13, '533db2&ECAPRO&status&ERROR&8&1&32&0&0&0&0&0&0&0&0&0&0\n', 1, 1430963375, 1),
(1470, 13, '533db2&ECAPRO&status&ERROR&8&1&32&0&0&0&0&0&0&0&0&0&0\n', 1, 1430963386, 1),
(1471, 13, '533db2&ECAPRO&status&ERROR&8&1&32&0&0&0&0&0&0&0&0&0&0\n', 1, 1430963396, 1),
(1472, 13, '533db2&ECAPRO&status&ERROR&8&1&32&0&0&0&0&0&0&0&0&0&0\n', 1, 1430963405, 1),
(1473, 13, '533db2&ECAPRO&status&ERROR&8&1&32&0&0&0&0&0&0&0&0&0&0\n', 1, 1430963415, 1),
(1474, 13, '533db2&ECAPRO&status&ERROR&8&1&32&0&0&0&0&0&0&0&0&0&0\n', 1, 1430963426, 1),
(1475, 13, '533db2&ECAPRO&status&ERROR&8&1&32&0&0&0&0&0&0&0&0&0&0\n', 1, 1430963436, 1),
(1476, 13, '533db2&ECAPRO&status&ERROR&8&1&32&0&0&0&0&0&0&0&0&0&0\n', 1, 1430963446, 1),
(1477, 13, '533db2&ECAPRO&status&ERROR&8&1&32&0&0&0&0&0&0&0&0&0&0\n', 1, 1430963455, 1),
(1478, 13, '533db2&ECAPRO&status&ERROR&8&1&32&0&0&0&0&0&0&0&0&0&0\n', 1, 1430963465, 1),
(1479, 13, '533db2&ECAPRO&status&ERROR&8&1&32&0&0&0&0&0&0&0&0&0&0\n', 1, 1430963476, 1),
(1480, 13, '533db2&ECAPRO&status&ERROR&8&1&32&0&0&0&0&0&0&0&0&0&0\n', 1, 1430963486, 1),
(1481, 13, '533db2&ECAPRO&status&ERROR&8&1&32&0&0&0&0&0&0&0&0&0&0\n', 1, 1430963495, 1),
(1482, 13, '533db2&ECAPRO&status&DISARM&0&0&0&0&0&0&0&0&0&0&0&0&0\n', 1, 1430963547, 1),
(1483, 13, '533db2&ECAPRO&status&DISARM&0&0&0&0&0&0&0&0&0&0&0&0&0\n', 1, 1430963840, 1),
(1484, 13, '533db2&ECAPRO&status&DISARM&0&0&0&0&0&0&0&0&0&0&0&0&0\n', 1, 1430963950, 1),
(1485, 13, '533db2&ECAPRO&status&DISARM&8&2&0&0&0&0&0&0&0&0&0&0&0\n', 1, 1430964001, 1),
(1486, 13, '533db2&ECAPRO&status&DISARM&8&2&0&0&0&0&0&0&0&0&0&0&0\n', 1, 1430964052, 1),
(1487, 13, '533db2&ECAPRO&status&ARMING&8&2&0&0&0&0&0&0&0&0&0&0&0\n', 1, 1430964103, 1),
(1488, 13, '533db2&ECAPRO&status&ARMING&8&2&0&0&0&0&0&0&0&0&0&0&0\n', 1, 1430964154, 1),
(1489, 13, '533db2&ECAPRO&status&DISARM&0&0&0&0&0&0&0&0&0&0&0&0&0\n', 1, 1430964204, 1),
(1490, 13, '533db2&ECAPRO&status&DISARM&8&2&0&0&0&0&0&0&0&0&0&0&0\n', 1, 1430964255, 1),
(1491, 13, '533db2&ECAPRO&status&DISARM&8&2&0&0&0&0&0&0&0&0&0&0&0\n', 1, 1430964305, 1),
(1492, 13, '533db2&ECAPRO&status&DISARM&8&2&0&0&0&0&0&0&0&0&0&0&0\n', 1, 1430964356, 1),
(1493, 13, '533db2&ECAPRO&status&DISARM&8&2&0&0&0&0&0&0&0&0&0&0&0\n', 1, 1430964407, 1),
(1494, 13, '533db2&ECAPRO&status&DISARM&8&50&0&0&0&0&0&0&0&0&0&0&0\n', 1, 1430964457, 1),
(1495, 13, '533db2&ECAPRO&status&DISARM&8&50&0&0&0&0&0&0&0&0&0&0&0\n', 1, 1430964509, 1),
(1496, 13, '533db2&ECAPRO&status&DISARM&8&50&0&0&0&0&0&0&0&0&0&0&0\n', 1, 1430964599, 1),
(1497, 13, '533db2&ECAPRO&status&DISARM&8&50&0&0&0&0&0&0&0&0&0&0&0\n', 1, 1430964650, 1),
(1498, 13, '533db2&ECAPRO&status&DISARM&8&50&0&0&0&0&0&0&0&0&0&0&0\n', 1, 1430964703, 1),
(1499, 13, '533db2&ECAPRO&status&DISARM&8&50&0&0&0&0&0&0&0&0&0&0&0\n', 1, 1430964754, 1),
(1500, 13, '533db2&ECAPRO&status&DISARM&0&0&0&0&0&0&0&0&0&0&0&0&0\n', 1, 1430964858, 1),
(1501, 13, '533db2&ECAPRO&status&DISARM&8&2&0&0&0&0&0&0&0&0&0&0&0\n', 1, 1430964909, 1),
(1502, 13, '533db2&ECAPRO&status&DISARM&8&34&0&0&0&0&0&0&0&0&0&0&0\n', 1, 1430964960, 1),
(1503, 13, '533db2&ECAPRO&status&DISARM&0&0&0&0&0&0&0&0&0&0&0&0&0\n', 1, 1430965157, 1),
(1504, 13, '533db2&ECAPRO&status&DISARM&8&2&0&0&0&0&0&0&0&0&0&0&0\n', 1, 1430965208, 1),
(1505, 13, '533db2&ECAPRO&status&DISARM&8&34&0&0&0&0&0&0&0&0&0&0&0\n', 1, 1430965259, 1),
(1506, 13, '533db2&ECAPRO&status&DISARM&8&34&0&0&0&0&0&0&0&0&0&0&0\n', 1, 1430965310, 1),
(1507, 13, '533db2&ECAPRO&status&DISARM&8&34&0&0&0&0&0&0&0&0&0&0&0\n', 1, 1430965360, 1),
(1508, 13, '533db2&ECAPRO&status&DISARM&8&34&0&0&0&0&0&0&0&0&0&0&0\n', 1, 1430965411, 1),
(1509, 13, '533db2&ECAPRO&status&DISARM&8&34&0&0&0&0&0&0&0&0&0&0&0\n', 1, 1430965503, 1),
(1510, 13, '533db2&ECAPRO&status&DISARM&8&34&0&0&0&0&0&0&0&0&0&0&0\n', 1, 1430965553, 1),
(1511, 13, '533db2&ECAPRO&status&DISARM&8&34&0&0&0&0&0&0&0&0&0&0&0\n', 1, 1430965604, 1),
(1512, 13, '533db2&ECAPRO&status&DISARM&8&34&0&0&0&0&0&0&0&0&0&0&0\n', 1, 1430965655, 1),
(1513, 13, '533db2&ECAPRO&status&DISARM&8&34&0&0&0&0&0&0&0&0&0&0&0\n', 1, 1430965747, 1),
(1514, 13, '533db2&ECAPRO&status&DISARM&8&34&0&0&0&0&0&0&0&0&0&0&0\n', 1, 1430965797, 1),
(1515, 13, '533db2&ECAPRO&status&DISARM&0&0&0&0&0&0&0&0&0&0&0&0&0\n', 1, 1430965855, 1),
(1516, 13, '533db2&ECAPRO&status&DISARM&8&2&0&0&0&0&0&0&0&0&0&0&0\n', 1, 1430965905, 1),
(1517, 13, '533db2&ECAPRO&status&DISARM&0&0&0&0&0&0&0&0&0&0&0&0&0\n', 1, 1430966212, 1),
(1518, 13, '533db2&ECAPRO&status&DISARM&8&2&0&0&0&0&0&0&0&0&0&0&0\n', 1, 1430966263, 1),
(1519, 13, '533db2&ECAPRO&status&DISARM&8&50&0&0&0&0&0&0&0&0&0&0&0\n', 1, 1430966314, 1),
(1520, 13, '533db2&ECAPRO&status&DISARM&8&50&0&0&0&0&0&0&0&0&0&0&0\n', 1, 1430966405, 1),
(1521, 13, '533db2&ECAPRO&status&DISARM&0&0&0&0&0&0&0&0&0&0&0&0&0\n', 1, 1430966448, 1),
(1522, 13, '533db2&ECAPRO&status&DISARM&0&0&0&0&0&0&0&0&0&0&0&0&0\n', 1, 1430966729, 1),
(1523, 13, '533db2&ECAPRO&status&DISARM&8&0&0&0&0&0&0&0&0&0&0&0&0\n', 1, 1430966820, 1),
(1524, 13, '533db2&ECAPRO&status&ARMING&8&0&0&0&0&0&0&0&0&0&0&0&0\n', 1, 1430966871, 1),
(1525, 13, '533db2&ECAPRO&status&ARMING&8&0&0&0&0&0&0&0&0&0&0&0&0\n', 1, 1430966922, 1),
(1526, 13, '533db2&ECAPRO&status&ARMING&8&0&0&0&0&0&0&0&0&0&0&0&0\n', 1, 1430966972, 1),
(1527, 13, '533db2&ECAPRO&status&ARMING&8&0&0&0&0&0&0&0&0&0&0&0&0\n', 1, 1430967064, 1),
(1528, 13, '533db2&ECAPRO&status&ARMING&8&0&0&0&0&0&0&0&0&0&0&0&0\n', 1, 1430967114, 1),
(1529, 13, '533db2&ECAPRO&status&ARMING&8&0&0&0&0&0&0&0&0&0&0&0&0\n', 1, 1430967165, 1),
(1530, 13, '533db2&ECAPRO&status&ARMING&8&0&0&0&0&0&0&0&0&0&0&0&0\n', 1, 1430967216, 1),
(1531, 13, '533db2&ECAPRO&status&DISARM&0&0&0&0&0&0&0&0&0&0&0&0&0\n', 1, 1430967257, 1),
(1532, 13, '533db2&ECAPRO&status&OK&0&0&0&0&0&0&0&0&0&0&0&0&0\n', 1, 1430967267, 1),
(1533, 13, '533db2&ECAPRO&status&OK&0&0&0&0&0&0&0&0&0&0&0&0&0\n', 1, 1430967277, 1),
(1534, 13, '533db2&ECAPRO&status&OK&0&0&0&0&0&0&0&0&0&0&0&0&0\n', 1, 1430967287, 1),
(1535, 13, '533db2&ECAPRO&status&OK&0&0&0&0&0&0&0&0&0&0&0&0&0\n', 1, 1430967297, 1),
(1536, 13, '533db2&ECAPRO&status&OK&0&0&0&0&0&0&0&0&0&0&0&0&0\n', 1, 1430967307, 1),
(1537, 13, '533db2&ECAPRO&status&OK&0&0&0&0&0&0&0&0&0&0&0&0&0\n', 1, 1430967317, 1),
(1538, 13, '533db2&ECAPRO&status&OK&0&0&0&0&0&0&0&0&0&0&0&0&0\n', 1, 1430967327, 1),
(1539, 13, '533db2&ECAPRO&status&OK&0&0&0&0&0&0&0&0&0&0&0&0&0\n', 1, 1430967337, 1),
(1540, 13, '533db2&ECAPRO&status&OK&0&0&0&0&0&0&0&0&0&0&0&0&0\n', 1, 1430967347, 1),
(1541, 13, '533db2&ECAPRO&status&OK&0&0&0&0&0&0&0&0&0&0&0&0&0\n', 1, 1430967358, 1),
(1542, 13, '533db2&ECAPRO&status&OK&0&0&0&0&0&0&0&0&0&0&0&0&0\n', 1, 1430967367, 1),
(1543, 13, '533db2&ECAPRO&status&OK&0&0&0&0&0&0&0&0&0&0&0&0&0\n', 1, 1430967377, 1),
(1544, 13, '533db2&ECAPRO&status&OK&0&0&0&0&0&0&0&0&0&0&0&0&0\n', 1, 1430967387, 1),
(1545, 13, '533db2&ECAPRO&status&DISARM&0&0&0&0&0&0&0&0&0&0&0&0&0\n', 1, 1430967423, 1),
(1546, 13, '533db2&ECAPRO&status&OK&0&0&0&0&0&0&0&0&0&0&0&0&0\n', 1, 1430967434, 1),
(1547, 13, '533db2&ECAPRO&status&OK&0&0&0&0&0&0&0&0&0&0&0&0&0\n', 1, 1430967444, 1),
(1548, 13, '533db2&ECAPRO&status&OK&0&0&0&0&0&0&0&0&0&0&0&0&0\n', 1, 1430967453, 1),
(1549, 13, '533db2&ECAPRO&status&OK&0&0&0&0&0&0&0&0&0&0&0&0&0\n', 1, 1430967463, 1),
(1550, 13, '533db2&ECAPRO&status&OK&0&0&0&0&0&0&0&0&0&0&0&0&0\n', 1, 1430967474, 1),
(1551, 13, '533db2&ECAPRO&status&OK&0&0&0&0&0&0&0&0&0&0&0&0&0\n', 1, 1430967484, 1),
(1552, 13, '533db2&ECAPRO&status&OK&0&0&0&0&0&0&0&0&0&0&0&0&0\n', 1, 1430967493, 1),
(1553, 13, '533db2&ECAPRO&status&OK&0&0&0&0&0&0&0&0&0&0&0&0&0\n', 1, 1430967504, 1),
(1554, 13, '533db2&ECAPRO&status&OK&0&0&0&0&0&0&0&0&0&0&0&0&0\n', 1, 1430967514, 1),
(1555, 13, '533db2&ECAPRO&status&OK&0&0&0&0&0&0&0&0&0&0&0&0&0\n', 1, 1430967524, 1),
(1556, 13, '533db2&ECAPRO&status&OK&0&0&0&0&0&0&0&0&0&0&0&0&0\n', 1, 1430967534, 1),
(1557, 13, '533db2&ECAPRO&status&OK&0&0&0&0&0&0&0&0&0&0&0&0&0\n', 1, 1430967544, 1),
(1558, 13, '533db2&ECAPRO&status&OK&0&0&0&0&0&0&0&0&0&0&0&0&0\n', 1, 1430967554, 1),
(1559, 13, '533db2&ECAPRO&status&OK&0&0&0&0&0&0&0&0&0&0&0&0&0\n', 1, 1430967564, 1),
(1560, 13, '533db2&ECAPRO&status&OK&0&0&0&0&0&0&0&0&0&0&0&0&0\n', 1, 1430967574, 1),
(1561, 13, '533db2&ECAPRO&status&OK&0&0&0&0&0&0&0&0&0&0&0&0&0\n', 1, 1430967584, 1),
(1562, 13, '533db2&ECAPRO&status&OK&0&0&0&0&0&0&0&0&0&0&0&0&0\n', 1, 1430967594, 1),
(1563, 13, '533db2&ECAPRO&status&OK&0&0&0&0&0&0&0&0&0&0&0&0&0\n', 1, 1430967604, 1),
(1564, 13, '533db2&ECAPRO&status&OK&0&0&0&0&0&0&0&0&0&0&0&0&0\n', 1, 1430967614, 1),
(1565, 13, '533db2&ECAPRO&status&OK&0&0&0&0&0&0&0&0&0&0&0&0&0\n', 1, 1430967624, 1),
(1566, 13, '533db2&ECAPRO&status&OK&0&0&0&0&0&0&0&0&0&0&0&0&0\n', 1, 1430967634, 1),
(1567, 13, '533db2&ECAPRO&status&OK&0&0&0&0&0&0&0&0&0&0&0&0&0\n', 1, 1430967644, 1),
(1568, 13, '533db2&ECAPRO&status&OK&0&0&0&0&0&0&0&0&0&0&0&0&0\n', 1, 1430967654, 1),
(1569, 13, '533db2&ECAPRO&status&OK&0&0&0&0&0&0&0&0&0&0&0&0&0\n', 1, 1430967664, 1),
(1570, 13, '533db2&ECAPRO&status&OK&0&0&0&0&0&0&0&0&0&0&0&0&0\n', 1, 1430967674, 1),
(1571, 13, '533db2&ECAPRO&status&OK&0&0&0&0&0&0&0&0&0&0&0&0&0\n', 1, 1430967684, 1),
(1572, 13, '533db2&ECAPRO&status&OK&0&0&0&0&0&0&0&0&0&0&0&0&0\n', 1, 1430967694, 1),
(1573, 13, '533db2&ECAPRO&status&OK&0&0&0&0&0&0&0&0&0&0&0&0&0\n', 1, 1430967704, 1),
(1574, 13, '533db2&ECAPRO&status&OK&0&0&0&0&0&0&0&0&0&0&0&0&0\n', 1, 1430967714, 1),
(1575, 13, '533db2&ECAPRO&status&OK&0&0&0&0&0&0&0&0&0&0&0&0&0\n', 1, 1430967724, 1),
(1576, 13, '533db2&ECAPRO&status&OK&0&0&0&0&0&0&0&0&0&0&0&0&0\n', 1, 1430967734, 1),
(1577, 13, '533db2&ECAPRO&status&OK&0&0&0&0&0&0&0&0&0&0&0&0&0\n', 1, 1430967744, 1),
(1578, 13, '533db2&ECAPRO&status&OK&0&0&0&0&0&0&0&0&0&0&0&0&0\n', 1, 1430967754, 1),
(1579, 13, '533db2&ECAPRO&status&OK&0&0&0&0&0&0&0&0&0&0&0&0&0\n', 1, 1430967765, 1),
(1580, 13, '533db2&ECAPRO&status&OK&0&0&0&0&0&0&0&0&0&0&0&0&0\n', 1, 1430967775, 1),
(1581, 13, '533db2&ECAPRO&status&OK&0&0&0&0&0&0&0&0&0&0&0&0&0\n', 1, 1430967784, 1),
(1582, 13, '533db2&ECAPRO&status&OK&0&0&0&0&0&0&0&0&0&0&0&0&0\n', 1, 1430967794, 1),
(1583, 13, '533db2&ECAPRO&status&OK&0&0&0&0&0&0&0&0&0&0&0&0&0\n', 1, 1430967805, 1),
(1584, 13, '533db2&ECAPRO&status&OK&0&0&0&0&0&0&0&0&0&0&0&0&0\n', 1, 1430967815, 1),
(1585, 13, '533db2&ECAPRO&status&OK&0&0&0&0&0&0&0&0&0&0&0&0&0\n', 1, 1430967824, 1),
(1586, 13, '533db2&ECAPRO&status&OK&0&0&0&0&0&0&0&0&0&0&0&0&0\n', 1, 1430967835, 1),
(1587, 13, '533db2&ECAPRO&status&OK&0&0&0&0&0&0&0&0&0&0&0&0&0\n', 1, 1430967845, 1),
(1588, 13, '533db2&ECAPRO&status&OK&0&0&0&0&0&0&0&0&0&0&0&0&0\n', 1, 1430967854, 1),
(1589, 13, '533db2&ECAPRO&status&OK&0&0&0&0&0&0&0&0&0&0&0&0&0\n', 1, 1430967864, 1),
(1590, 13, '533db2&ECAPRO&status&OK&0&0&0&0&0&0&0&0&0&0&0&0&0\n', 1, 1430967874, 1),
(1591, 13, '533db2&ECAPRO&status&OK&0&0&0&0&0&0&0&0&0&0&0&0&0\n', 1, 1430967885, 1),
(1592, 13, '533db2&ECAPRO&status&OK&0&0&0&0&0&0&0&0&0&0&0&0&0\n', 1, 1430967895, 1),
(1593, 13, '533db2&ECAPRO&status&OK&0&0&0&0&0&0&0&0&0&0&0&0&0\n', 1, 1430967905, 1),
(1594, 13, '533db2&ECAPRO&status&OK&0&0&0&0&0&0&0&0&0&0&0&0&0\n', 1, 1430967914, 1),
(1595, 13, '533db2&ECAPRO&status&OK&0&0&0&0&0&0&0&0&0&0&0&0&0\n', 1, 1430967925, 1),
(1596, 13, '533db2&ECAPRO&status&OK&0&0&0&0&0&0&0&0&0&0&0&0&0\n', 1, 1430967935, 1),
(1597, 13, '533db2&ECAPRO&status&OK&0&0&0&0&0&0&0&0&0&0&0&0&0\n', 1, 1430967944, 1),
(1598, 13, '533db2&ECAPRO&status&OK&0&0&0&0&0&0&0&0&0&0&0&0&0\n', 1, 1430967954, 1),
(1599, 13, '533db2&ECAPRO&status&OK&0&0&0&0&0&0&0&0&0&0&0&0&0\n', 1, 1430967964, 1),
(1600, 13, '533db2&ECAPRO&status&OK&0&0&0&0&0&0&0&0&0&0&0&0&0\n', 1, 1430967975, 1),
(1601, 13, '533db2&ECAPRO&status&OK&0&0&0&0&0&0&0&0&0&0&0&0&0\n', 1, 1430967985, 1),
(1602, 13, '533db2&ECAPRO&status&OK&0&0&0&0&0&0&0&0&0&0&0&0&0\n', 1, 1430967995, 1),
(1603, 13, '533db2&ECAPRO&status&OK&0&0&0&0&0&0&0&0&0&0&0&0&0\n', 1, 1430968005, 1),
(1604, 13, '533db2&ECAPRO&status&OK&0&0&0&0&0&0&0&0&0&0&0&0&0\n', 1, 1430968015, 1),
(1605, 13, '533db2&ECAPRO&status&OK&0&0&0&0&0&0&0&0&0&0&0&0&0\n', 1, 1430968025, 1),
(1606, 13, '533db2&ECAPRO&status&OK&0&0&0&0&0&0&0&0&0&0&0&0&0\n', 1, 1430968035, 1),
(1607, 13, '533db2&ECAPRO&status&DISARM&0&0&0&0&0&0&0&0&0&0&0&0&0\n', 1, 1430968096, 1),
(1608, 13, '533db2&ECAPRO&status&OK&0&0&0&0&0&0&0&0&0&0&0&0&0\n', 1, 1430968106, 1),
(1609, 13, '533db2&ECAPRO&status&OK&0&0&0&0&0&0&0&0&0&0&0&0&0\n', 1, 1430968116, 1),
(1610, 13, '533db2&ECAPRO&status&OK&0&0&0&0&0&0&0&0&0&0&0&0&0\n', 1, 1430968126, 1),
(1611, 13, '533db2&ECAPRO&status&OK&0&0&0&0&0&0&0&0&0&0&0&0&0\n', 1, 1430968136, 1),
(1612, 13, '533db2&ECAPRO&status&OK&0&0&0&0&0&0&0&0&0&0&0&0&0\n', 1, 1430968146, 1),
(1613, 13, '533db2&ECAPRO&status&OK&0&0&0&0&0&0&0&0&0&0&0&0&0\n', 1, 1430968156, 1),
(1614, 13, '533db2&ECAPRO&status&OK&0&0&0&0&0&0&0&0&0&0&0&0&0\n', 1, 1430968166, 1),
(1615, 13, '533db2&ECAPRO&status&OK&0&0&0&0&0&0&0&0&0&0&0&0&0\n', 1, 1430968176, 1),
(1616, 13, '533db2&ECAPRO&status&OK&0&0&0&0&0&0&0&0&0&0&0&0&0\n', 1, 1430968186, 1),
(1617, 13, '533db2&ECAPRO&status&OK&0&0&0&0&0&0&0&0&0&0&0&0&0\n', 1, 1430968197, 1),
(1618, 13, '533db2&ECAPRO&status&OK&0&0&0&0&0&0&0&0&0&0&0&0&0\n', 1, 1430968206, 1),
(1619, 13, '533db2&ECAPRO&status&OK&0&0&0&0&0&0&0&0&0&0&0&0&0\n', 1, 1430968216, 1),
(1620, 13, '533db2&ECAPRO&status&OK&0&0&0&0&0&0&0&0&0&0&0&0&0\n', 1, 1430968226, 1),
(1621, 13, '533db2&ECAPRO&status&OK&0&0&0&0&0&0&0&0&0&0&0&0&0\n', 1, 1430968236, 1),
(1622, 13, '533db2&ECAPRO&status&OK&0&0&0&0&0&0&0&0&0&0&0&0&0\n', 1, 1430968246, 1),
(1623, 13, '533db2&ECAPRO&status&OK&0&0&0&0&0&0&0&0&0&0&0&0&0\n', 1, 1430968256, 1),
(1624, 13, '533db2&ECAPRO&status&OK&0&0&0&0&0&0&0&0&0&0&0&0&0\n', 1, 1430968266, 1),
(1625, 13, '533db2&ECAPRO&status&OK&0&0&0&0&0&0&0&0&0&0&0&0&0\n', 1, 1430968277, 1),
(1626, 13, '533db2&ECAPRO&status&OK&0&0&0&0&0&0&0&0&0&0&0&0&0\n', 1, 1430968286, 1),
(1627, 13, '533db2&ECAPRO&status&OK&0&0&0&0&0&0&0&0&0&0&0&0&0\n', 1, 1430968296, 1),
(1628, 13, '533db2&ECAPRO&status&OK&0&0&0&0&0&0&0&0&0&0&0&0&0\n', 1, 1430968306, 1),
(1629, 13, '533db2&ECAPRO&status&OK&0&0&0&0&0&0&0&0&0&0&0&0&0\n', 1, 1430968316, 1),
(1630, 13, '533db2&ECAPRO&status&OK&0&0&0&0&0&0&0&0&0&0&0&0&0\n', 1, 1430968327, 1),
(1631, 13, '533db2&ECAPRO&status&OK&0&0&0&0&0&0&0&0&0&0&0&0&0\n', 1, 1430968336, 1),
(1632, 13, '533db2&ECAPRO&status&OK&0&0&0&0&0&0&0&0&0&0&0&0&0\n', 1, 1430968346, 1),
(1633, 13, '533db2&ECAPRO&status&OK&0&0&0&0&0&0&0&0&0&0&0&0&0\n', 1, 1430968357, 1),
(1634, 13, '533db2&ECAPRO&status&OK&0&0&0&0&0&0&0&0&0&0&0&0&0\n', 1, 1430968366, 1),
(1635, 13, '533db2&ECAPRO&status&OK&0&0&0&0&0&0&0&0&0&0&0&0&0\n', 1, 1430968376, 1),
(1636, 13, '533db2&ECAPRO&status&OK&0&0&0&0&0&0&0&0&0&0&0&0&0\n', 1, 1430968386, 1),
(1637, 13, '533db2&ECAPRO&status&OK&0&0&0&0&0&0&0&0&0&0&0&0&0\n', 1, 1430968397, 1),
(1638, 13, '533db2&ECAPRO&status&OK&0&0&0&0&0&0&0&0&0&0&0&0&0\n', 1, 1430968407, 1),
(1639, 13, '533db2&ECAPRO&status&OK&0&0&0&0&0&0&0&0&0&0&0&0&0\n', 1, 1430968416, 1),
(1640, 13, '533db2&ECAPRO&status&OK&0&0&0&0&0&0&0&0&0&0&0&0&0\n', 1, 1430968426, 1),
(1641, 13, '533db2&ECAPRO&status&OK&0&0&0&0&0&0&0&0&0&0&0&0&0\n', 1, 1430968437, 1),
(1642, 13, '533db2&ECAPRO&status&OK&0&0&0&0&0&0&0&0&0&0&0&0&0\n', 1, 1430968447, 1),
(1643, 13, '533db2&ECAPRO&status&OK&0&0&0&0&0&0&0&0&0&0&0&0&0\n', 1, 1430968456, 1),
(1644, 13, '533db2&ECAPRO&status&OK&0&0&0&0&0&0&0&0&0&0&0&0&0\n', 1, 1430968466, 1),
(1645, 13, '533db2&ECAPRO&status&OK&0&0&0&0&0&0&0&0&0&0&0&0&0\n', 1, 1430968476, 1),
(1646, 13, '533db2&ECAPRO&status&OK&0&0&0&0&0&0&0&0&0&0&0&0&0\n', 1, 1430968487, 1),
(1647, 13, '533db2&ECAPRO&status&OK&0&0&0&0&0&0&0&0&0&0&0&0&0\n', 1, 1430968497, 1),
(1648, 13, '533db2&ECAPRO&status&OK&0&0&0&0&0&0&0&0&0&0&0&0&0\n', 1, 1430968506, 1),
(1649, 13, '533db2&ECAPRO&status&OK&0&0&0&0&0&0&0&0&0&0&0&0&0\n', 1, 1430968516, 1),
(1650, 13, '533db2&ECAPRO&status&OK&0&0&0&0&0&0&0&0&0&0&0&0&0\n', 1, 1430968527, 1),
(1651, 13, '533db2&ECAPRO&status&OK&0&0&0&0&0&0&0&0&0&0&0&0&0\n', 1, 1430968537, 1),
(1652, 13, '533db2&ECAPRO&status&OK&0&0&0&0&0&0&0&0&0&0&0&0&0\n', 1, 1430968546, 1),
(1653, 13, '533db2&ECAPRO&status&OK&0&0&0&0&0&0&0&0&0&0&0&0&0\n', 1, 1430968557, 1),
(1654, 13, '533db2&ECAPRO&status&OK&0&0&0&0&0&0&0&0&0&0&0&0&0\n', 1, 1430968567, 1),
(1655, 13, '533db2&ECAPRO&status&OK&0&0&0&0&0&0&0&0&0&0&0&0&0\n', 1, 1430968577, 1),
(1656, 13, '533db2&ECAPRO&status&OK&0&0&0&0&0&0&0&0&0&0&0&0&0\n', 1, 1430968587, 1),
(1657, 13, '533db2&ECAPRO&status&OK&0&0&0&0&0&0&0&0&0&0&0&0&0\n', 1, 1430968597, 1),
(1658, 13, '533db2&ECAPRO&status&OK&0&0&0&0&0&0&0&0&0&0&0&0&0\n', 1, 1430968606, 1),
(1659, 13, '533db2&ECAPRO&status&OK&0&0&0&0&0&0&0&0&0&0&0&0&0\n', 1, 1430968617, 1),
(1660, 13, '533db2&ECAPRO&status&OK&0&0&0&0&0&0&0&0&0&0&0&0&0\n', 1, 1430968627, 1),
(1661, 13, '533db2&ECAPRO&status&OK&0&0&0&0&0&0&0&0&0&0&0&0&0\n', 1, 1430968636, 1),
(1662, 13, '533db2&ECAPRO&status&OK&0&0&0&0&0&0&0&0&0&0&0&0&0\n', 1, 1430968646, 1),
(1663, 13, '533db2&ECAPRO&status&OK&0&0&0&0&0&0&0&0&0&0&0&0&0\n', 1, 1430968657, 1),
(1664, 13, '533db2&ECAPRO&status&OK&0&0&0&0&0&0&0&0&0&0&0&0&0\n', 1, 1430968667, 1),
(1665, 13, '533db2&ECAPRO&status&OK&0&0&0&0&0&0&0&0&0&0&0&0&0\n', 1, 1430968676, 1),
(1666, 13, '533db2&ECAPRO&status&OK&0&0&0&0&0&0&0&0&0&0&0&0&0\n', 1, 1430968686, 1),
(1667, 13, '533db2&ECAPRO&status&OK&0&0&0&0&0&0&0&0&0&0&0&0&0\n', 1, 1430968697, 1),
(1668, 13, '533db2&ECAPRO&status&OK&0&0&0&0&0&0&0&0&0&0&0&0&0\n', 1, 1430968707, 1),
(1669, 13, '533db2&ECAPRO&status&OK&0&0&0&0&0&0&0&0&0&0&0&0&0\n', 1, 1430968717, 1),
(1670, 13, '533db2&ECAPRO&status&OK&0&0&0&0&0&0&0&0&0&0&0&0&0\n', 1, 1430968727, 1),
(1671, 13, '533db2&ECAPRO&status&OK&0&0&0&0&0&0&0&0&0&0&0&0&0\n', 1, 1430968737, 1),
(1672, 13, '533db2&ECAPRO&status&OK&0&0&0&0&0&0&0&0&0&0&0&0&0\n', 1, 1430968747, 1),
(1673, 13, '533db2&ECAPRO&status&OK&0&0&0&0&0&0&0&0&0&0&0&0&0\n', 1, 1430968757, 1),
(1674, 13, '533db2&ECAPRO&status&OK&0&0&0&0&0&0&0&0&0&0&0&0&0\n', 1, 1430968767, 1),
(1675, 13, '533db2&ECAPRO&status&OK&0&0&0&0&0&0&0&0&0&0&0&0&0\n', 1, 1430968777, 1),
(1676, 13, '533db2&ECAPRO&status&OK&0&0&0&0&0&0&0&0&0&0&0&0&0\n', 1, 1430968787, 1),
(1677, 13, '533db2&ECAPRO&status&OK&0&0&0&0&0&0&0&0&0&0&0&0&0\n', 1, 1430968797, 1),
(1678, 13, '533db2&ECAPRO&status&OK&0&0&0&0&0&0&0&0&0&0&0&0&0\n', 1, 1430968807, 1),
(1679, 13, '533db2&ECAPRO&status&OK&0&0&0&0&0&0&0&0&0&0&0&0&0\n', 1, 1430968817, 1),
(1680, 13, '533db2&ECAPRO&status&OK&0&0&0&0&0&0&0&0&0&0&0&0&0\n', 1, 1430968827, 1),
(1681, 13, '533db2&ECAPRO&status&OK&0&0&0&0&0&0&0&0&0&0&0&0&0\n', 1, 1430968837, 1),
(1682, 13, '533db2&ECAPRO&status&OK&0&0&0&0&0&0&0&0&0&0&0&0&0\n', 1, 1430968847, 1),
(1683, 13, '533db2&ECAPRO&status&OK&0&0&0&0&0&0&0&0&0&0&0&0&0\n', 1, 1430968857, 1),
(1684, 13, '533db2&ECAPRO&status&OK&0&0&0&0&0&0&0&0&0&0&0&0&0\n', 1, 1430968867, 1),
(1685, 13, '533db2&ECAPRO&status&OK&0&0&0&0&0&0&0&0&0&0&0&0&0\n', 1, 1430968877, 1),
(1686, 13, '533db2&ECAPRO&status&OK&0&0&0&0&0&0&0&0&0&0&0&0&0\n', 1, 1430968887, 1),
(1687, 13, '533db2&ECAPRO&status&OK&0&0&0&0&0&0&0&0&0&0&0&0&0\n', 1, 1430968897, 1),
(1688, 13, '533db2&ECAPRO&status&OK&0&0&0&0&0&0&0&0&0&0&0&0&0\n', 1, 1430968907, 1),
(1689, 13, '533db2&ECAPRO&status&OK&0&0&0&0&0&0&0&0&0&0&0&0&0\n', 1, 1430968917, 1),
(1690, 13, '533db2&ECAPRO&status&OK&0&0&0&0&0&0&0&0&0&0&0&0&0\n', 1, 1430968927, 1),
(1691, 13, '533db2&ECAPRO&status&OK&0&0&0&0&0&0&0&0&0&0&0&0&0\n', 1, 1430968937, 1),
(1692, 13, '533db2&ECAPRO&status&OK&0&0&0&0&0&0&0&0&0&0&0&0&0\n', 1, 1430968947, 1),
(1693, 13, '533db2&ECAPRO&status&OK&0&0&0&0&0&0&0&0&0&0&0&0&0\n', 1, 1430968958, 1),
(1694, 13, '533db2&ECAPRO&status&OK&0&0&0&0&0&0&0&0&0&0&0&0&0\n', 1, 1430968967, 1),
(1695, 13, '533db2&ECAPRO&status&OK&0&0&0&0&0&0&0&0&0&0&0&0&0\n', 1, 1430968977, 1),
(1696, 13, '533db2&ECAPRO&status&OK&0&0&0&0&0&0&0&0&0&0&0&0&0\n', 1, 1430968987, 1),
(1697, 13, '533db2&ECAPRO&status&OK&0&0&0&0&0&0&0&0&0&0&0&0&0\n', 1, 1430968997, 1),
(1698, 13, '533db2&ECAPRO&status&OK&0&0&0&0&0&0&0&0&0&0&0&0&0\n', 1, 1430969008, 1),
(1699, 13, '533db2&ECAPRO&status&OK&0&0&0&0&0&0&0&0&0&0&0&0&0\n', 1, 1430969017, 1),
(1700, 13, '533db2&ECAPRO&status&OK&0&0&0&0&0&0&0&0&0&0&0&0&0\n', 1, 1430969027, 1),
(1701, 13, '533db2&ECAPRO&status&OK&0&0&0&0&0&0&0&0&0&0&0&0&0\n', 1, 1430969038, 1),
(1702, 13, '533db2&ECAPRO&status&OK&0&0&0&0&0&0&0&0&0&0&0&0&0\n', 1, 1430969047, 1),
(1703, 13, '533db2&ECAPRO&status&OK&0&0&0&0&0&0&0&0&0&0&0&0&0\n', 1, 1430969057, 1),
(1704, 13, '533db2&ECAPRO&status&OK&0&0&0&0&0&0&0&0&0&0&0&0&0\n', 1, 1430969067, 1);
INSERT INTO `station_status` (`id`, `station_id`, `request_string`, `received`, `time_update`, `status`) VALUES
(1705, 13, '533db2&ECAPRO&status&OK&0&0&0&0&0&0&0&0&0&0&0&0&0\n', 1, 1430969077, 1),
(1706, 13, '533db2&ECAPRO&status&OK&0&0&0&0&0&0&0&0&0&0&0&0&0\n', 1, 1430969088, 1),
(1707, 13, '533db2&ECAPRO&status&OK&0&0&0&0&0&0&0&0&0&0&0&0&0\n', 1, 1430969098, 1),
(1708, 13, '533db2&ECAPRO&status&OK&0&0&0&0&0&0&0&0&0&0&0&0&0\n', 1, 1430969107, 1),
(1709, 13, '533db2&ECAPRO&status&OK&0&0&0&0&0&0&0&0&0&0&0&0&0\n', 1, 1430969117, 1),
(1710, 13, '533db2&ECAPRO&status&OK&0&0&0&0&0&0&0&0&0&0&0&0&0\n', 1, 1430969128, 1),
(1711, 13, '533db2&ECAPRO&status&OK&0&0&0&0&0&0&0&0&0&0&0&0&0\n', 1, 1430969138, 1),
(1712, 13, '533db2&ECAPRO&status&OK&0&0&0&0&0&0&0&0&0&0&0&0&0\n', 1, 1430969147, 1),
(1713, 13, '533db2&ECAPRO&status&OK&0&0&0&0&0&0&0&0&0&0&0&0&0\n', 1, 1430969157, 1),
(1714, 13, '533db2&ECAPRO&status&OK&0&0&0&0&0&0&0&0&0&0&0&0&0\n', 1, 1430969167, 1),
(1715, 13, '533db2&ECAPRO&status&OK&0&0&0&0&0&0&0&0&0&0&0&0&0\n', 1, 1430969178, 1),
(1716, 13, '533db2&ECAPRO&status&OK&0&0&0&0&0&0&0&0&0&0&0&0&0\n', 1, 1430969188, 1),
(1717, 13, '533db2&ECAPRO&status&OK&0&0&0&0&0&0&0&0&0&0&0&0&0\n', 1, 1430969198, 1),
(1718, 13, '533db2&ECAPRO&status&OK&0&0&0&0&0&0&0&0&0&0&0&0&0\n', 1, 1430969207, 1),
(1719, 13, '533db2&ECAPRO&status&OK&0&0&0&0&0&0&0&0&0&0&0&0&0\n', 1, 1430969218, 1),
(1720, 13, '533db2&ECAPRO&status&OK&0&0&0&0&0&0&0&0&0&0&0&0&0\n', 1, 1430969228, 1),
(1721, 13, '533db2&ECAPRO&status&OK&0&0&0&0&0&0&0&0&0&0&0&0&0\n', 1, 1430969237, 1),
(1722, 13, '533db2&ECAPRO&status&OK&0&0&0&0&0&0&0&0&0&0&0&0&0\n', 1, 1430969247, 1),
(1723, 13, '533db2&ECAPRO&status&OK&0&0&0&0&0&0&0&0&0&0&0&0&0\n', 1, 1430969258, 1),
(1724, 13, '533db2&ECAPRO&status&OK&0&0&0&0&0&0&0&0&0&0&0&0&0\n', 1, 1430969268, 1),
(1725, 13, '533db2&ECAPRO&status&OK&0&0&0&0&0&0&0&0&0&0&0&0&0\n', 1, 1430969278, 1),
(1726, 13, '533db2&ECAPRO&status&OK&0&0&0&0&0&0&0&0&0&0&0&0&0\n', 1, 1430969288, 1),
(1727, 13, '533db2&ECAPRO&status&OK&0&0&0&0&0&0&0&0&0&0&0&0&0\n', 1, 1430969297, 1),
(1728, 13, '533db2&ECAPRO&status&OK&0&0&0&0&0&0&0&0&0&0&0&0&0\n', 1, 1430969308, 1),
(1729, 13, '533db2&ECAPRO&status&OK&0&0&0&0&0&0&0&0&0&0&0&0&0\n', 1, 1430969318, 1),
(1730, 13, '533db2&ECAPRO&status&OK&0&0&0&0&0&0&0&0&0&0&0&0&0\n', 1, 1430969327, 1),
(1731, 13, '533db2&ECAPRO&status&OK&0&0&0&0&0&0&0&0&0&0&0&0&0\n', 1, 1430969338, 1),
(1732, 13, '533db2&ECAPRO&status&OK&0&0&0&0&0&0&0&0&0&0&0&0&0\n', 1, 1430969348, 1),
(1733, 13, '533db2&ECAPRO&status&OK&0&0&0&0&0&0&0&0&0&0&0&0&0\n', 1, 1430969358, 1),
(1734, 13, '533db2&ECAPRO&status&OK&0&0&0&0&0&0&0&0&0&0&0&0&0\n', 1, 1430969368, 1),
(1735, 13, '533db2&ECAPRO&status&OK&0&0&0&0&0&0&0&0&0&0&0&0&0\n', 1, 1430969378, 1),
(1736, 13, '533db2&ECAPRO&status&OK&0&0&0&0&0&0&0&0&0&0&0&0&0\n', 1, 1430969388, 1),
(1737, 13, '533db2&ECAPRO&status&OK&0&0&0&0&0&0&0&0&0&0&0&0&0\n', 1, 1430969398, 1),
(1738, 13, '533db2&ECAPRO&status&OK&0&0&0&0&0&0&0&0&0&0&0&0&0\n', 1, 1430969408, 1),
(1739, 13, '533db2&ECAPRO&status&OK&0&0&0&0&0&0&0&0&0&0&0&0&0\n', 1, 1430969418, 1),
(1740, 13, '533db2&ECAPRO&status&OK&0&0&0&0&0&0&0&0&0&0&0&0&0\n', 1, 1430969428, 1),
(1741, 13, '533db2&ECAPRO&status&OK&0&0&0&0&0&0&0&0&0&0&0&0&0\n', 1, 1430969438, 1),
(1742, 13, '533db2&ECAPRO&status&OK&0&0&0&0&0&0&0&0&0&0&0&0&0\n', 1, 1430969448, 1),
(1743, 13, '533db2&ECAPRO&status&OK&0&0&0&0&0&0&0&0&0&0&0&0&0\n', 1, 1430969458, 1),
(1744, 13, '533db2&ECAPRO&status&OK&0&0&0&0&0&0&0&0&0&0&0&0&0\n', 1, 1430969468, 1),
(1745, 13, '533db2&ECAPRO&status&OK&0&0&0&0&0&0&0&0&0&0&0&0&0\n', 1, 1430969478, 1),
(1746, 13, '533db2&ECAPRO&status&OK&0&0&0&0&0&0&0&0&0&0&0&0&0\n', 1, 1430969488, 1),
(1747, 13, '533db2&ECAPRO&status&OK&0&0&0&0&0&0&0&0&0&0&0&0&0\n', 1, 1430969498, 1),
(1748, 13, '533db2&ECAPRO&status&OK&0&0&0&0&0&0&0&0&0&0&0&0&0\n', 1, 1430969509, 1),
(1749, 13, '533db2&ECAPRO&status&OK&0&0&0&0&0&0&0&0&0&0&0&0&0\n', 1, 1430969518, 1),
(1750, 13, '533db2&ECAPRO&status&OK&0&0&0&0&0&0&0&0&0&0&0&0&0\n', 1, 1430969528, 1),
(1751, 13, '533db2&ECAPRO&status&OK&0&0&0&0&0&0&0&0&0&0&0&0&0\n', 1, 1430969539, 1),
(1752, 13, '533db2&ECAPRO&status&OK&0&0&0&0&0&0&0&0&0&0&0&0&0\n', 1, 1430969548, 1),
(1753, 13, '533db2&ECAPRO&status&OK&0&0&0&0&0&0&0&0&0&0&0&0&0\n', 1, 1430969558, 1),
(1754, 13, '533db2&ECAPRO&status&OK&0&0&0&0&0&0&0&0&0&0&0&0&0\n', 1, 1430969568, 1),
(1755, 13, '533db2&ECAPRO&status&OK&0&0&0&0&0&0&0&0&0&0&0&0&0\n', 1, 1430969578, 1),
(1756, 13, '533db2&ECAPRO&status&OK&0&0&0&0&0&0&0&0&0&0&0&0&0\n', 1, 1430969589, 1),
(1757, 13, '533db2&ECAPRO&status&OK&0&0&0&0&0&0&0&0&0&0&0&0&0\n', 1, 1430969598, 1),
(1758, 13, '533db2&ECAPRO&status&OK&0&0&0&0&0&0&0&0&0&0&0&0&0\n', 1, 1430969608, 1),
(1759, 13, '533db2&ECAPRO&status&OK&0&0&0&0&0&0&0&0&0&0&0&0&0\n', 1, 1430969618, 1),
(1760, 13, '533db2&ECAPRO&status&OK&0&0&0&0&0&0&0&0&0&0&0&0&0\n', 1, 1430969629, 1),
(1761, 13, '533db2&ECAPRO&status&OK&0&0&0&0&0&0&0&0&0&0&0&0&0\n', 1, 1430969639, 1),
(1762, 13, '533db2&ECAPRO&status&OK&0&0&0&0&0&0&0&0&0&0&0&0&0\n', 1, 1430969648, 1),
(1763, 13, '533db2&ECAPRO&status&OK&0&0&0&0&0&0&0&0&0&0&0&0&0\n', 1, 1430969658, 1),
(1764, 13, '533db2&ECAPRO&status&OK&0&0&0&0&0&0&0&0&0&0&0&0&0\n', 1, 1430969669, 1),
(1765, 13, '533db2&ECAPRO&status&OK&0&0&0&0&0&0&0&0&0&0&0&0&0\n', 1, 1430969679, 1),
(1766, 13, '533db2&ECAPRO&status&OK&0&0&0&0&0&0&0&0&0&0&0&0&0\n', 1, 1430969688, 1),
(1767, 13, '533db2&ECAPRO&status&OK&0&0&0&0&0&0&0&0&0&0&0&0&0\n', 1, 1430969698, 1),
(1768, 13, '533db2&ECAPRO&status&OK&0&0&0&0&0&0&0&0&0&0&0&0&0\n', 1, 1430969708, 1),
(1769, 13, '533db2&ECAPRO&status&OK&0&0&0&0&0&0&0&0&0&0&0&0&0\n', 1, 1430969719, 1),
(1770, 13, '533db2&ECAPRO&status&OK&0&0&0&0&0&0&0&0&0&0&0&0&0\n', 1, 1430969729, 1),
(1771, 13, '533db2&ECAPRO&status&OK&0&0&0&0&0&0&0&0&0&0&0&0&0\n', 1, 1430969739, 1),
(1772, 13, '533db2&ECAPRO&status&OK&0&0&0&0&0&0&0&0&0&0&0&0&0\n', 1, 1430969749, 1),
(1773, 13, '533db2&ECAPRO&status&OK&0&0&0&0&0&0&0&0&0&0&0&0&0\n', 1, 1430969759, 1),
(1774, 13, '533db2&ECAPRO&status&OK&0&0&0&0&0&0&0&0&0&0&0&0&0\n', 1, 1430969769, 1),
(1775, 13, '533db2&ECAPRO&status&OK&0&0&0&0&0&0&0&0&0&0&0&0&0\n', 1, 1430969778, 1),
(1776, 13, '533db2&ECAPRO&status&OK&0&0&0&0&0&0&0&0&0&0&0&0&0\n', 1, 1430969788, 1),
(1777, 13, '533db2&ECAPRO&status&OK&0&0&0&0&0&0&0&0&0&0&0&0&0\n', 1, 1430969798, 1),
(1778, 13, '533db2&ECAPRO&status&OK&0&0&0&0&0&0&0&0&0&0&0&0&0\n', 1, 1430969809, 1),
(1779, 13, '533db2&ECAPRO&status&OK&0&0&0&0&0&0&0&0&0&0&0&0&0\n', 1, 1430969819, 1),
(1780, 13, '533db2&ECAPRO&status&OK&0&0&0&0&0&0&0&0&0&0&0&0&0\n', 1, 1430969828, 1),
(1781, 13, '533db2&ECAPRO&status&OK&0&0&0&0&0&0&0&0&0&0&0&0&0\n', 1, 1430969838, 1),
(1782, 13, '533db2&ECAPRO&status&OK&0&0&0&0&0&0&0&0&0&0&0&0&0\n', 1, 1430969849, 1),
(1783, 13, '533db2&ECAPRO&status&OK&0&0&0&0&0&0&0&0&0&0&0&0&0\n', 1, 1430969859, 1),
(1784, 13, '533db2&ECAPRO&status&OK&0&0&0&0&0&0&0&0&0&0&0&0&0\n', 1, 1430969868, 1),
(1785, 13, '533db2&ECAPRO&status&OK&0&0&0&0&0&0&0&0&0&0&0&0&0\n', 1, 1430969878, 1),
(1786, 13, '533db2&ECAPRO&status&OK&0&0&0&0&0&0&0&0&0&0&0&0&0\n', 1, 1430969889, 1),
(1787, 13, '533db2&ECAPRO&status&OK&0&0&0&0&0&0&0&0&0&0&0&0&0\n', 1, 1430969899, 1),
(1788, 13, '533db2&ECAPRO&status&OK&0&0&0&0&0&0&0&0&0&0&0&0&0\n', 1, 1430969909, 1),
(1789, 13, '533db2&ECAPRO&status&OK&0&0&0&0&0&0&0&0&0&0&0&0&0\n', 1, 1430969919, 1),
(1790, 13, '533db2&ECAPRO&status&OK&0&0&0&0&0&0&0&0&0&0&0&0&0\n', 1, 1430969929, 1),
(1791, 13, '533db2&ECAPRO&status&OK&0&0&0&0&0&0&0&0&0&0&0&0&0\n', 1, 1430969939, 1),
(1792, 13, '533db2&ECAPRO&status&OK&0&0&0&0&0&0&0&0&0&0&0&0&0\n', 1, 1430969949, 1),
(1793, 13, '533db2&ECAPRO&status&OK&0&0&0&0&0&0&0&0&0&0&0&0&0\n', 1, 1430969959, 1),
(1794, 13, '533db2&ECAPRO&status&OK&0&0&0&0&0&0&0&0&0&0&0&0&0\n', 1, 1430969969, 1),
(1795, 13, '533db2&ECAPRO&status&OK&0&0&0&0&0&0&0&0&0&0&0&0&0\n', 1, 1430969979, 1),
(1796, 13, '533db2&ECAPRO&status&OK&0&0&0&0&0&0&0&0&0&0&0&0&0\n', 1, 1430969989, 1),
(1797, 13, '533db2&ECAPRO&status&OK&0&0&0&0&0&0&0&0&0&0&0&0&0\n', 1, 1430969999, 1),
(1798, 13, '533db2&ECAPRO&status&OK&0&0&0&0&0&0&0&0&0&0&0&0&0\n', 1, 1430970009, 1),
(1799, 13, '533db2&ECAPRO&status&OK&0&0&0&0&0&0&0&0&0&0&0&0&0\n', 1, 1430970019, 1),
(1800, 13, '533db2&ECAPRO&status&OK&0&0&0&0&0&0&0&0&0&0&0&0&0\n', 1, 1430970029, 1),
(1801, 13, '533db2&ECAPRO&status&OK&0&0&0&0&0&0&0&0&0&0&0&0&0\n', 1, 1430970039, 1),
(1802, 13, '533db2&ECAPRO&status&OK&0&0&0&0&0&0&0&0&0&0&0&0&0\n', 1, 1430970050, 1),
(1803, 13, '533db2&ECAPRO&status&OK&0&0&0&0&0&0&0&0&0&0&0&0&0\n', 1, 1430970059, 1),
(1804, 13, '533db2&ECAPRO&status&OK&0&0&0&0&0&0&0&0&0&0&0&0&0\n', 1, 1430970069, 1),
(1805, 13, '533db2&ECAPRO&status&OK&0&0&0&0&0&0&0&0&0&0&0&0&0\n', 1, 1430970079, 1),
(1806, 13, '533db2&ECAPRO&status&OK&0&0&0&0&0&0&0&0&0&0&0&0&0\n', 1, 1430970089, 1),
(1807, 13, '533db2&ECAPRO&status&OK&0&0&0&0&0&0&0&0&0&0&0&0&0\n', 1, 1430970099, 1),
(1808, 13, '533db2&ECAPRO&status&OK&0&0&0&0&0&0&0&0&0&0&0&0&0\n', 1, 1430970110, 1),
(1809, 13, '533db2&ECAPRO&status&OK&0&0&0&0&0&0&0&0&0&0&0&0&0\n', 1, 1430970119, 1),
(1810, 13, '533db2&ECAPRO&status&OK&0&0&0&0&0&0&0&0&0&0&0&0&0\n', 1, 1430970129, 1),
(1811, 13, '533db2&ECAPRO&status&OK&0&0&0&0&0&0&0&0&0&0&0&0&0\n', 1, 1430970139, 1),
(1812, 13, '533db2&ECAPRO&status&OK&0&0&0&0&0&0&0&0&0&0&0&0&0\n', 1, 1430970149, 1),
(1813, 13, '533db2&ECAPRO&status&OK&0&0&0&0&0&0&0&0&0&0&0&0&0\n', 1, 1430970159, 1),
(1814, 13, '533db2&ECAPRO&status&OK&0&0&0&0&0&0&0&0&0&0&0&0&0\n', 1, 1430970169, 1),
(1815, 13, '533db2&ECAPRO&status&OK&0&0&0&0&0&0&0&0&0&0&0&0&0\n', 1, 1430970179, 1),
(1816, 13, '533db2&ECAPRO&status&OK&0&0&0&0&0&0&0&0&0&0&0&0&0\n', 1, 1430970190, 1),
(1817, 13, '533db2&ECAPRO&status&OK&0&0&0&0&0&0&0&0&0&0&0&0&0\n', 1, 1430970200, 1),
(1818, 13, '533db2&ECAPRO&status&OK&0&0&0&0&0&0&0&0&0&0&0&0&0\n', 1, 1430970209, 1),
(1819, 13, '533db2&ECAPRO&status&OK&0&0&0&0&0&0&0&0&0&0&0&0&0\n', 1, 1430970219, 1),
(1820, 13, '533db2&ECAPRO&status&OK&0&0&0&0&0&0&0&0&0&0&0&0&0\n', 1, 1430970230, 1),
(1821, 13, '533db2&ECAPRO&status&OK&0&0&0&0&0&0&0&0&0&0&0&0&0\n', 1, 1430970240, 1),
(1822, 13, '533db2&ECAPRO&status&OK&0&0&0&0&0&0&0&0&0&0&0&0&0\n', 1, 1430970249, 1),
(1823, 13, '533db2&ECAPRO&status&OK&0&0&0&0&0&0&0&0&0&0&0&0&0\n', 1, 1430970259, 1),
(1824, 13, '533db2&ECAPRO&status&OK&0&0&0&0&0&0&0&0&0&0&0&0&0\n', 1, 1430970270, 1),
(1825, 13, '533db2&ECAPRO&status&OK&0&0&0&0&0&0&0&0&0&0&0&0&0\n', 1, 1430970280, 1),
(1826, 13, '533db2&ECAPRO&status&OK&0&0&0&0&0&0&0&0&0&0&0&0&0\n', 1, 1430970290, 1),
(1827, 13, '533db2&ECAPRO&status&OK&0&0&0&0&0&0&0&0&0&0&0&0&0\n', 1, 1430970299, 1),
(1828, 13, '533db2&ECAPRO&status&OK&0&0&0&0&0&0&0&0&0&0&0&0&0\n', 1, 1430970310, 1),
(1829, 13, '533db2&ECAPRO&status&OK&0&0&0&0&0&0&0&0&0&0&0&0&0\n', 1, 1430970320, 1),
(1830, 13, '533db2&ECAPRO&status&OK&0&0&0&0&0&0&0&0&0&0&0&0&0\n', 1, 1430970329, 1),
(1831, 13, '533db2&ECAPRO&status&OK&0&0&0&0&0&0&0&0&0&0&0&0&0\n', 1, 1430970339, 1),
(1832, 13, '533db2&ECAPRO&status&OK&0&0&0&0&0&0&0&0&0&0&0&0&0\n', 1, 1430970350, 1),
(1833, 13, '533db2&ECAPRO&status&OK&0&0&0&0&0&0&0&0&0&0&0&0&0\n', 1, 1430970360, 1),
(1834, 13, '533db2&ECAPRO&status&OK&0&0&0&0&0&0&0&0&0&0&0&0&0\n', 1, 1430970369, 1),
(1835, 13, '533db2&ECAPRO&status&OK&0&0&0&0&0&0&0&0&0&0&0&0&0\n', 1, 1430970380, 1),
(1836, 13, '533db2&ECAPRO&status&OK&0&0&0&0&0&0&0&0&0&0&0&0&0\n', 1, 1430970390, 1),
(1837, 13, '533db2&ECAPRO&status&OK&0&0&0&0&0&0&0&0&0&0&0&0&0\n', 1, 1430970400, 1),
(1838, 13, '533db2&ECAPRO&status&OK&0&0&0&0&0&0&0&0&0&0&0&0&0\n', 1, 1430970410, 1),
(1839, 13, '533db2&ECAPRO&status&OK&0&0&0&0&0&0&0&0&0&0&0&0&0\n', 1, 1430970420, 1),
(1840, 13, '533db2&ECAPRO&status&OK&0&0&0&0&0&0&0&0&0&0&0&0&0\n', 1, 1430970430, 1),
(1841, 13, '533db2&ECAPRO&status&OK&0&0&0&0&0&0&0&0&0&0&0&0&0\n', 1, 1430970440, 1),
(1842, 13, '533db2&ECAPRO&status&OK&0&0&0&0&0&0&0&0&0&0&0&0&0\n', 1, 1430970449, 1),
(1843, 13, '533db2&ECAPRO&status&OK&0&0&0&0&0&0&0&0&0&0&0&0&0\n', 1, 1430970460, 1),
(1844, 13, '533db2&ECAPRO&status&OK&0&0&0&0&0&0&0&0&0&0&0&0&0\n', 1, 1430970470, 1),
(1845, 13, '533db2&ECAPRO&status&OK&0&0&0&0&0&0&0&0&0&0&0&0&0\n', 1, 1430970480, 1),
(1846, 13, '533db2&ECAPRO&status&OK&0&0&0&0&0&0&0&0&0&0&0&0&0\n', 1, 1430970490, 1),
(1847, 13, '533db2&ECAPRO&status&OK&0&0&0&0&0&0&0&0&0&0&0&0&0\n', 1, 1430970500, 1),
(1848, 13, '533db2&ECAPRO&status&OK&0&0&0&0&0&0&0&0&0&0&0&0&0\n', 1, 1430970510, 1),
(1849, 13, '533db2&ECAPRO&status&OK&0&0&0&0&0&0&0&0&0&0&0&0&0\n', 1, 1430970520, 1),
(1850, 13, '533db2&ECAPRO&status&OK&0&0&0&0&0&0&0&0&0&0&0&0&0\n', 1, 1430970530, 1),
(1851, 13, '533db2&ECAPRO&status&OK&0&0&0&0&0&0&0&0&0&0&0&0&0\n', 1, 1430970540, 1),
(1852, 13, '533db2&ECAPRO&status&OK&0&0&0&0&0&0&0&0&0&0&0&0&0\n', 1, 1430970550, 1),
(1853, 13, '533db2&ECAPRO&status&OK&0&0&0&0&0&0&0&0&0&0&0&0&0\n', 1, 1430970560, 1),
(1854, 13, '533db2&ECAPRO&status&OK&0&0&0&0&0&0&0&0&0&0&0&0&0\n', 1, 1430970570, 1),
(1855, 13, '533db2&ECAPRO&status&OK&0&0&0&0&0&0&0&0&0&0&0&0&0\n', 1, 1430970580, 1),
(1856, 13, '533db2&ECAPRO&status&OK&0&0&0&0&0&0&0&0&0&0&0&0&0\n', 1, 1430970590, 1),
(1857, 13, '533db2&ECAPRO&status&OK&0&0&0&0&0&0&0&0&0&0&0&0&0\n', 1, 1430970601, 1),
(1858, 13, '533db2&ECAPRO&status&OK&0&0&0&0&0&0&0&0&0&0&0&0&0\n', 1, 1430970610, 1),
(1859, 13, '533db2&ECAPRO&status&OK&0&0&0&0&0&0&0&0&0&0&0&0&0\n', 1, 1430970620, 1),
(1860, 13, '533db2&ECAPRO&status&OK&0&0&0&0&0&0&0&0&0&0&0&0&0\n', 1, 1430970630, 1),
(1861, 13, '533db2&ECAPRO&status&OK&0&0&0&0&0&0&0&0&0&0&0&0&0\n', 1, 1430970640, 1),
(1862, 13, '533db2&ECAPRO&status&OK&0&0&0&0&0&0&0&0&0&0&0&0&0\n', 1, 1430970650, 1),
(1863, 13, '533db2&ECAPRO&status&OK&0&0&0&0&0&0&0&0&0&0&0&0&0\n', 1, 1430970660, 1),
(1864, 13, '533db2&ECAPRO&status&OK&0&0&0&0&0&0&0&0&0&0&0&0&0\n', 1, 1430970670, 1),
(1865, 13, '533db2&ECAPRO&status&OK&0&0&0&0&0&0&0&0&0&0&0&0&0\n', 1, 1430970680, 1),
(1866, 13, '533db2&ECAPRO&status&OK&0&0&0&0&0&0&0&0&0&0&0&0&0\n', 1, 1430970690, 1),
(1867, 13, '533db2&ECAPRO&status&OK&0&0&0&0&0&0&0&0&0&0&0&0&0\n', 1, 1430970700, 1),
(1868, 13, '533db2&ECAPRO&status&OK&0&0&0&0&0&0&0&0&0&0&0&0&0\n', 1, 1430970710, 1),
(1869, 13, '533db2&ECAPRO&status&OK&0&0&0&0&0&0&0&0&0&0&0&0&0\n', 1, 1430970721, 1),
(1870, 13, '533db2&ECAPRO&status&OK&0&0&0&0&0&0&0&0&0&0&0&0&0\n', 1, 1430970730, 1),
(1871, 13, '533db2&ECAPRO&status&OK&0&0&0&0&0&0&0&0&0&0&0&0&0\n', 1, 1430970740, 1),
(1872, 13, '533db2&ECAPRO&status&OK&0&0&0&0&0&0&0&0&0&0&0&0&0\n', 1, 1430970750, 1),
(1873, 13, '533db2&ECAPRO&status&OK&0&0&0&0&0&0&0&0&0&0&0&0&0\n', 1, 1430970760, 1),
(1874, 13, '533db2&ECAPRO&status&OK&0&0&0&0&0&0&0&0&0&0&0&0&0\n', 1, 1430970771, 1),
(1875, 13, '533db2&ECAPRO&status&OK&0&0&0&0&0&0&0&0&0&0&0&0&0\n', 1, 1430970780, 1),
(1876, 13, '533db2&ECAPRO&status&OK&0&0&0&0&0&0&0&0&0&0&0&0&0\n', 1, 1430970790, 1),
(1877, 13, '533db2&ECAPRO&status&OK&0&0&0&0&0&0&0&0&0&0&0&0&0\n', 1, 1430970800, 1),
(1878, 13, '533db2&ECAPRO&status&OK&0&0&0&0&0&0&0&0&0&0&0&0&0\n', 1, 1430970810, 1),
(1879, 13, '533db2&ECAPRO&status&OK&0&0&0&0&0&0&0&0&0&0&0&0&0\n', 1, 1430970821, 1),
(1880, 13, '533db2&ECAPRO&status&OK&0&0&0&0&0&0&0&0&0&0&0&0&0\n', 1, 1430970830, 1),
(1881, 13, '533db2&ECAPRO&status&OK&0&0&0&0&0&0&0&0&0&0&0&0&0\n', 1, 1430970840, 1),
(1882, 13, '533db2&ECAPRO&status&OK&0&0&0&0&0&0&0&0&0&0&0&0&0\n', 1, 1430970850, 1),
(1883, 13, '533db2&ECAPRO&status&OK&0&0&0&0&0&0&0&0&0&0&0&0&0\n', 1, 1430970861, 1),
(1884, 13, '533db2&ECAPRO&status&OK&0&0&0&0&0&0&0&0&0&0&0&0&0\n', 1, 1430970871, 1),
(1885, 13, '533db2&ECAPRO&status&OK&0&0&0&0&0&0&0&0&0&0&0&0&0\n', 1, 1430970880, 1),
(1886, 13, '533db2&ECAPRO&status&OK&0&0&0&0&0&0&0&0&0&0&0&0&0\n', 1, 1430970891, 1),
(1887, 13, '533db2&ECAPRO&status&OK&0&0&0&0&0&0&0&0&0&0&0&0&0\n', 1, 1430970901, 1),
(1888, 13, '533db2&ECAPRO&status&OK&0&0&0&0&0&0&0&0&0&0&0&0&0\n', 1, 1430970911, 1),
(1889, 13, '533db2&ECAPRO&status&OK&0&0&0&0&0&0&0&0&0&0&0&0&0\n', 1, 1430970920, 1),
(1890, 13, '533db2&ECAPRO&status&OK&0&0&0&0&0&0&0&0&0&0&0&0&0\n', 1, 1430970931, 1),
(1891, 13, '533db2&ECAPRO&status&OK&0&0&0&0&0&0&0&0&0&0&0&0&0\n', 1, 1430970941, 1),
(1892, 13, '533db2&ECAPRO&status&OK&0&0&0&0&0&0&0&0&0&0&0&0&0\n', 1, 1430970951, 1),
(1893, 13, '533db2&ECAPRO&status&OK&0&0&0&0&0&0&0&0&0&0&0&0&0\n', 1, 1430970960, 1),
(1894, 13, '533db2&ECAPRO&status&OK&0&0&0&0&0&0&0&0&0&0&0&0&0\n', 1, 1430970970, 1),
(1895, 13, '533db2&ECAPRO&status&OK&0&0&0&0&0&0&0&0&0&0&0&0&0\n', 1, 1430970981, 1),
(1896, 13, '533db2&ECAPRO&status&OK&0&0&0&0&0&0&0&0&0&0&0&0&0\n', 1, 1430970991, 1),
(1897, 13, '533db2&ECAPRO&status&OK&0&0&0&0&0&0&0&0&0&0&0&0&0\n', 1, 1430971001, 1),
(1898, 13, '533db2&ECAPRO&status&OK&0&0&0&0&0&0&0&0&0&0&0&0&0\n', 1, 1430971010, 1),
(1899, 13, '533db2&ECAPRO&status&OK&0&0&0&0&0&0&0&0&0&0&0&0&0\n', 1, 1430971021, 1),
(1900, 13, '533db2&ECAPRO&status&OK&0&0&0&0&0&0&0&0&0&0&0&0&0\n', 1, 1430971031, 1),
(1901, 13, '533db2&ECAPRO&status&OK&0&0&0&0&0&0&0&0&0&0&0&0&0\n', 1, 1430971041, 1),
(1902, 13, '533db2&ECAPRO&status&OK&0&0&0&0&0&0&0&0&0&0&0&0&0\n', 1, 1430971051, 1),
(1903, 13, '533db2&ECAPRO&status&OK&0&0&0&0&0&0&0&0&0&0&0&0&0\n', 1, 1430971061, 1),
(1904, 13, '533db2&ECAPRO&status&OK&0&0&0&0&0&0&0&0&0&0&0&0&0\n', 1, 1430971071, 1),
(1905, 13, '533db2&ECAPRO&status&OK&0&0&0&0&0&0&0&0&0&0&0&0&0\n', 1, 1430971081, 1),
(1906, 13, '533db2&ECAPRO&status&OK&0&0&0&0&0&0&0&0&0&0&0&0&0\n', 1, 1430971091, 1),
(1907, 13, '533db2&ECAPRO&status&OK&0&0&0&0&0&0&0&0&0&0&0&0&0\n', 1, 1430971101, 1),
(1908, 13, '533db2&ECAPRO&status&OK&0&0&0&0&0&0&0&0&0&0&0&0&0\n', 1, 1430971111, 1),
(1909, 13, '533db2&ECAPRO&status&OK&0&0&0&0&0&0&0&0&0&0&0&0&0\n', 1, 1430971121, 1),
(1910, 13, '533db2&ECAPRO&status&OK&0&0&0&0&0&0&0&0&0&0&0&0&0\n', 1, 1430971131, 1),
(1911, 13, '533db2&ECAPRO&status&OK&0&0&0&0&0&0&0&0&0&0&0&0&0\n', 1, 1430971141, 1),
(1912, 13, '533db2&ECAPRO&status&OK&0&0&0&0&0&0&0&0&0&0&0&0&0\n', 1, 1430971151, 1),
(1913, 13, '533db2&ECAPRO&status&OK&0&0&0&0&0&0&0&0&0&0&0&0&0\n', 1, 1430971161, 1),
(1914, 13, '533db2&ECAPRO&status&OK&0&0&0&0&0&0&0&0&0&0&0&0&0\n', 1, 1430971171, 1),
(1915, 13, '533db2&ECAPRO&status&OK&0&0&0&0&0&0&0&0&0&0&0&0&0\n', 1, 1430971181, 1),
(1916, 13, '533db2&ECAPRO&status&DISARM&0&0&0&0&0&0&0&0&0&0&0&0&0\n', 1, 1430971184, 1),
(1917, 13, '533db2&ECAPRO&status&OK&0&0&0&0&0&0&0&0&0&0&0&0&0\n', 1, 1430971192, 1),
(1918, 13, '533db2&ECAPRO&status&OK&0&0&0&0&0&0&0&0&0&0&0&0&0\n', 1, 1430971195, 1),
(1919, 13, '533db2&ECAPRO&status&OK&0&0&0&0&0&0&0&0&0&0&0&0&0\n', 1, 1430971201, 1),
(1920, 13, '533db2&ECAPRO&status&OK&0&0&0&0&0&0&0&0&0&0&0&0&0\n', 1, 1430971204, 1),
(1921, 13, '533db2&ECAPRO&status&OK&0&0&0&0&0&0&0&0&0&0&0&0&0\n', 1, 1430971211, 1),
(1922, 13, '533db2&ECAPRO&status&OK&0&0&0&0&0&0&0&0&0&0&0&0&0\n', 1, 1430971215, 1),
(1923, 13, '533db2&ECAPRO&status&OK&0&0&0&0&0&0&0&0&0&0&0&0&0\n', 1, 1430971221, 1),
(1924, 13, '533db2&ECAPRO&status&OK&0&0&0&0&0&0&0&0&0&0&0&0&0\n', 1, 1430971225, 1),
(1925, 13, '533db2&ECAPRO&status&OK&0&0&0&0&0&0&0&0&0&0&0&0&0\n', 1, 1430971231, 1),
(1926, 13, '533db2&ECAPRO&status&OK&0&0&0&0&0&0&0&0&0&0&0&0&0\n', 1, 1430971234, 1),
(1927, 13, '533db2&ECAPRO&status&OK&0&0&0&0&0&0&0&0&0&0&0&0&0\n', 1, 1430971241, 1),
(1928, 13, '533db2&ECAPRO&status&OK&0&0&0&0&0&0&0&0&0&0&0&0&0\n', 1, 1430971245, 1),
(1929, 13, '533db2&ECAPRO&status&OK&0&0&0&0&0&0&0&0&0&0&0&0&0\n', 1, 1430971252, 1),
(1930, 13, '533db2&ECAPRO&status&OK&0&0&0&0&0&0&0&0&0&0&0&0&0\n', 1, 1430971261, 1),
(1931, 13, '533db2&ECAPRO&status&OK&0&0&0&0&0&0&0&0&0&0&0&0&0\n', 1, 1430971271, 1),
(1932, 13, '533db2&ECAPRO&status&OK&0&0&0&0&0&0&0&0&0&0&0&0&0\n', 1, 1430971281, 1),
(1933, 13, '533db2&ECAPRO&status&OK&0&0&0&0&0&0&0&0&0&0&0&0&0\n', 1, 1430971291, 1),
(1934, 13, '533db2&ECAPRO&status&OK&0&0&0&0&0&0&0&0&0&0&0&0&0\n', 1, 1430971301, 1),
(1935, 13, '533db2&ECAPRO&status&OK&0&0&0&0&0&0&0&0&0&0&0&0&0\n', 1, 1430971311, 1),
(1936, 13, '533db2&ECAPRO&status&OK&0&0&0&0&0&0&0&0&0&0&0&0&0\n', 1, 1430971321, 1),
(1937, 13, '533db2&ECAPRO&status&OK&0&0&0&0&0&0&0&0&0&0&0&0&0\n', 1, 1430971331, 1),
(1938, 13, '533db2&ECAPRO&status&OK&0&0&0&0&0&0&0&0&0&0&0&0&0\n', 1, 1430971341, 1),
(1939, 13, '533db2&ECAPRO&status&OK&0&0&0&0&0&0&0&0&0&0&0&0&0\n', 1, 1430971351, 1),
(1940, 13, '533db2&ECAPRO&status&OK&0&0&0&0&0&0&0&0&0&0&0&0&0\n', 1, 1430971361, 1),
(1941, 13, '533db2&ECAPRO&status&OK&0&0&0&0&0&0&0&0&0&0&0&0&0\n', 1, 1430971372, 1),
(1942, 13, '533db2&ECAPRO&status&OK&0&0&0&0&0&0&0&0&0&0&0&0&0\n', 1, 1430971382, 1),
(1943, 13, '533db2&ECAPRO&status&OK&0&0&0&0&0&0&0&0&0&0&0&0&0\n', 1, 1430971391, 1),
(1944, 13, '533db2&ECAPRO&status&OK&0&0&0&0&0&0&0&0&0&0&0&0&0\n', 1, 1430971401, 1),
(1945, 13, '533db2&ECAPRO&status&OK&0&0&0&0&0&0&0&0&0&0&0&0&0\n', 1, 1430971412, 1),
(1946, 13, '533db2&ECAPRO&status&OK&0&0&0&0&0&0&0&0&0&0&0&0&0\n', 1, 1430971422, 1),
(1947, 13, '533db2&ECAPRO&status&OK&0&0&0&0&0&0&0&0&0&0&0&0&0\n', 1, 1430971431, 1),
(1948, 13, '533db2&ECAPRO&status&OK&0&0&0&0&0&0&0&0&0&0&0&0&0\n', 1, 1430971441, 1),
(1949, 13, '533db2&ECAPRO&status&OK&0&0&0&0&0&0&0&0&0&0&0&0&0\n', 1, 1430971451, 1),
(1950, 13, '533db2&ECAPRO&status&OK&0&0&0&0&0&0&0&0&0&0&0&0&0\n', 1, 1430971462, 1),
(1951, 13, '533db2&ECAPRO&status&DISARM&0&0&0&0&0&0&0&0&0&0&0&0&0\n', 1, 1430971468, 1),
(1952, 13, '533db2&ECAPRO&status&OK&0&0&0&0&0&0&0&0&0&0&0&0&0\n', 1, 1430971472, 1),
(1953, 13, '533db2&ECAPRO&status&OK&0&0&0&0&0&0&0&0&0&0&0&0&0\n', 1, 1430971478, 1),
(1954, 13, '533db2&ECAPRO&status&OK&0&0&0&0&0&0&0&0&0&0&0&0&0\n', 1, 1430971481, 1),
(1955, 13, '533db2&ECAPRO&status&OK&0&0&0&0&0&0&0&0&0&0&0&0&0\n', 1, 1430971488, 1),
(1956, 13, '533db2&ECAPRO&status&OK&0&0&0&0&0&0&0&0&0&0&0&0&0\n', 1, 1430971491, 1),
(1957, 13, '533db2&ECAPRO&status&OK&0&0&0&0&0&0&0&0&0&0&0&0&0\n', 1, 1430971498, 1),
(1958, 13, '533db2&ECAPRO&status&OK&0&0&0&0&0&0&0&0&0&0&0&0&0\n', 1, 1430971501, 1),
(1959, 13, '533db2&ECAPRO&status&OK&0&0&0&0&0&0&0&0&0&0&0&0&0\n', 1, 1430971512, 1),
(1960, 13, '533db2&ECAPRO&status&OK&0&0&0&0&0&0&0&0&0&0&0&0&0\n', 1, 1430971522, 1),
(1961, 13, '533db2&ECAPRO&status&OK&0&0&0&0&0&0&0&0&0&0&0&0&0\n', 1, 1430971532, 1),
(1962, 13, '533db2&ECAPRO&status&OK&0&0&0&0&0&0&0&0&0&0&0&0&0\n', 1, 1430971541, 1),
(1963, 13, '533db2&ECAPRO&status&OK&0&0&0&0&0&0&0&0&0&0&0&0&0\n', 1, 1430971552, 1),
(1964, 13, '533db2&ECAPRO&status&OK&0&0&0&0&0&0&0&0&0&0&0&0&0\n', 1, 1430971562, 1),
(1965, 13, '533db2&ECAPRO&status&OK&0&0&0&0&0&0&0&0&0&0&0&0&0\n', 1, 1430971572, 1),
(1966, 13, '533db2&ECAPRO&status&OK&0&0&0&0&0&0&0&0&0&0&0&0&0\n', 1, 1430971582, 1),
(1967, 13, '533db2&ECAPRO&status&OK&0&0&0&0&0&0&0&0&0&0&0&0&0\n', 1, 1430971591, 1),
(1968, 13, '533db2&ECAPRO&status&OK&0&0&0&0&0&0&0&0&0&0&0&0&0\n', 1, 1430971602, 1),
(1969, 13, '533db2&ECAPRO&status&OK&0&0&0&0&0&0&0&0&0&0&0&0&0\n', 1, 1430971612, 1),
(1970, 13, '533db2&ECAPRO&status&OK&0&0&0&0&0&0&0&0&0&0&0&0&0\n', 1, 1430971621, 1),
(1971, 13, '533db2&ECAPRO&status&OK&0&0&0&0&0&0&0&0&0&0&0&0&0\n', 1, 1430971632, 1),
(1972, 13, '533db2&ECAPRO&status&OK&0&0&0&0&0&0&0&0&0&0&0&0&0\n', 1, 1430971642, 1),
(1973, 13, '533db2&ECAPRO&status&OK&0&0&0&0&0&0&0&0&0&0&0&0&0\n', 1, 1430971652, 1),
(1974, 13, '533db2&ECAPRO&status&DISARM&0&0&0&0&0&0&0&0&0&0&0&0&0\n', 1, 1430971657, 1),
(1975, 13, '533db2&ECAPRO&status&OK&0&0&0&0&0&0&0&0&0&0&0&0&0\n', 1, 1430971662, 1),
(1976, 13, '533db2&ECAPRO&status&OK&0&0&0&0&0&0&0&0&0&0&0&0&0\n', 1, 1430971667, 1),
(1977, 13, '533db2&ECAPRO&status&OK&0&0&0&0&0&0&0&0&0&0&0&0&0\n', 1, 1430971672, 1),
(1978, 13, '533db2&ECAPRO&status&OK&0&0&0&0&0&0&0&0&0&0&0&0&0\n', 1, 1430971677, 1),
(1979, 13, '533db2&ECAPRO&status&OK&0&0&0&0&0&0&0&0&0&0&0&0&0\n', 1, 1430971682, 1),
(1980, 13, '533db2&ECAPRO&status&OK&0&0&0&0&0&0&0&0&0&0&0&0&0\n', 1, 1430971692, 1),
(1981, 13, '533db2&ECAPRO&status&OK&0&0&0&0&0&0&0&0&0&0&0&0&0\n', 1, 1430971702, 1),
(1982, 13, '533db2&ECAPRO&status&OK&0&0&0&0&0&0&0&0&0&0&0&0&0\n', 1, 1430971712, 1),
(1983, 13, '533db2&ECAPRO&status&OK&0&0&0&0&0&0&0&0&0&0&0&0&0\n', 1, 1430971722, 1),
(1984, 13, '533db2&ECAPRO&status&OK&0&0&0&0&0&0&0&0&0&0&0&0&0\n', 1, 1430971732, 1),
(1985, 13, '533db2&ECAPRO&status&OK&0&0&0&0&0&0&0&0&0&0&0&0&0\n', 1, 1430971742, 1),
(1986, 13, '533db2&ECAPRO&status&OK&0&0&0&0&0&0&0&0&0&0&0&0&0\n', 1, 1430971753, 1),
(1987, 13, '533db2&ECAPRO&status&DISARM&0&0&0&0&0&0&0&0&0&0&0&0&0\n', 1, 1430971756, 1),
(1988, 13, '533db2&ECAPRO&status&OK&0&0&0&0&0&0&0&0&0&0&0&0&0\n', 1, 1430971762, 1),
(1989, 13, '533db2&ECAPRO&status&OK&0&0&0&0&0&0&0&0&0&0&0&0&0\n', 1, 1430971766, 1),
(1990, 13, '533db2&ECAPRO&status&OK&0&0&0&0&0&0&0&0&0&0&0&0&0\n', 1, 1430971772, 1),
(1991, 13, '533db2&ECAPRO&status&OK&0&0&0&0&0&0&0&0&0&0&0&0&0\n', 1, 1430971776, 1),
(1992, 13, '533db2&ECAPRO&status&OK&0&0&0&0&0&0&0&0&0&0&0&0&0\n', 1, 1430971782, 1),
(1993, 13, '533db2&ECAPRO&status&OK&0&0&0&0&0&0&0&0&0&0&0&0&0\n', 1, 1430971786, 1),
(1994, 13, '533db2&ECAPRO&status&OK&0&0&0&0&0&0&0&0&0&0&0&0&0\n', 1, 1430971792, 1),
(1995, 13, '533db2&ECAPRO&status&OK&0&0&0&0&0&0&0&0&0&0&0&0&0\n', 1, 1430971796, 1),
(1996, 13, '533db2&ECAPRO&status&OK&0&0&0&0&0&0&0&0&0&0&0&0&0\n', 1, 1430971802, 1),
(1997, 13, '533db2&ECAPRO&status&OK&0&0&0&0&0&0&0&0&0&0&0&0&0\n', 1, 1430971806, 1),
(1998, 13, '533db2&ECAPRO&status&OK&0&0&0&0&0&0&0&0&0&0&0&0&0\n', 1, 1430971813, 1),
(1999, 13, '533db2&ECAPRO&status&OK&0&0&0&0&0&0&0&0&0&0&0&0&0\n', 1, 1430971816, 1),
(2000, 13, '533db2&ECAPRO&status&OK&0&0&0&0&0&0&0&0&0&0&0&0&0\n', 1, 1430971822, 1),
(2001, 13, '533db2&ECAPRO&status&OK&0&0&0&0&0&0&0&0&0&0&0&0&0\n', 1, 1430971826, 1),
(2002, 13, '533db2&ECAPRO&status&OK&0&0&0&0&0&0&0&0&0&0&0&0&0\n', 1, 1430971832, 1),
(2003, 13, '533db2&ECAPRO&status&OK&0&0&0&0&0&0&0&0&0&0&0&0&0\n', 1, 1430971836, 1),
(2004, 13, '533db2&ECAPRO&status&OK&0&0&0&0&0&0&0&0&0&0&0&0&0\n', 1, 1430971842, 1),
(2005, 13, '533db2&ECAPRO&status&OK&0&0&0&0&0&0&0&0&0&0&0&0&0\n', 1, 1430971847, 1),
(2006, 13, '533db2&ECAPRO&status&OK&0&0&0&0&0&0&0&0&0&0&0&0&0\n', 1, 1430971852, 1),
(2007, 13, '533db2&ECAPRO&status&OK&0&0&0&0&0&0&0&0&0&0&0&0&0\n', 1, 1430971856, 1),
(2008, 13, '533db2&ECAPRO&status&OK&0&0&0&0&0&0&0&0&0&0&0&0&0\n', 1, 1430971862, 1),
(2009, 13, '533db2&ECAPRO&status&OK&0&0&0&0&0&0&0&0&0&0&0&0&0\n', 1, 1430971866, 1),
(2010, 13, '533db2&ECAPRO&status&OK&0&0&0&0&0&0&0&0&0&0&0&0&0\n', 1, 1430971872, 1),
(2011, 13, '533db2&ECAPRO&status&OK&0&0&0&0&0&0&0&0&0&0&0&0&0\n', 1, 1430971883, 1),
(2012, 13, '533db2&ECAPRO&status&DISARM&0&0&0&0&0&0&0&0&0&0&0&0&0\n', 1, 1430971887, 1),
(2013, 13, '533db2&ECAPRO&status&OK&0&0&0&0&0&0&0&0&0&0&0&0&0\n', 1, 1430971892, 1),
(2014, 13, '533db2&ECAPRO&status&OK&0&0&0&0&0&0&0&0&0&0&0&0&0\n', 1, 1430971897, 1),
(2015, 13, '533db2&ECAPRO&status&OK&0&0&0&0&0&0&0&0&0&0&0&0&0\n', 1, 1430971902, 1),
(2016, 13, '533db2&ECAPRO&status&OK&0&0&0&0&0&0&0&0&0&0&0&0&0\n', 1, 1430971908, 1),
(2017, 13, '533db2&ECAPRO&status&OK&0&0&0&0&0&0&0&0&0&0&0&0&0\n', 1, 1430971912, 1),
(2018, 13, '533db2&ECAPRO&status&OK&0&0&0&0&0&0&0&0&0&0&0&0&0\n', 1, 1430971918, 1),
(2019, 13, '533db2&ECAPRO&status&OK&0&0&0&0&0&0&0&0&0&0&0&0&0\n', 1, 1430971922, 1),
(2020, 13, '533db2&ECAPRO&status&OK&0&0&0&0&0&0&0&0&0&0&0&0&0\n', 1, 1430971927, 1),
(2021, 13, '533db2&ECAPRO&status&OK&0&0&0&0&0&0&0&0&0&0&0&0&0\n', 1, 1430971932, 1),
(2022, 13, '533db2&ECAPRO&status&OK&0&0&0&0&0&0&0&0&0&0&0&0&0\n', 1, 1430971943, 1),
(2023, 13, '533db2&ECAPRO&status&OK&0&0&0&0&0&0&0&0&0&0&0&0&0\n', 1, 1430971953, 1),
(2024, 13, '533db2&ECAPRO&status&OK&0&0&0&0&0&0&0&0&0&0&0&0&0\n', 1, 1430971962, 1),
(2025, 13, '533db2&ECAPRO&status&OK&0&0&0&0&0&0&0&0&0&0&0&0&0\n', 1, 1430971972, 1),
(2026, 13, '533db2&ECAPRO&status&OK&0&0&0&0&0&0&0&0&0&0&0&0&0\n', 1, 1430971983, 1),
(2027, 13, '533db2&ECAPRO&status&OK&0&0&0&0&0&0&0&0&0&0&0&0&0\n', 1, 1430971992, 1),
(2028, 13, '533db2&ECAPRO&status&OK&0&0&0&0&0&0&0&0&0&0&0&0&0\n', 1, 1430972004, 1),
(2029, 13, '533db2&ECAPRO&status&OK&0&0&0&0&0&0&0&0&0&0&0&0&0\n', 1, 1430972012, 1),
(2030, 13, '533db2&ECAPRO&status&OK&0&0&0&0&0&0&0&0&0&0&0&0&0\n', 1, 1430972022, 1),
(2031, 13, '533db2&ECAPRO&status&OK&0&0&0&0&0&0&0&0&0&0&0&0&0\n', 1, 1430972033, 1),
(2032, 13, '533db2&ECAPRO&status&OK&0&0&0&0&0&0&0&0&0&0&0&0&0\n', 1, 1430972043, 1),
(2033, 13, '533db2&ECAPRO&status&OK&0&0&0&0&0&0&0&0&0&0&0&0&0\n', 1, 1430972052, 1),
(2034, 13, '533db2&ECAPRO&status&OK&0&0&0&0&0&0&0&0&0&0&0&0&0\n', 1, 1430972062, 1),
(2035, 13, '533db2&ECAPRO&status&OK&0&0&0&0&0&0&0&0&0&0&0&0&0\n', 1, 1430972073, 1),
(2036, 13, '533db2&ECAPRO&status&OK&0&0&0&0&0&0&0&0&0&0&0&0&0\n', 1, 1430972083, 1),
(2037, 13, '533db2&ECAPRO&status&OK&0&0&0&0&0&0&0&0&0&0&0&0&0\n', 1, 1430972093, 1),
(2038, 13, '533db2&ECAPRO&status&OK&0&0&0&0&0&0&0&0&0&0&0&0&0\n', 1, 1430972102, 1),
(2039, 13, '533db2&ECAPRO&status&DISARM&0&0&0&0&0&0&0&0&0&0&0&0&0\n', 1, 1430972104, 1),
(2040, 13, '533db2&ECAPRO&status&OK&0&0&0&0&0&0&0&0&0&0&0&0&0\n', 1, 1430972105, 1),
(2041, 13, '533db2&ECAPRO&status&OK&0&0&0&0&0&0&0&0&0&0&0&0&0\n', 1, 1430972107, 1),
(2042, 13, '533db2&ECAPRO&status&OK&0&0&0&0&0&0&0&0&0&0&0&0&0\n', 1, 1430972108, 1),
(2043, 13, '533db2&ECAPRO&status&OK&0&0&0&0&0&0&0&0&0&0&0&0&0\n', 1, 1430972110, 1),
(2044, 13, '533db2&ECAPRO&status&OK&0&0&0&0&0&0&0&0&0&0&0&0&0\n', 1, 1430972111, 1),
(2045, 13, '533db2&ECAPRO&status&OK&0&0&0&0&0&0&0&0&0&0&0&0&0\n', 1, 1430972114, 1),
(2046, 13, '533db2&ECAPRO&status&OK&0&0&0&0&0&0&0&0&0&0&0&0&0\n', 1, 1430972122, 1),
(2047, 13, '533db2&ECAPRO&status&OK&0&0&0&0&0&0&0&0&0&0&0&0&0\n', 1, 1430972132, 1),
(2048, 13, '533db2&ECAPRO&status&OK&0&0&0&0&0&0&0&0&0&0&0&0&0\n', 1, 1430972143, 1),
(2049, 13, '533db2&ECAPRO&status&OK&0&0&0&0&0&0&0&0&0&0&0&0&0\n', 1, 1430972153, 1),
(2050, 13, '533db2&ECAPRO&status&OK&0&0&0&0&0&0&0&0&0&0&0&0&0\n', 1, 1430972162, 1),
(2051, 13, '533db2&ECAPRO&status&OK&0&0&0&0&0&0&0&0&0&0&0&0&0\n', 1, 1430972172, 1),
(2052, 13, '533db2&ECAPRO&status&DISARM&0&0&0&0&0&0&0&0&0&0&0&0&0\n', 1, 1430972183, 1),
(2053, 13, '533db2&ECAPRO&status&OK&0&0&0&0&0&0&0&0&0&0&0&0&0\n', 1, 1430972184, 1),
(2054, 13, '533db2&ECAPRO&status&OK&0&0&0&0&0&0&0&0&0&0&0&0&0\n', 1, 1430972193, 1),
(2055, 13, '533db2&ECAPRO&status&OK&0&0&0&0&0&0&0&0&0&0&0&0&0\n', 1, 1430972202, 1),
(2056, 13, '533db2&ECAPRO&status&OK&0&0&0&0&0&0&0&0&0&0&0&0&0\n', 1, 1430972212, 1),
(2057, 13, '533db2&ECAPRO&status&OK&0&0&0&0&0&0&0&0&0&0&0&0&0\n', 1, 1430972223, 1),
(2058, 13, '533db2&ECAPRO&status&DISARM&8&0&0&0&0&0&0&0&0&0&0&0&0\n', 1, 1430972225, 1),
(2059, 13, '533db2&ECAPRO&status&OK&8&0&0&0&0&0&0&0&0&0&0&0&0\n', 1, 1430972227, 1),
(2060, 13, '533db2&ECAPRO&status&OK&8&0&0&0&0&0&0&0&0&0&0&0&0\n', 1, 1430972228, 1),
(2061, 13, '533db2&ECAPRO&status&OK&8&0&0&0&0&0&0&0&0&0&0&0&0\n', 1, 1430972229, 1),
(2062, 13, '533db2&ECAPRO&status&OK&8&0&0&0&0&0&0&0&0&0&0&0&0\n', 1, 1430972231, 1),
(2063, 13, '533db2&ECAPRO&status&OK&8&0&0&0&0&0&0&0&0&0&0&0&0\n', 1, 1430972233, 1),
(2064, 13, '533db2&ECAPRO&status&OK&0&0&0&0&0&0&0&0&0&0&0&0&0\n', 1, 1430972234, 1),
(2065, 13, '533db2&ECAPRO&status&OK&0&0&0&0&0&0&0&0&0&0&0&0&0\n', 1, 1430972243, 1),
(2066, 13, '533db2&ECAPRO&status&OK&0&0&0&0&0&0&0&0&0&0&0&0&0\n', 1, 1430972253, 1),
(2067, 13, '533db2&ECAPRO&status&OK&0&0&0&0&0&0&0&0&0&0&0&0&0\n', 1, 1430972262, 1),
(2068, 13, '533db2&ECAPRO&status&OK&0&0&0&0&0&0&0&0&0&0&0&0&0\n', 1, 1430972273, 1),
(2069, 13, '533db2&ECAPRO&status&DISARM&8&0&0&0&0&0&0&0&0&0&0&0&0\n', 1, 1430972275, 1),
(2070, 13, '533db2&ECAPRO&status&OK&8&0&0&0&0&0&0&0&0&0&0&0&0\n', 1, 1430972277, 1),
(2071, 13, '533db2&ECAPRO&status&OK&8&0&0&0&0&0&0&0&0&0&0&0&0\n', 1, 1430972278, 1),
(2072, 13, '533db2&ECAPRO&status&OK&8&0&0&0&0&0&0&0&0&0&0&0&0\n', 1, 1430972280, 1),
(2073, 13, '533db2&ECAPRO&status&OK&8&0&0&0&0&0&0&0&0&0&0&0&0\n', 1, 1430972281, 1),
(2074, 13, '533db2&ECAPRO&status&OK&0&0&0&0&0&0&0&0&0&0&0&0&0\n', 1, 1430972284, 1),
(2075, 13, '533db2&ECAPRO&status&OK&0&0&0&0&0&0&0&0&0&0&0&0&0\n', 1, 1430972293, 1),
(2076, 13, '533db2&ECAPRO&status&OK&0&0&0&0&0&0&0&0&0&0&0&0&0\n', 1, 1430972303, 1),
(2077, 13, '533db2&ECAPRO&status&OK&0&0&0&0&0&0&0&0&0&0&0&0&0\n', 1, 1430972313, 1),
(2078, 13, '533db2&ECAPRO&status&OK&0&0&0&0&0&0&0&0&0&0&0&0&0\n', 1, 1430972323, 1),
(2079, 13, '533db2&ECAPRO&status&OK&0&0&0&0&0&0&0&0&0&0&0&0&0\n', 1, 1430972333, 1),
(2080, 13, '533db2&ECAPRO&status&OK&0&0&0&0&0&0&0&0&0&0&0&0&0\n', 1, 1430972343, 1),
(2081, 13, '533db2&ECAPRO&status&OK&0&0&0&0&0&0&0&0&0&0&0&0&0\n', 1, 1430972353, 1),
(2082, 13, '533db2&ECAPRO&status&DISARM&0&0&0&0&0&0&0&0&0&0&0&0&0\n', 1, 1430972357, 1),
(2083, 13, '533db2&ECAPRO&status&OK&0&0&0&0&0&0&0&0&0&0&0&0&0\n', 1, 1430972364, 1),
(2084, 13, '533db2&ECAPRO&status&OK&0&0&0&0&0&0&0&0&0&0&0&0&0\n', 1, 1430972373, 1),
(2085, 13, '533db2&ECAPRO&status&OK&0&0&0&0&0&0&0&0&0&0&0&0&0\n', 1, 1430972383, 1),
(2086, 13, '533db2&ECAPRO&status&OK&0&0&0&0&0&0&0&0&0&0&0&0&0\n', 1, 1430972393, 1),
(2087, 13, '533db2&ECAPRO&status&DISARM&8&0&0&0&0&0&0&0&0&0&0&0&0\n', 1, 1430972399, 1),
(2088, 13, '533db2&ECAPRO&status&OK&0&0&0&0&0&0&0&0&0&0&0&0&0\n', 1, 1430972404, 1),
(2089, 13, '533db2&ECAPRO&status&OK&0&0&0&0&0&0&0&0&0&0&0&0&0\n', 1, 1430972413, 1),
(2090, 13, '533db2&ECAPRO&status&OK&0&0&0&0&0&0&0&0&0&0&0&0&0\n', 1, 1430972423, 1),
(2091, 13, '533db2&ECAPRO&status&OK&0&0&0&0&0&0&0&0&0&0&0&0&0\n', 1, 1430972433, 1),
(2092, 13, '533db2&ECAPRO&status&OK&0&0&0&0&0&0&0&0&0&0&0&0&0\n', 1, 1430972443, 1),
(2093, 13, '533db2&ECAPRO&status&OK&0&0&0&0&0&0&0&0&0&0&0&0&0\n', 1, 1430972453, 1),
(2094, 13, '533db2&ECAPRO&status&OK&0&0&0&0&0&0&0&0&0&0&0&0&0\n', 1, 1430972463, 1),
(2095, 13, '533db2&ECAPRO&status&OK&0&0&0&0&0&0&0&0&0&0&0&0&0\n', 1, 1430972473, 1),
(2096, 13, '533db2&ECAPRO&status&DISARM&8&0&0&0&0&0&0&0&0&0&0&0&0\n', 1, 1430972483, 1),
(2097, 13, '533db2&ECAPRO&status&OK&0&0&0&0&0&0&0&0&0&0&0&0&0\n', 1, 1430972485, 1),
(2098, 13, '533db2&ECAPRO&status&OK&0&0&0&0&0&0&0&0&0&0&0&0&0\n', 1, 1430972493, 1),
(2099, 13, '533db2&ECAPRO&status&OK&0&0&0&0&0&0&0&0&0&0&0&0&0\n', 1, 1430972503, 1),
(2100, 13, '533db2&ECAPRO&status&OK&0&0&0&0&0&0&0&0&0&0&0&0&0\n', 1, 1430972514, 1),
(2101, 13, '533db2&ECAPRO&status&OK&0&0&0&0&0&0&0&0&0&0&0&0&0\n', 1, 1430972524, 1),
(2102, 13, '533db2&ECAPRO&status&DISARM&8&0&0&0&0&0&0&0&0&0&0&0&0\n', 1, 1430972525, 1),
(2103, 13, '533db2&ECAPRO&status&OK&0&0&0&0&0&0&0&0&0&0&0&0&0\n', 1, 1430972533, 1),
(2104, 13, '533db2&ECAPRO&status&OK&0&0&0&0&0&0&0&0&0&0&0&0&0\n', 1, 1430972544, 1),
(2105, 13, '533db2&ECAPRO&status&OK&0&0&0&0&0&0&0&0&0&0&0&0&0\n', 1, 1430972553, 1),
(2106, 13, '533db2&ECAPRO&status&OK&0&0&0&0&0&0&0&0&0&0&0&0&0\n', 1, 1430972563, 1),
(2107, 13, '533db2&ECAPRO&status&OK&0&0&0&0&0&0&0&0&0&0&0&0&0\n', 1, 1430972573, 1),
(2108, 13, '533db2&ECAPRO&status&OK&0&0&0&0&0&0&0&0&0&0&0&0&0\n', 1, 1430972583, 1),
(2109, 13, '533db2&ECAPRO&status&OK&0&0&0&0&0&0&0&0&0&0&0&0&0\n', 1, 1430972593, 1),
(2110, 13, '533db2&ECAPRO&status&OK&0&0&0&0&0&0&0&0&0&0&0&0&0\n', 1, 1430972604, 1),
(2111, 13, '533db2&ECAPRO&status&DISARM&8&0&0&0&0&0&0&0&0&0&0&0&0\n', 1, 1430972608, 1),
(2112, 13, '533db2&ECAPRO&status&OK&0&0&0&0&0&0&0&0&0&0&0&0&0\n', 1, 1430972613, 1),
(2113, 13, '533db2&ECAPRO&status&OK&0&0&0&0&0&0&0&0&0&0&0&0&0\n', 1, 1430972623, 1),
(2114, 13, '533db2&ECAPRO&status&OK&0&0&0&0&0&0&0&0&0&0&0&0&0\n', 1, 1430972634, 1),
(2115, 13, '533db2&ECAPRO&status&OK&0&0&0&0&0&0&0&0&0&0&0&0&0\n', 1, 1430972644, 1),
(2116, 13, '533db2&ECAPRO&status&DISARM&8&0&0&0&0&0&0&0&0&0&0&0&0\n', 1, 1430972651, 1),
(2117, 13, '533db2&ECAPRO&status&OK&0&0&0&0&0&0&0&0&0&0&0&0&0\n', 1, 1430972653, 1),
(2118, 13, '533db2&ECAPRO&status&OK&0&0&0&0&0&0&0&0&0&0&0&0&0\n', 1, 1430972663, 1),
(2119, 13, '533db2&ECAPRO&status&OK&0&0&0&0&0&0&0&0&0&0&0&0&0\n', 1, 1430972673, 1),
(2120, 13, '533db2&ECAPRO&status&OK&0&0&0&0&0&0&0&0&0&0&0&0&0\n', 1, 1430972683, 1),
(2121, 13, '533db2&ECAPRO&status&OK&0&0&0&0&0&0&0&0&0&0&0&0&0\n', 1, 1430972694, 1),
(2122, 13, '533db2&ECAPRO&status&OK&0&0&0&0&0&0&0&0&0&0&0&0&0\n', 1, 1430972704, 1),
(2123, 13, '533db2&ECAPRO&status&OK&0&0&0&0&0&0&0&0&0&0&0&0&0\n', 1, 1430972713, 1),
(2124, 13, '533db2&ECAPRO&status&OK&0&0&0&0&0&0&0&0&0&0&0&0&0\n', 1, 1430972723, 1),
(2125, 13, '533db2&ECAPRO&status&OK&0&0&0&0&0&0&0&0&0&0&0&0&0\n', 1, 1430972734, 1),
(2126, 13, '533db2&ECAPRO&status&OK&0&0&0&0&0&0&0&0&0&0&0&0&0\n', 1, 1430972744, 1),
(2127, 13, '533db2&ECAPRO&status&OK&0&0&0&0&0&0&0&0&0&0&0&0&0\n', 1, 1430972754, 1),
(2128, 13, '533db2&ECAPRO&status&OK&0&0&0&0&0&0&0&0&0&0&0&0&0\n', 1, 1430972763, 1),
(2129, 13, '533db2&ECAPRO&status&OK&0&0&0&0&0&0&0&0&0&0&0&0&0\n', 1, 1430972773, 1),
(2130, 13, '533db2&ECAPRO&status&OK&0&0&0&0&0&0&0&0&0&0&0&0&0\n', 1, 1430972784, 1),
(2131, 13, '533db2&ECAPRO&status&OK&0&0&0&0&0&0&0&0&0&0&0&0&0\n', 1, 1430972794, 1),
(2132, 13, '533db2&ECAPRO&status&OK&0&0&0&0&0&0&0&0&0&0&0&0&0\n', 1, 1430972803, 1),
(2133, 13, '533db2&ECAPRO&status&OK&0&0&0&0&0&0&0&0&0&0&0&0&0\n', 1, 1430972813, 1),
(2134, 13, '533db2&ECAPRO&status&OK&0&0&0&0&0&0&0&0&0&0&0&0&0\n', 1, 1430972824, 1),
(2135, 13, '533db2&ECAPRO&status&OK&0&0&0&0&0&0&0&0&0&0&0&0&0\n', 1, 1430972834, 1),
(2136, 13, '533db2&ECAPRO&status&OK&0&0&0&0&0&0&0&0&0&0&0&0&0\n', 1, 1430972844, 1),
(2137, 13, '533db2&ECAPRO&status&OK&0&0&0&0&0&0&0&0&0&0&0&0&0\n', 1, 1430972853, 1),
(2138, 13, '533db2&ECAPRO&status&OK&0&0&0&0&0&0&0&0&0&0&0&0&0\n', 1, 1430972864, 1),
(2139, 13, '533db2&ECAPRO&status&OK&0&0&0&0&0&0&0&0&0&0&0&0&0\n', 1, 1430972874, 1),
(2140, 13, '533db2&ECAPRO&status&OK&0&0&0&0&0&0&0&0&0&0&0&0&0\n', 1, 1430972883, 1),
(2141, 13, '533db2&ECAPRO&status&OK&0&0&0&0&0&0&0&0&0&0&0&0&0\n', 1, 1430972893, 1),
(2142, 13, '533db2&ECAPRO&status&OK&0&0&0&0&0&0&0&0&0&0&0&0&0\n', 1, 1430972904, 1),
(2143, 13, '533db2&ECAPRO&status&OK&0&0&0&0&0&0&0&0&0&0&0&0&0\n', 1, 1430972914, 1),
(2144, 13, '533db2&ECAPRO&status&OK&0&0&0&0&0&0&0&0&0&0&0&0&0\n', 1, 1430972923, 1),
(2145, 13, '533db2&ECAPRO&status&OK&0&0&0&0&0&0&0&0&0&0&0&0&0\n', 1, 1430972934, 1),
(2146, 13, '533db2&ECAPRO&status&OK&0&0&0&0&0&0&0&0&0&0&0&0&0\n', 1, 1430972944, 1),
(2147, 13, '533db2&ECAPRO&status&OK&0&0&0&0&0&0&0&0&0&0&0&0&0\n', 1, 1430972954, 1),
(2148, 13, '533db2&ECAPRO&status&OK&0&0&0&0&0&0&0&0&0&0&0&0&0\n', 1, 1430972964, 1),
(2149, 13, '533db2&ECAPRO&status&OK&0&0&0&0&0&0&0&0&0&0&0&0&0\n', 1, 1430972974, 1),
(2150, 13, '533db2&ECAPRO&status&OK&0&0&0&0&0&0&0&0&0&0&0&0&0\n', 1, 1430972984, 1),
(2151, 13, '533db2&ECAPRO&status&OK&0&0&0&0&0&0&0&0&0&0&0&0&0\n', 1, 1430972994, 1),
(2152, 13, '533db2&ECAPRO&status&OK&0&0&0&0&0&0&0&0&0&0&0&0&0\n', 1, 1430973004, 1),
(2153, 13, '533db2&ECAPRO&status&OK&0&0&0&0&0&0&0&0&0&0&0&0&0\n', 1, 1430973014, 1),
(2154, 13, '533db2&ECAPRO&status&OK&0&0&0&0&0&0&0&0&0&0&0&0&0\n', 1, 1430973024, 1),
(2155, 13, '533db2&ECAPRO&status&OK&0&0&0&0&0&0&0&0&0&0&0&0&0\n', 1, 1430973034, 1),
(2156, 13, '533db2&ECAPRO&status&DISARM&0&0&0&0&0&0&0&0&0&0&0&0&0\n', 1, 1430973661, 1),
(2157, 13, '533db2&ECAPRO&status&DISARM&8&0&0&0&0&0&0&0&0&0&0&0&0\n', 1, 1430973744, 1),
(2158, 13, '533db2&ECAPRO&status&DISARM&8&0&0&0&0&0&0&0&0&0&0&0&0\n', 1, 1430973785, 1),
(2159, 13, '533db2&ECAPRO&status&DISARM&8&0&0&0&0&0&0&0&0&0&0&0&0\n', 1, 1430973868, 1),
(2160, 13, '533db2&ECAPRO&status&DISARM&8&0&0&0&0&0&0&0&0&0&0&0&0\n', 1, 1430973910, 1),
(2161, 13, '533db2&ECAPRO&status&DISARM&8&0&0&0&0&0&0&0&0&0&0&0&0\n', 1, 1430973952, 1),
(2162, 13, '533db2&ECAPRO&status&DISARM&8&0&0&0&0&0&0&0&0&0&0&0&0\n', 1, 1430974035, 1),
(2163, 13, '533db2&ECAPRO&status&DISARM&8&0&0&0&0&0&0&0&0&0&0&0&0\n', 1, 1430974077, 1),
(2164, 13, '533db2&ECAPRO&status&DISARM&8&0&0&0&0&0&0&0&0&0&0&0&0\n', 1, 1430974159, 1),
(2165, 13, '533db2&ECAPRO&status&DISARM&8&0&0&0&0&0&0&0&0&0&0&0&0\n', 1, 1430974202, 1),
(2166, 13, '533db2&ECAPRO&status&DISARM&8&0&0&0&0&0&0&0&0&0&0&0&0\n', 1, 1430974285, 1),
(2167, 13, '533db2&ECAPRO&status&DISARM&8&0&0&0&0&0&0&0&0&0&0&0&0\n', 1, 1430974327, 1),
(2168, 13, '533db2&ECAPRO&status&DISARM&8&0&0&0&0&0&0&0&0&0&0&0&0\n', 1, 1430974369, 1),
(2169, 13, '533db2&ECAPRO&status&DISARM&8&0&0&0&0&0&0&0&0&0&0&0&0\n', 1, 1430974451, 1),
(2170, 13, '533db2&ECAPRO&status&DISARM&8&0&0&0&0&0&0&0&0&0&0&0&0\n', 1, 1430974493, 1),
(2171, 13, '533db2&ECAPRO&status&DISARM&8&0&0&0&0&0&0&0&0&0&0&0&0\n', 1, 1430974575, 1),
(2172, 13, '533db2&ECAPRO&status&DISARM&8&0&0&0&0&0&0&0&0&0&0&0&0\n', 1, 1430974617, 1),
(2173, 13, '533db2&ECAPRO&status&DISARM&8&0&0&0&0&0&0&0&0&0&0&0&0\n', 1, 1430974700, 1),
(2174, 13, '533db2&ECAPRO&status&DISARM&8&0&0&0&0&0&0&0&0&0&0&0&0\n', 1, 1430974742, 1),
(2175, 13, '533db2&ECAPRO&status&DISARM&8&0&0&0&0&0&0&0&0&0&0&0&0\n', 1, 1430974826, 1),
(2176, 13, '533db2&ECAPRO&status&DISARM&8&0&0&0&0&0&0&0&0&0&0&0&0\n', 1, 1430974868, 1),
(2177, 13, '533db2&ECAPRO&status&DISARM&8&0&0&0&0&0&0&0&0&0&0&0&0\n', 1, 1430974910, 1),
(2178, 13, '533db2&ECAPRO&status&DISARM&8&0&0&0&0&0&0&0&0&0&0&0&0\n', 1, 1430974993, 1),
(2179, 13, '533db2&ECAPRO&status&DISARM&8&0&0&0&0&0&0&0&0&0&0&0&0\n', 1, 1430975035, 1),
(2180, 13, '533db2&ECAPRO&status&DISARM&8&0&0&0&0&0&0&0&0&0&0&0&0\n', 1, 1430975117, 1),
(2181, 13, '533db2&ECAPRO&status&DISARM&8&0&0&0&0&0&0&0&0&0&0&0&0\n', 1, 1430975159, 1),
(2182, 13, '533db2&ECAPRO&status&DISARM&8&0&0&0&0&0&0&0&0&0&0&0&0\n', 1, 1430975242, 1),
(2183, 13, '533db2&ECAPRO&status&DISARM&8&0&0&0&0&0&0&0&0&0&0&0&0\n', 1, 1430975284, 1),
(2184, 13, '533db2&ECAPRO&status&DISARM&8&0&0&0&0&0&0&0&0&0&0&0&0\n', 1, 1430975366, 1),
(2185, 13, '533db2&ECAPRO&status&DISARM&8&0&0&0&0&0&0&0&0&0&0&0&0\n', 1, 1430975410, 1),
(2186, 13, '533db2&ECAPRO&status&DISARM&8&0&0&0&0&0&0&0&0&0&0&0&0\n', 1, 1430975452, 1),
(2187, 13, '533db2&ECAPRO&status&DISARM&8&0&0&0&0&0&0&0&0&0&0&0&0\n', 1, 1430975534, 1),
(2188, 13, '533db2&ECAPRO&status&DISARM&8&0&0&0&0&0&0&0&0&0&0&0&0\n', 1, 1430975577, 1),
(2189, 13, '533db2&ECAPRO&status&DISARM&8&0&0&0&0&0&0&0&0&0&0&0&0\n', 1, 1430975660, 1),
(2190, 13, '533db2&ECAPRO&status&DISARM&8&0&0&0&0&0&0&0&0&0&0&0&0\n', 1, 1430975702, 1),
(2191, 13, '533db2&ECAPRO&status&DISARM&8&0&0&0&0&0&0&0&0&0&0&0&0\n', 1, 1430975784, 1),
(2192, 13, '533db2&ECAPRO&status&DISARM&8&0&0&0&0&0&0&0&0&0&0&0&0\n', 1, 1430975826, 1),
(2193, 13, '533db2&ECAPRO&status&DISARM&8&0&0&0&0&0&0&0&0&0&0&0&0\n', 1, 1430975908, 1),
(2194, 13, '533db2&ECAPRO&status&DISARM&8&0&0&0&0&0&0&0&0&0&0&0&0\n', 1, 1430975950, 1),
(2195, 13, '533db2&ECAPRO&status&DISARM&8&0&0&0&0&0&0&0&0&0&0&0&0\n', 1, 1430975993, 1),
(2196, 13, '533db2&ECAPRO&status&DISARM&8&0&0&0&0&0&0&0&0&0&0&0&0\n', 1, 1430976075, 1),
(2197, 13, '533db2&ECAPRO&status&DISARM&8&0&0&0&0&0&0&0&0&0&0&0&0\n', 1, 1430976117, 1),
(2198, 13, '533db2&ECAPRO&status&DISARM&8&0&0&0&0&0&0&0&0&0&0&0&0\n', 1, 1430976200, 1),
(2199, 13, '533db2&ECAPRO&status&DISARM&8&0&0&0&0&0&0&0&0&0&0&0&0\n', 1, 1430976241, 1),
(2200, 13, '533db2&ECAPRO&status&DISARM&8&0&0&0&0&0&0&0&0&0&0&0&0\n', 1, 1430976324, 1),
(2201, 13, '533db2&ECAPRO&status&DISARM&8&0&0&0&0&0&0&0&0&0&0&0&0\n', 1, 1430976366, 1),
(2202, 13, '533db2&ECAPRO&status&DISARM&8&0&0&0&0&0&0&0&0&0&0&0&0\n', 1, 1430976448, 1),
(2203, 13, '533db2&ECAPRO&status&DISARM&8&0&0&0&0&0&0&0&0&0&0&0&0\n', 1, 1430976490, 1),
(2204, 13, '533db2&ECAPRO&status&DISARM&8&0&0&0&0&0&0&0&0&0&0&0&0\n', 1, 1430976532, 1),
(2205, 13, '533db2&ECAPRO&status&DISARM&8&0&0&0&0&0&0&0&0&0&0&0&0\n', 1, 1430976616, 1),
(2206, 13, '533db2&ECAPRO&status&DISARM&8&0&0&0&0&0&0&0&0&0&0&0&0\n', 1, 1430976658, 1),
(2207, 13, '533db2&ECAPRO&status&DISARM&8&0&0&0&0&0&0&0&0&0&0&0&0\n', 1, 1430976740, 1),
(2208, 13, '533db2&ECAPRO&status&DISARM&8&0&0&0&0&0&0&0&0&0&0&0&0\n', 1, 1430976782, 1),
(2209, 13, '533db2&ECAPRO&status&DISARM&8&0&0&0&0&0&0&0&0&0&0&0&0\n', 1, 1430976865, 1),
(2210, 13, '533db2&ECAPRO&status&DISARM&8&0&0&0&0&0&0&0&0&0&0&0&0\n', 1, 1430976907, 1),
(2211, 13, '533db2&ECAPRO&status&DISARM&8&0&0&0&0&0&0&0&0&0&0&0&0\n', 1, 1430976949, 1),
(2212, 13, '533db2&ECAPRO&status&DISARM&8&0&0&0&0&0&0&0&0&0&0&0&0\n', 1, 1430977031, 1),
(2213, 13, '533db2&ECAPRO&status&DISARM&8&0&0&0&0&0&0&0&0&0&0&0&0\n', 1, 1430977074, 1),
(2214, 13, '533db2&ECAPRO&status&DISARM&8&0&0&0&0&0&0&0&0&0&0&0&0\n', 1, 1430977157, 1),
(2215, 13, '533db2&ECAPRO&status&DISARM&8&0&0&0&0&0&0&0&0&0&0&0&0\n', 1, 1430977200, 1),
(2216, 13, '533db2&ECAPRO&status&DISARM&8&0&0&0&0&0&0&0&0&0&0&0&0\n', 1, 1430977283, 1),
(2217, 13, '533db2&ECAPRO&status&DISARM&8&0&0&0&0&0&0&0&0&0&0&0&0\n', 1, 1430977325, 1),
(2218, 13, '533db2&ECAPRO&status&DISARM&8&0&0&0&0&0&0&0&0&0&0&0&0\n', 1, 1430977408, 1),
(2219, 13, '533db2&ECAPRO&status&DISARM&8&0&0&0&0&0&0&0&0&0&0&0&0\n', 1, 1430977450, 1),
(2220, 13, '533db2&ECAPRO&status&DISARM&8&0&0&0&0&0&0&0&0&0&0&0&0\n', 1, 1430977492, 1),
(2221, 13, '533db2&ECAPRO&status&DISARM&8&0&0&0&0&0&0&0&0&0&0&0&0\n', 1, 1430977575, 1),
(2222, 13, '533db2&ECAPRO&status&DISARM&8&0&0&0&0&0&0&0&0&0&0&0&0\n', 1, 1430977617, 1),
(2223, 13, '533db2&ECAPRO&status&DISARM&8&0&0&0&0&0&0&0&0&0&0&0&0\n', 1, 1430977699, 1),
(2224, 13, '533db2&ECAPRO&status&DISARM&8&0&0&0&0&0&0&0&0&0&0&0&0\n', 1, 1430977741, 1),
(2225, 13, '533db2&ECAPRO&status&DISARM&8&0&0&0&0&0&0&0&0&0&0&0&0\n', 1, 1430977824, 1),
(2226, 13, '533db2&ECAPRO&status&DISARM&8&0&0&0&0&0&0&0&0&0&0&0&0\n', 1, 1430977866, 1),
(2227, 13, '533db2&ECAPRO&status&DISARM&8&0&0&0&0&0&0&0&0&0&0&0&0\n', 1, 1430977908, 1),
(2228, 13, '533db2&ECAPRO&status&DISARM&8&0&0&0&0&0&0&0&0&0&0&0&0\n', 1, 1430977991, 1),
(2229, 13, '533db2&ECAPRO&status&DISARM&8&0&0&0&0&0&0&0&0&0&0&0&0\n', 1, 1430978033, 1),
(2230, 13, '533db2&ECAPRO&status&DISARM&8&0&0&0&0&0&0&0&0&0&0&0&0\n', 1, 1430978116, 1),
(2231, 13, '533db2&ECAPRO&status&DISARM&8&0&0&0&0&0&0&0&0&0&0&0&0\n', 1, 1430978158, 1),
(2232, 13, '533db2&ECAPRO&status&DISARM&8&0&0&0&0&0&0&0&0&0&0&0&0\n', 1, 1430978241, 1),
(2233, 13, '533db2&ECAPRO&status&DISARM&8&0&0&0&0&0&0&0&0&0&0&0&0\n', 1, 1430978282, 1),
(2234, 13, '533db2&ECAPRO&status&DISARM&8&0&0&0&0&0&0&0&0&0&0&0&0\n', 1, 1430978365, 1),
(2235, 13, '533db2&ECAPRO&status&DISARM&8&0&0&0&0&0&0&0&0&0&0&0&0\n', 1, 1430978408, 1),
(2236, 13, '533db2&ECAPRO&status&DISARM&8&0&0&0&0&0&0&0&0&0&0&0&0\n', 1, 1430978450, 1),
(2237, 13, '533db2&ECAPRO&status&DISARM&8&0&0&0&0&0&0&0&0&0&0&0&0\n', 1, 1430978533, 1),
(2238, 13, '533db2&ECAPRO&status&DISARM&8&0&0&0&0&0&0&0&0&0&0&0&0\n', 1, 1430978575, 1),
(2239, 13, '533db2&ECAPRO&status&DISARM&8&0&0&0&0&0&0&0&0&0&0&0&0\n', 1, 1430978658, 1),
(2240, 13, '533db2&ECAPRO&status&DISARM&8&0&0&0&0&0&0&0&0&0&0&0&0\n', 1, 1430978700, 1),
(2241, 13, '533db2&ECAPRO&status&DISARM&8&0&0&0&0&0&0&0&0&0&0&0&0\n', 1, 1430978782, 1),
(2242, 13, '533db2&ECAPRO&status&DISARM&8&0&0&0&0&0&0&0&0&0&0&0&0\n', 1, 1430978824, 1),
(2243, 13, '533db2&ECAPRO&status&DISARM&8&0&0&0&0&0&0&0&0&0&0&0&0\n', 1, 1430978907, 1),
(2244, 13, '533db2&ECAPRO&status&DISARM&8&0&0&0&0&0&0&0&0&0&0&0&0\n', 1, 1430978949, 1),
(2245, 13, '533db2&ECAPRO&status&DISARM&8&0&0&0&0&0&0&0&0&0&0&0&0\n', 1, 1430978993, 1),
(2246, 13, '533db2&ECAPRO&status&ARMING&8&1&0&0&0&0&0&0&0&0&0&0&0\n', 1, 1430979075, 1),
(2247, 13, '533db2&ECAPRO&status&ARMING&8&1&0&0&0&0&0&0&0&0&0&0&0\n', 1, 1430979117, 1),
(2248, 13, '533db2&ECAPRO&status&ARMING&8&1&0&0&0&0&0&0&0&0&0&0&0\n', 1, 1430979200, 1),
(2249, 13, '533db2&ECAPRO&status&ARMING&8&1&0&0&0&0&0&0&0&0&0&0&0\n', 1, 1430979242, 1),
(2250, 13, '533db2&ECAPRO&status&ARMING&8&1&0&0&0&0&0&0&0&0&0&0&0\n', 1, 1430979325, 1),
(2251, 13, '533db2&ECAPRO&status&ARMING&8&1&0&0&0&0&0&0&0&0&0&0&0\n', 1, 1430979367, 1),
(2252, 13, '533db2&ECAPRO&status&ARMING&8&1&0&0&0&0&0&0&0&0&0&0&0\n', 1, 1430979409, 1),
(2253, 13, '533db2&ECAPRO&status&ARMING&8&1&0&0&0&0&0&0&0&0&0&0&0\n', 1, 1430979491, 1),
(2254, 13, '533db2&ECAPRO&status&ARMING&8&1&0&0&0&0&0&0&0&0&0&0&0\n', 1, 1430979533, 1),
(2255, 13, '533db2&ECAPRO&status&ARMING&8&1&0&0&0&0&0&0&0&0&0&0&0\n', 1, 1430979617, 1),
(2256, 13, '533db2&ECAPRO&status&ARMING&8&1&0&0&0&0&0&0&0&0&0&0&0\n', 1, 1430979659, 1),
(2257, 13, '533db2&ECAPRO&status&ARMING&8&1&0&0&0&0&0&0&0&0&0&0&0\n', 1, 1430979741, 1),
(2258, 13, '533db2&ECAPRO&status&ARMING&8&1&0&0&0&0&0&0&0&0&0&0&0\n', 1, 1430979783, 1),
(2259, 13, '533db2&ECAPRO&status&ARMING&8&1&0&0&0&0&0&0&0&0&0&0&0\n', 1, 1430979866, 1),
(2260, 13, '533db2&ECAPRO&status&ARMING&8&1&0&0&0&0&0&0&0&0&0&0&0\n', 1, 1430979908, 1),
(2261, 13, '533db2&ECAPRO&status&ARMING&8&1&0&0&0&0&0&0&0&0&0&0&0\n', 1, 1430979950, 1),
(2262, 13, '533db2&ECAPRO&status&ARMING&8&1&0&0&0&0&0&0&0&0&0&0&0\n', 1, 1430980032, 1),
(2263, 13, '533db2&ECAPRO&status&ARMING&8&1&0&0&0&0&0&0&0&0&0&0&0\n', 1, 1430980075, 1),
(2264, 13, '533db2&ECAPRO&status&ARMING&8&1&0&0&0&0&0&0&0&0&0&0&0\n', 1, 1430980157, 1),
(2265, 13, '533db2&ECAPRO&status&ARMING&8&1&0&0&0&0&0&0&0&0&0&0&0\n', 1, 1430980200, 1),
(2266, 13, '533db2&ECAPRO&status&ARMING&8&1&0&0&0&0&0&0&0&0&0&0&0\n', 1, 1430980282, 1),
(2267, 13, '533db2&ECAPRO&status&ARMING&8&1&0&0&0&0&0&0&0&0&0&0&0\n', 1, 1430980324, 1),
(2268, 13, '533db2&ECAPRO&status&ARMING&8&1&0&0&0&0&0&0&0&0&0&0&0\n', 1, 1430980407, 1),
(2269, 13, '533db2&ECAPRO&status&ARMING&8&1&0&0&0&0&0&0&0&0&0&0&0\n', 1, 1430980449, 1),
(2270, 13, '533db2&ECAPRO&status&ARMING&8&1&0&0&0&0&0&0&0&0&0&0&0\n', 1, 1430980491, 1),
(2271, 13, '533db2&ECAPRO&status&ARMING&8&1&0&0&0&0&0&0&0&0&0&0&0\n', 1, 1430980574, 1),
(2272, 13, '533db2&ECAPRO&status&ARMING&8&1&0&0&0&0&0&0&0&0&0&0&0\n', 1, 1430980616, 1),
(2273, 13, '533db2&ECAPRO&status&ARMING&8&1&0&0&0&0&0&0&0&0&0&0&0\n', 1, 1430980699, 1),
(2274, 13, '533db2&ECAPRO&status&ARMING&8&1&0&0&0&0&0&0&0&0&0&0&0\n', 1, 1430980741, 1),
(2275, 13, '533db2&ECAPRO&status&ARMING&8&1&0&0&0&0&0&0&0&0&0&0&0\n', 1, 1430980824, 1),
(2276, 13, '533db2&ECAPRO&status&ARMING&8&1&0&0&0&0&0&0&0&0&0&0&0\n', 1, 1430980866, 1),
(2277, 13, '533db2&ECAPRO&status&ARMING&8&1&0&0&0&0&0&0&0&0&0&0&0\n', 1, 1430980949, 1),
(2278, 13, '533db2&ECAPRO&status&ARMING&8&1&0&0&0&0&0&0&0&0&0&0&0\n', 1, 1430980991, 1),
(2279, 13, '533db2&ECAPRO&status&ARMING&8&1&0&0&0&0&0&0&0&0&0&0&0\n', 1, 1430981033, 1),
(2280, 13, '533db2&ECAPRO&status&ARMING&8&1&0&0&0&0&0&0&0&0&0&0&0\n', 1, 1430981116, 1),
(2281, 13, '533db2&ECAPRO&status&ARMING&8&1&0&0&0&0&0&0&0&0&0&0&0\n', 1, 1430981158, 1),
(2282, 13, '533db2&ECAPRO&status&ARMING&8&1&0&0&0&0&0&0&0&0&0&0&0\n', 1, 1430981240, 1),
(2283, 13, '533db2&ECAPRO&status&ARMING&8&1&0&0&0&0&0&0&0&0&0&0&0\n', 1, 1430981283, 1),
(2284, 13, '533db2&ECAPRO&status&ARMING&8&1&0&0&0&0&0&0&0&0&0&0&0\n', 1, 1430981365, 1),
(2285, 13, '533db2&ECAPRO&status&ARMING&8&1&0&0&0&0&0&0&0&0&0&0&0\n', 1, 1430981409, 1),
(2286, 13, '533db2&ECAPRO&status&ARMING&8&1&0&0&0&0&0&0&0&0&0&0&0\n', 1, 1430981451, 1),
(2287, 13, '533db2&ECAPRO&status&ARMING&8&1&0&0&0&0&0&0&0&0&0&0&0\n', 1, 1430981534, 1),
(2288, 13, '533db2&ECAPRO&status&ARMING&8&1&0&0&0&0&0&0&0&0&0&0&0\n', 1, 1430981576, 1),
(2289, 13, '533db2&ECAPRO&status&ARMING&8&1&0&0&0&0&0&0&0&0&0&0&0\n', 1, 1430981658, 1),
(2290, 13, '533db2&ECAPRO&status&ARMING&8&1&0&0&0&0&0&0&0&0&0&0&0\n', 1, 1430981701, 1),
(2291, 13, '533db2&ECAPRO&status&ARMING&8&1&0&0&0&0&0&0&0&0&0&0&0\n', 1, 1430981783, 1),
(2292, 13, '533db2&ECAPRO&status&ARMING&8&1&0&0&0&0&0&0&0&0&0&0&0\n', 1, 1430981825, 1),
(2293, 13, '533db2&ECAPRO&status&ARMING&8&1&0&0&0&0&0&0&0&0&0&0&0\n', 1, 1430981908, 1),
(2294, 13, '533db2&ECAPRO&status&ARMING&8&1&0&0&0&0&0&0&0&0&0&0&0\n', 1, 1430981950, 1),
(2295, 13, '533db2&ECAPRO&status&ARMING&8&1&0&0&0&0&0&0&0&0&0&0&0\n', 1, 1430981992, 1),
(2296, 13, '533db2&ECAPRO&status&ARMING&8&1&0&0&0&0&0&0&0&0&0&0&0\n', 1, 1430982075, 1),
(2297, 13, '533db2&ECAPRO&status&ARMING&8&1&0&0&0&0&0&0&0&0&0&0&0\n', 1, 1430982117, 1);
INSERT INTO `station_status` (`id`, `station_id`, `request_string`, `received`, `time_update`, `status`) VALUES
(2298, 13, '533db2&ECAPRO&status&ARMING&8&1&0&0&0&0&0&0&0&0&0&0&0\n', 1, 1430982200, 1),
(2299, 13, '533db2&ECAPRO&status&ARMING&8&1&0&0&0&0&0&0&0&0&0&0&0\n', 1, 1430982242, 1),
(2300, 13, '533db2&ECAPRO&status&ARMING&8&1&0&0&0&0&0&0&0&0&0&0&0\n', 1, 1430982325, 1),
(2301, 13, '533db2&ECAPRO&status&ARMING&8&1&0&0&0&0&0&0&0&0&0&0&0\n', 1, 1430982366, 1),
(2302, 13, '533db2&ECAPRO&status&ARMING&8&1&0&0&0&0&0&0&0&0&0&0&0\n', 1, 1430982408, 1),
(2303, 13, '533db2&ECAPRO&status&ARMING&8&1&0&0&0&0&0&0&0&0&0&0&0\n', 1, 1430982491, 1),
(2304, 13, '533db2&ECAPRO&status&DISARM&8&1&0&0&0&0&0&0&0&0&0&0&0\n', 1, 1430982533, 1),
(2305, 13, '533db2&ECAPRO&status&DISARM&8&1&32&0&0&0&0&0&0&0&0&0&0\n', 1, 1430982617, 1),
(2306, 13, '533db2&ECAPRO&status&DISARM&8&1&32&0&0&0&0&0&0&0&0&0&0\n', 1, 1430982659, 1),
(2307, 13, '533db2&ECAPRO&status&DISARM&8&1&32&0&0&0&0&0&0&0&0&0&0\n', 1, 1430982742, 1),
(2308, 13, '533db2&ECAPRO&status&DISARM&8&1&32&0&0&0&0&0&0&0&0&0&0\n', 1, 1430982784, 1),
(2309, 13, '533db2&ECAPRO&status&DISARM&8&1&32&0&0&0&0&0&0&0&0&0&0\n', 1, 1430982867, 1),
(2310, 13, '533db2&ECAPRO&status&DISARM&8&1&32&0&0&0&0&0&0&0&0&0&0\n', 1, 1430982908, 1),
(2311, 13, '533db2&ECAPRO&status&DISARM&8&1&32&0&0&0&0&0&0&0&0&0&0\n', 1, 1430982950, 1),
(2312, 13, '533db2&ECAPRO&status&DISARM&8&1&32&0&0&0&0&0&0&0&0&0&0\n', 1, 1430983033, 1),
(2313, 13, '533db2&ECAPRO&status&DISARM&8&1&32&0&0&0&0&0&0&0&0&0&0\n', 1, 1430983075, 1),
(2314, 13, '533db2&ECAPRO&status&DISARM&8&1&32&0&0&0&0&0&0&0&0&0&0\n', 1, 1430983158, 1),
(2315, 13, '533db2&ECAPRO&status&DISARM&8&1&32&0&0&0&0&0&0&0&0&0&0\n', 1, 1430983201, 1),
(2316, 13, '533db2&ECAPRO&status&DISARM&8&1&32&0&0&0&0&0&0&0&0&0&0\n', 1, 1430983284, 1),
(2317, 13, '533db2&ECAPRO&status&DISARM&8&1&32&0&0&0&0&0&0&0&0&0&0\n', 1, 1430983326, 1),
(2318, 13, '533db2&ECAPRO&status&DISARM&8&1&32&0&0&0&0&0&0&0&0&0&0\n', 1, 1430983408, 1),
(2319, 13, '533db2&ECAPRO&status&DISARM&8&1&32&0&0&0&0&0&0&0&0&0&0\n', 1, 1430983450, 1),
(2320, 13, '533db2&ECAPRO&status&DISARM&8&1&32&0&0&0&0&0&0&0&0&0&0\n', 1, 1430983492, 1),
(2321, 13, '533db2&ECAPRO&status&DISARM&8&1&32&0&0&0&0&0&0&0&0&0&0\n', 1, 1430983575, 1),
(2322, 13, '533db2&ECAPRO&status&DISARM&8&1&32&0&0&0&0&0&0&0&0&0&0\n', 1, 1430983617, 1),
(2323, 13, '533db2&ECAPRO&status&DISARM&8&1&32&0&0&0&0&0&0&0&0&0&0\n', 1, 1430983700, 1),
(2324, 13, '533db2&ECAPRO&status&DISARM&8&1&32&0&0&0&0&0&0&0&0&0&0\n', 1, 1430983741, 1),
(2325, 13, '533db2&ECAPRO&status&DISARM&8&1&32&0&0&0&0&0&0&0&0&0&0\n', 1, 1430983826, 1),
(2326, 13, '533db2&ECAPRO&status&DISARM&8&1&32&0&0&0&0&0&0&0&0&0&0\n', 1, 1430983868, 1),
(2327, 13, '533db2&ECAPRO&status&DISARM&8&1&32&0&0&0&0&0&0&0&0&0&0\n', 1, 1430983910, 1),
(2328, 13, '533db2&ECAPRO&status&DISARM&8&1&32&0&0&0&0&0&0&0&0&0&0\n', 1, 1430983992, 1),
(2329, 13, '533db2&ECAPRO&status&DISARM&8&1&32&0&0&0&0&0&0&0&0&0&0\n', 1, 1430984034, 1),
(2330, 13, '533db2&ECAPRO&status&DISARM&8&1&32&0&0&0&0&0&0&0&0&0&0\n', 1, 1430984117, 1),
(2331, 13, '533db2&ECAPRO&status&DISARM&8&1&32&0&0&0&0&0&0&0&0&0&0\n', 1, 1430984159, 1),
(2332, 13, '533db2&ECAPRO&status&DISARM&8&1&32&0&0&0&0&0&0&0&0&0&0\n', 1, 1430984241, 1),
(2333, 13, '533db2&ECAPRO&status&DISARM&8&1&32&0&0&0&0&0&0&0&0&0&0\n', 1, 1430984283, 1),
(2334, 13, '533db2&ECAPRO&status&DISARM&8&1&32&0&0&0&0&0&0&0&0&0&0\n', 1, 1430984365, 1),
(2335, 13, '533db2&ECAPRO&status&DISARM&8&1&32&0&0&0&0&0&0&0&0&0&0\n', 1, 1430984409, 1),
(2336, 13, '533db2&ECAPRO&status&DISARM&8&1&32&0&0&0&0&0&0&0&0&0&0\n', 1, 1430984451, 1),
(2337, 13, '533db2&ECAPRO&status&DISARM&8&1&32&0&0&0&0&0&0&0&0&0&0\n', 1, 1430984534, 1),
(2338, 13, '533db2&ECAPRO&status&DISARM&8&1&32&0&0&0&0&0&0&0&0&0&0\n', 1, 1430984576, 1),
(2339, 13, '533db2&ECAPRO&status&DISARM&8&1&32&0&0&0&0&0&0&0&0&0&0\n', 1, 1430984658, 1),
(2340, 13, '533db2&ECAPRO&status&DISARM&8&1&32&0&0&0&0&0&0&0&0&0&0\n', 1, 1430984700, 1),
(2341, 13, '533db2&ECAPRO&status&DISARM&8&1&32&0&0&0&0&0&0&0&0&0&0\n', 1, 1430984782, 1),
(2342, 13, '533db2&ECAPRO&status&DISARM&8&1&32&0&0&0&0&0&0&0&0&0&0\n', 1, 1430984824, 1),
(2343, 13, '533db2&ECAPRO&status&DISARM&8&1&32&0&0&0&0&0&0&0&0&0&0\n', 1, 1430984907, 1),
(2344, 13, '533db2&ECAPRO&status&DISARM&8&1&32&0&0&0&0&0&0&0&0&0&0\n', 1, 1430984949, 1),
(2345, 13, '533db2&ECAPRO&status&DISARM&8&1&32&0&0&0&0&0&0&0&0&0&0\n', 1, 1430984992, 1),
(2346, 13, '533db2&ECAPRO&status&DISARM&8&1&32&0&0&0&0&0&0&0&0&0&0\n', 1, 1430985074, 1),
(2347, 13, '533db2&ECAPRO&status&DISARM&8&1&32&0&0&0&0&0&0&0&0&0&0\n', 1, 1430985116, 1),
(2348, 13, '533db2&ECAPRO&status&DISARM&8&1&32&0&0&0&0&0&0&0&0&0&0\n', 1, 1430985198, 1),
(2349, 13, '533db2&ECAPRO&status&DISARM&8&1&32&0&0&0&0&0&0&0&0&0&0\n', 1, 1430985240, 1),
(2350, 13, '533db2&ECAPRO&status&DISARM&8&1&32&0&0&0&0&0&0&0&0&0&0\n', 1, 1430985323, 1),
(2351, 13, '533db2&ECAPRO&status&DISARM&8&1&32&0&0&0&0&0&0&0&0&0&0\n', 1, 1430985365, 1),
(2352, 13, '533db2&ECAPRO&status&DISARM&8&1&32&0&0&0&0&0&0&0&0&0&0\n', 1, 1430985447, 1),
(2353, 13, '533db2&ECAPRO&status&DISARM&8&1&32&0&0&0&0&0&0&0&0&0&0\n', 1, 1430985489, 1),
(2354, 13, '533db2&ECAPRO&status&DISARM&8&1&32&0&0&0&0&0&0&0&0&0&0\n', 1, 1430985531, 1),
(2355, 13, '533db2&ECAPRO&status&DISARM&8&1&32&0&0&0&0&0&0&0&0&0&0\n', 1, 1430985615, 1),
(2356, 13, '533db2&ECAPRO&status&DISARM&8&1&32&0&0&0&0&0&0&0&0&0&0\n', 1, 1430985657, 1),
(2357, 13, '533db2&ECAPRO&status&DISARM&8&1&32&0&0&0&0&0&0&0&0&0&0\n', 1, 1430985740, 1),
(2358, 13, '533db2&ECAPRO&status&DISARM&8&1&32&0&0&0&0&0&0&0&0&0&0\n', 1, 1430985782, 1),
(2359, 13, '533db2&ECAPRO&status&DISARM&8&1&32&0&0&0&0&0&0&0&0&0&0\n', 1, 1430985864, 1),
(2360, 13, '533db2&ECAPRO&status&DISARM&8&1&32&0&0&0&0&0&0&0&0&0&0\n', 1, 1430985906, 1),
(2361, 13, '533db2&ECAPRO&status&DISARM&8&1&32&0&0&0&0&0&0&0&0&0&0\n', 1, 1430985949, 1),
(2362, 13, '533db2&ECAPRO&status&DISARM&8&1&32&0&0&0&0&0&0&0&0&0&0\n', 1, 1430986031, 1),
(2363, 13, '533db2&ECAPRO&status&DISARM&8&1&32&0&0&0&0&0&0&0&0&0&0\n', 1, 1430986073, 1),
(2364, 13, '533db2&ECAPRO&status&DISARM&8&1&32&0&0&0&0&0&0&0&0&0&0\n', 1, 1430986155, 1),
(2365, 13, '533db2&ECAPRO&status&DISARM&8&1&32&0&0&0&0&0&0&0&0&0&0\n', 1, 1430986198, 1),
(2366, 13, '533db2&ECAPRO&status&DISARM&8&1&32&0&0&0&0&0&0&0&0&0&0\n', 1, 1430986281, 1),
(2367, 13, '533db2&ECAPRO&status&DISARM&8&1&32&0&0&0&0&0&0&0&0&0&0\n', 1, 1430986322, 1),
(2368, 13, '533db2&ECAPRO&status&DISARM&8&1&32&0&0&0&0&0&0&0&0&0&0\n', 1, 1430986405, 1),
(2369, 13, '533db2&ECAPRO&status&DISARM&8&1&32&0&0&0&0&0&0&0&0&0&0\n', 1, 1430986446, 1),
(2370, 13, '533db2&ECAPRO&status&DISARM&8&1&32&0&0&0&0&0&0&0&0&0&0\n', 1, 1430986488, 1),
(2371, 13, '533db2&ECAPRO&status&DISARM&8&1&32&0&0&0&0&0&0&0&0&0&0\n', 1, 1430986571, 1),
(2372, 13, '533db2&ECAPRO&status&DISARM&8&1&32&0&0&0&0&0&0&0&0&0&0\n', 1, 1430986613, 1),
(2373, 13, '533db2&ECAPRO&status&DISARM&8&1&32&0&0&0&0&0&0&0&0&0&0\n', 1, 1430986695, 1),
(2374, 13, '533db2&ECAPRO&status&DISARM&8&1&32&0&0&0&0&0&0&0&0&0&0\n', 1, 1430986737, 1),
(2375, 13, '533db2&ECAPRO&status&DISARM&8&1&32&0&0&0&0&0&0&0&0&0&0\n', 1, 1430986821, 1),
(2376, 13, '533db2&ECAPRO&status&DISARM&8&1&32&0&0&0&0&0&0&0&0&0&0\n', 1, 1430986862, 1),
(2377, 13, '533db2&ECAPRO&status&DISARM&8&1&32&0&0&0&0&0&0&0&0&0&0\n', 1, 1430986945, 1),
(2378, 13, '533db2&ECAPRO&status&DISARM&8&1&32&0&0&0&0&0&0&0&0&0&0\n', 1, 1430986987, 1),
(2379, 13, '533db2&ECAPRO&status&DISARM&8&1&32&0&0&0&0&0&0&0&0&0&0\n', 1, 1430987029, 1),
(2380, 13, '533db2&ECAPRO&status&DISARM&8&1&32&0&0&0&0&0&0&0&0&0&0\n', 1, 1430987111, 1),
(2381, 13, '533db2&ECAPRO&status&DISARM&8&1&32&0&0&0&0&0&0&0&0&0&0\n', 1, 1430987153, 1),
(2382, 13, '533db2&ECAPRO&status&DISARM&8&1&32&0&0&0&0&0&0&0&0&0&0\n', 1, 1430987236, 1),
(2383, 13, '533db2&ECAPRO&status&DISARM&8&1&32&0&0&0&0&0&0&0&0&0&0\n', 1, 1430987278, 1),
(2384, 13, '533db2&ECAPRO&status&DISARM&8&1&32&0&0&0&0&0&0&0&0&0&0\n', 1, 1430987360, 1),
(2385, 13, '533db2&ECAPRO&status&DISARM&8&1&32&0&0&0&0&0&0&0&0&0&0\n', 1, 1430987403, 1),
(2386, 13, '533db2&ECAPRO&status&DISARM&8&1&32&0&0&0&0&0&0&0&0&0&0\n', 1, 1430987485, 1),
(2387, 13, '533db2&ECAPRO&status&DISARM&8&1&32&0&0&0&0&0&0&0&0&0&0\n', 1, 1430987527, 1),
(2388, 13, '533db2&ECAPRO&status&DISARM&8&1&32&0&0&0&0&0&0&0&0&0&0\n', 1, 1430987569, 1),
(2389, 13, '533db2&ECAPRO&status&DISARM&8&1&32&0&0&0&0&0&0&0&0&0&0\n', 1, 1430987652, 1),
(2390, 13, '533db2&ECAPRO&status&DISARM&8&1&32&0&0&0&0&0&0&0&0&0&0\n', 1, 1430987694, 1),
(2391, 13, '533db2&ECAPRO&status&DISARM&8&1&32&0&0&0&0&0&0&0&0&0&0\n', 1, 1430987777, 1),
(2392, 13, '533db2&ECAPRO&status&DISARM&8&1&32&0&0&0&0&0&0&0&0&0&0\n', 1, 1430987819, 1),
(2393, 13, '533db2&ECAPRO&status&DISARM&8&1&32&0&0&0&0&0&0&0&0&0&0\n', 1, 1430987902, 1),
(2394, 13, '533db2&ECAPRO&status&DISARM&8&1&32&0&0&0&0&0&0&0&0&0&0\n', 1, 1430987943, 1),
(2395, 13, '533db2&ECAPRO&status&DISARM&8&1&32&0&0&0&0&0&0&0&0&0&0\n', 1, 1430988027, 1),
(2396, 13, '533db2&ECAPRO&status&DISARM&8&1&32&0&0&0&0&0&0&0&0&0&0\n', 1, 1430988069, 1),
(2397, 13, '533db2&ECAPRO&status&DISARM&8&1&32&0&0&0&0&0&0&0&0&0&0\n', 1, 1430988111, 1),
(2398, 13, '533db2&ECAPRO&status&DISARM&8&1&32&0&0&0&0&0&0&0&0&0&0\n', 1, 1430988194, 1),
(2399, 13, '533db2&ECAPRO&status&DISARM&8&1&32&0&0&0&0&0&0&0&0&0&0\n', 1, 1430988235, 1),
(2400, 13, '533db2&ECAPRO&status&DISARM&8&1&32&0&0&0&0&0&0&0&0&0&0\n', 1, 1430988318, 1),
(2401, 13, '533db2&ECAPRO&status&DISARM&8&1&32&0&0&0&0&0&0&0&0&0&0\n', 1, 1430988360, 1),
(2402, 13, '533db2&ECAPRO&status&DISARM&8&1&32&0&0&0&0&0&0&0&0&0&0\n', 1, 1430988442, 1),
(2403, 13, '533db2&ECAPRO&status&DISARM&8&1&32&0&0&0&0&0&0&0&0&0&0\n', 1, 1430988484, 1),
(2404, 13, '533db2&ECAPRO&status&DISARM&8&1&32&0&0&0&0&0&0&0&0&0&0\n', 1, 1430988567, 1),
(2405, 13, '533db2&ECAPRO&status&DISARM&8&1&32&0&0&0&0&0&0&0&0&0&0\n', 1, 1430988610, 1),
(2406, 13, '533db2&ECAPRO&status&DISARM&8&1&32&0&0&0&0&0&0&0&0&0&0\n', 1, 1430988652, 1),
(2407, 13, '533db2&ECAPRO&status&DISARM&8&1&32&0&0&0&0&0&0&0&0&0&0\n', 1, 1430988735, 1),
(2408, 13, '533db2&ECAPRO&status&DISARM&8&1&32&0&0&0&0&0&0&0&0&0&0\n', 1, 1430988777, 1),
(2409, 13, '533db2&ECAPRO&status&DISARM&8&1&32&0&0&0&0&0&0&0&0&0&0\n', 1, 1430988859, 1),
(2410, 13, '533db2&ECAPRO&status&DISARM&8&1&32&0&0&0&0&0&0&0&0&0&0\n', 1, 1430988901, 1),
(2411, 13, '533db2&ECAPRO&status&DISARM&8&1&32&0&0&0&0&0&0&0&0&0&0\n', 1, 1430988984, 1),
(2412, 13, '533db2&ECAPRO&status&DISARM&8&1&32&0&0&0&0&0&0&0&0&0&0\n', 1, 1430989026, 1),
(2413, 13, '533db2&ECAPRO&status&DISARM&8&1&32&0&0&0&0&0&0&0&0&0&0\n', 1, 1430989108, 1),
(2414, 13, '533db2&ECAPRO&status&DISARM&8&1&32&0&0&0&0&0&0&0&0&0&0\n', 1, 1430989150, 1),
(2415, 13, '533db2&ECAPRO&status&DISARM&8&1&32&0&0&0&0&0&0&0&0&0&0\n', 1, 1430989194, 1),
(2416, 13, '533db2&ECAPRO&status&DISARM&8&1&32&0&0&0&0&0&0&0&0&0&0\n', 1, 1430989276, 1),
(2417, 13, '533db2&ECAPRO&status&DISARM&8&1&32&0&0&0&0&0&0&0&0&0&0\n', 1, 1430989318, 1),
(2418, 13, '533db2&ECAPRO&status&DISARM&8&1&32&0&0&0&0&0&0&0&0&0&0\n', 1, 1430989401, 1),
(2419, 13, '533db2&ECAPRO&status&DISARM&8&1&32&0&0&0&0&0&0&0&0&0&0\n', 1, 1430989443, 1),
(2420, 13, '533db2&ECAPRO&status&DISARM&8&1&32&0&0&0&0&0&0&0&0&0&0\n', 1, 1430989525, 1),
(2421, 13, '533db2&ECAPRO&status&DISARM&8&1&32&0&0&0&0&0&0&0&0&0&0\n', 1, 1430989567, 1),
(2422, 13, '533db2&ECAPRO&status&DISARM&8&1&32&0&0&0&0&0&0&0&0&0&0\n', 1, 1430989609, 1),
(2423, 13, '533db2&ECAPRO&status&DISARM&8&1&32&0&0&0&0&0&0&0&0&0&0\n', 1, 1430989691, 1),
(2424, 13, '533db2&ECAPRO&status&DISARM&8&1&32&0&0&0&0&0&0&0&0&0&0\n', 1, 1430989733, 1),
(2425, 13, '533db2&ECAPRO&status&DISARM&8&1&32&0&0&0&0&0&0&0&0&0&0\n', 1, 1430989817, 1),
(2426, 13, '533db2&ECAPRO&status&DISARM&8&1&32&0&0&0&0&0&0&0&0&0&0\n', 1, 1430989858, 1),
(2427, 13, '533db2&ECAPRO&status&DISARM&8&1&32&0&0&0&0&0&0&0&0&0&0\n', 1, 1430989941, 1),
(2428, 13, '533db2&ECAPRO&status&DISARM&8&1&32&0&0&0&0&0&0&0&0&0&0\n', 1, 1430989983, 1),
(2429, 13, '533db2&ECAPRO&status&DISARM&8&1&32&0&0&0&0&0&0&0&0&0&0\n', 1, 1430990066, 1),
(2430, 13, '533db2&ECAPRO&status&DISARM&8&1&32&0&0&0&0&0&0&0&0&0&0\n', 1, 1430990107, 1),
(2431, 13, '533db2&ECAPRO&status&DISARM&8&1&32&0&0&0&0&0&0&0&0&0&0\n', 1, 1430990150, 1),
(2432, 13, '533db2&ECAPRO&status&DISARM&8&1&32&0&0&0&0&0&0&0&0&0&0\n', 1, 1430990233, 1),
(2433, 13, '533db2&ECAPRO&status&DISARM&8&1&32&0&0&0&0&0&0&0&0&0&0\n', 1, 1430990274, 1),
(2434, 13, '533db2&ECAPRO&status&DISARM&8&1&32&0&0&0&0&0&0&0&0&0&0\n', 1, 1430990357, 1),
(2435, 13, '533db2&ECAPRO&status&DISARM&8&1&32&0&0&0&0&0&0&0&0&0&0\n', 1, 1430990399, 1),
(2436, 13, '533db2&ECAPRO&status&DISARM&8&1&32&0&0&0&0&0&0&0&0&0&0\n', 1, 1430990482, 1),
(2437, 13, '533db2&ECAPRO&status&DISARM&8&1&32&0&0&0&0&0&0&0&0&0&0\n', 1, 1430990524, 1),
(2438, 13, '533db2&ECAPRO&status&DISARM&8&1&32&0&0&0&0&0&0&0&0&0&0\n', 1, 1430990606, 1),
(2439, 13, '533db2&ECAPRO&status&DISARM&8&1&32&0&0&0&0&0&0&0&0&0&0\n', 1, 1430990648, 1),
(2440, 13, '533db2&ECAPRO&status&DISARM&8&1&32&0&0&0&0&0&0&0&0&0&0\n', 1, 1430990690, 1),
(2441, 13, '533db2&ECAPRO&status&DISARM&8&1&32&0&0&0&0&0&0&0&0&0&0\n', 1, 1430990773, 1),
(2442, 13, '533db2&ECAPRO&status&DISARM&8&1&32&0&0&0&0&0&0&0&0&0&0\n', 1, 1430990815, 1),
(2443, 13, '533db2&ECAPRO&status&DISARM&8&1&32&0&0&0&0&0&0&0&0&0&0\n', 1, 1430990897, 1),
(2444, 13, '533db2&ECAPRO&status&DISARM&8&1&32&0&0&0&0&0&0&0&0&0&0\n', 1, 1430990939, 1),
(2445, 13, '533db2&ECAPRO&status&DISARM&8&1&32&0&0&0&0&0&0&0&0&0&0\n', 1, 1430991023, 1),
(2446, 13, '533db2&ECAPRO&status&DISARM&8&1&32&0&0&0&0&0&0&0&0&0&0\n', 1, 1430991065, 1),
(2447, 13, '533db2&ECAPRO&status&DISARM&8&1&32&0&0&0&0&0&0&0&0&0&0\n', 1, 1430991147, 1),
(2448, 13, '533db2&ECAPRO&status&DISARM&8&1&32&0&0&0&0&0&0&0&0&0&0\n', 1, 1430991189, 1),
(2449, 13, '533db2&ECAPRO&status&DISARM&8&1&32&0&0&0&0&0&0&0&0&0&0\n', 1, 1430991231, 1),
(2450, 13, '533db2&ECAPRO&status&DISARM&8&1&32&0&0&0&0&0&0&0&0&0&0\n', 1, 1430991314, 1),
(2451, 13, '533db2&ECAPRO&status&DISARM&8&1&32&0&0&0&0&0&0&0&0&0&0\n', 1, 1430991356, 1),
(2452, 13, '533db2&ECAPRO&status&DISARM&8&1&32&0&0&0&0&0&0&0&0&0&0\n', 1, 1430991439, 1),
(2453, 13, '533db2&ECAPRO&status&DISARM&8&1&32&0&0&0&0&0&0&0&0&0&0\n', 1, 1430991481, 1),
(2454, 13, '533db2&ECAPRO&status&DISARM&8&1&32&0&0&0&0&0&0&0&0&0&0\n', 1, 1430991563, 1),
(2455, 13, '533db2&ECAPRO&status&DISARM&8&1&32&0&0&0&0&0&0&0&0&0&0\n', 1, 1430991606, 1),
(2456, 13, '533db2&ECAPRO&status&DISARM&8&1&32&0&0&0&0&0&0&0&0&0&0\n', 1, 1430991688, 1),
(2457, 13, '533db2&ECAPRO&status&DISARM&8&1&32&0&0&0&0&0&0&0&0&0&0\n', 1, 1430991730, 1),
(2458, 13, '533db2&ECAPRO&status&DISARM&8&1&32&0&0&0&0&0&0&0&0&0&0\n', 1, 1430991772, 1),
(2459, 13, '533db2&ECAPRO&status&DISARM&8&1&32&0&0&0&0&0&0&0&0&0&0\n', 1, 1430991855, 1),
(2460, 13, '533db2&ECAPRO&status&DISARM&8&1&32&0&0&0&0&0&0&0&0&0&0\n', 1, 1430991896, 1),
(2461, 13, '533db2&ECAPRO&status&DISARM&8&1&32&0&0&0&0&0&0&0&0&0&0\n', 1, 1430991979, 1),
(2462, 13, '533db2&ECAPRO&status&DISARM&8&1&32&0&0&0&0&0&0&0&0&0&0\n', 1, 1430992021, 1),
(2463, 13, '533db2&ECAPRO&status&DISARM&8&1&32&0&0&0&0&0&0&0&0&0&0\n', 1, 1430992103, 1),
(2464, 13, '533db2&ECAPRO&status&DISARM&8&1&32&0&0&0&0&0&0&0&0&0&0\n', 1, 1430992145, 1),
(2465, 13, '533db2&ECAPRO&status&DISARM&8&1&32&0&0&0&0&0&0&0&0&0&0\n', 1, 1430992229, 1),
(2466, 13, '533db2&ECAPRO&status&DISARM&8&1&32&0&0&0&0&0&0&0&0&0&0\n', 1, 1430992271, 1),
(2467, 13, '533db2&ECAPRO&status&DISARM&8&1&32&0&0&0&0&0&0&0&0&0&0\n', 1, 1430992312, 1),
(2468, 13, '533db2&ECAPRO&status&DISARM&8&1&32&0&0&0&0&0&0&0&0&0&0\n', 1, 1430992395, 1),
(2469, 13, '533db2&ECAPRO&status&DISARM&8&1&32&0&0&0&0&0&0&0&0&0&0\n', 1, 1430992437, 1),
(2470, 13, '533db2&ECAPRO&status&DISARM&8&1&32&0&0&0&0&0&0&0&0&0&0\n', 1, 1430992520, 1),
(2471, 13, '533db2&ECAPRO&status&DISARM&8&1&32&0&0&0&0&0&0&0&0&0&0\n', 1, 1430992562, 1),
(2472, 13, '533db2&ECAPRO&status&DISARM&8&1&32&0&0&0&0&0&0&0&0&0&0\n', 1, 1430992644, 1),
(2473, 13, '533db2&ECAPRO&status&DISARM&8&1&32&0&0&0&0&0&0&0&0&0&0\n', 1, 1430992686, 1),
(2474, 13, '533db2&ECAPRO&status&DISARM&8&1&32&0&0&0&0&0&0&0&0&0&0\n', 1, 1430992729, 1),
(2475, 13, '533db2&ECAPRO&status&DISARM&8&1&32&0&0&0&0&0&0&0&0&0&0\n', 1, 1430992812, 1),
(2476, 13, '533db2&ECAPRO&status&DISARM&8&1&32&0&0&0&0&0&0&0&0&0&0\n', 1, 1430992854, 1),
(2477, 13, '533db2&ECAPRO&status&DISARM&8&1&32&0&0&0&0&0&0&0&0&0&0\n', 1, 1430992937, 1),
(2478, 13, '533db2&ECAPRO&status&DISARM&8&1&32&0&0&0&0&0&0&0&0&0&0\n', 1, 1430992979, 1),
(2479, 13, '533db2&ECAPRO&status&DISARM&8&1&32&0&0&0&0&0&0&0&0&0&0\n', 1, 1430993061, 1),
(2480, 13, '533db2&ECAPRO&status&DISARM&8&1&32&0&0&0&0&0&0&0&0&0&0\n', 1, 1430993103, 1),
(2481, 13, '533db2&ECAPRO&status&DISARM&8&1&32&0&0&0&0&0&0&0&0&0&0\n', 1, 1430993186, 1),
(2482, 13, '533db2&ECAPRO&status&DISARM&8&1&32&0&0&0&0&0&0&0&0&0&0\n', 1, 1430993228, 1),
(2483, 13, '533db2&ECAPRO&status&DISARM&8&1&32&0&0&0&0&0&0&0&0&0&0\n', 1, 1430993270, 1),
(2484, 13, '533db2&ECAPRO&status&DISARM&8&1&32&0&0&0&0&0&0&0&0&0&0\n', 1, 1430993353, 1),
(2485, 13, '533db2&ECAPRO&status&DISARM&8&1&32&0&0&0&0&0&0&0&0&0&0\n', 1, 1430993395, 1),
(2486, 13, '533db2&ECAPRO&status&DISARM&8&1&32&0&0&0&0&0&0&0&0&0&0\n', 1, 1430993478, 1),
(2487, 13, '533db2&ECAPRO&status&DISARM&8&1&32&0&0&0&0&0&0&0&0&0&0\n', 1, 1430993520, 1),
(2488, 13, '533db2&ECAPRO&status&DISARM&8&1&32&0&0&0&0&0&0&0&0&0&0\n', 1, 1430993602, 1),
(2489, 13, '533db2&ECAPRO&status&DISARM&8&1&32&0&0&0&0&0&0&0&0&0&0\n', 1, 1430993645, 1),
(2490, 13, '533db2&ECAPRO&status&DISARM&8&1&32&0&0&0&0&0&0&0&0&0&0\n', 1, 1430993727, 1),
(2491, 13, '533db2&ECAPRO&status&DISARM&8&1&32&0&0&0&0&0&0&0&0&0&0\n', 1, 1430993769, 1),
(2492, 13, '533db2&ECAPRO&status&DISARM&8&1&32&0&0&0&0&0&0&0&0&0&0\n', 1, 1430993811, 1),
(2493, 13, '533db2&ECAPRO&status&DISARM&8&1&32&0&0&0&0&0&0&0&0&0&0\n', 1, 1430993894, 1),
(2494, 13, '533db2&ECAPRO&status&DISARM&8&1&32&0&0&0&0&0&0&0&0&0&0\n', 1, 1430993936, 1),
(2495, 13, '533db2&ECAPRO&status&DISARM&8&1&32&0&0&0&0&0&0&0&0&0&0\n', 1, 1430994020, 1),
(2496, 13, '533db2&ECAPRO&status&DISARM&8&1&32&0&0&0&0&0&0&0&0&0&0\n', 1, 1430994062, 1),
(2497, 13, '533db2&ECAPRO&status&DISARM&8&1&32&0&0&0&0&0&0&0&0&0&0\n', 1, 1430994145, 1),
(2498, 13, '533db2&ECAPRO&status&DISARM&8&1&32&0&0&0&0&0&0&0&0&0&0\n', 1, 1430994187, 1),
(2499, 13, '533db2&ECAPRO&status&DISARM&8&1&32&0&0&0&0&0&0&0&0&0&0\n', 1, 1430994228, 1),
(2500, 13, '533db2&ECAPRO&status&DISARM&8&1&32&0&0&0&0&0&0&0&0&0&0\n', 1, 1430994311, 1),
(2501, 13, '533db2&ECAPRO&status&DISARM&8&1&32&0&0&0&0&0&0&0&0&0&0\n', 1, 1430994353, 1),
(2502, 13, '533db2&ECAPRO&status&DISARM&8&1&32&0&0&0&0&0&0&0&0&0&0\n', 1, 1430994435, 1),
(2503, 13, '533db2&ECAPRO&status&DISARM&8&1&32&0&0&0&0&0&0&0&0&0&0\n', 1, 1430994477, 1),
(2504, 13, '533db2&ECAPRO&status&DISARM&8&1&32&0&0&0&0&0&0&0&0&0&0\n', 1, 1430994560, 1),
(2505, 13, '533db2&ECAPRO&status&DISARM&8&1&32&0&0&0&0&0&0&0&0&0&0\n', 1, 1430994604, 1),
(2506, 13, '533db2&ECAPRO&status&DISARM&8&1&32&0&0&0&0&0&0&0&0&0&0\n', 1, 1430994686, 1),
(2507, 13, '533db2&ECAPRO&status&DISARM&8&1&32&0&0&0&0&0&0&0&0&0&0\n', 1, 1430994728, 1),
(2508, 13, '533db2&ECAPRO&status&DISARM&8&1&32&0&0&0&0&0&0&0&0&0&0\n', 1, 1430994770, 1),
(2509, 13, '533db2&ECAPRO&status&DISARM&8&1&32&0&0&0&0&0&0&0&0&0&0\n', 1, 1430994852, 1),
(2510, 13, '533db2&ECAPRO&status&DISARM&8&1&32&0&0&0&0&0&0&0&0&0&0\n', 1, 1430994894, 1),
(2511, 13, '533db2&ECAPRO&status&DISARM&8&1&32&0&0&0&0&0&0&0&0&0&0\n', 1, 1430994976, 1),
(2512, 13, '533db2&ECAPRO&status&DISARM&8&1&32&0&0&0&0&0&0&0&0&0&0\n', 1, 1430995018, 1),
(2513, 13, '533db2&ECAPRO&status&DISARM&8&1&32&0&0&0&0&0&0&0&0&0&0\n', 1, 1430995101, 1),
(2514, 13, '533db2&ECAPRO&status&DISARM&8&1&32&0&0&0&0&0&0&0&0&0&0\n', 1, 1430995143, 1),
(2515, 13, '533db2&ECAPRO&status&DISARM&8&1&32&0&0&0&0&0&0&0&0&0&0\n', 1, 1430995227, 1),
(2516, 13, '533db2&ECAPRO&status&DISARM&8&1&32&0&0&0&0&0&0&0&0&0&0\n', 1, 1430995269, 1),
(2517, 13, '533db2&ECAPRO&status&DISARM&8&1&32&0&0&0&0&0&0&0&0&0&0\n', 1, 1430995310, 1),
(2518, 13, '533db2&ECAPRO&status&DISARM&8&1&32&0&0&0&0&0&0&0&0&0&0\n', 1, 1430995393, 1),
(2519, 13, '533db2&ECAPRO&status&DISARM&8&1&32&0&0&0&0&0&0&0&0&0&0\n', 1, 1430995435, 1),
(2520, 13, '533db2&ECAPRO&status&DISARM&8&1&32&0&0&0&0&0&0&0&0&0&0\n', 1, 1430995517, 1),
(2521, 13, '533db2&ECAPRO&status&DISARM&8&1&32&0&0&0&0&0&0&0&0&0&0\n', 1, 1430995559, 1),
(2522, 13, '533db2&ECAPRO&status&DISARM&8&1&32&0&0&0&0&0&0&0&0&0&0\n', 1, 1430995642, 1),
(2523, 13, '533db2&ECAPRO&status&DISARM&8&1&32&0&0&0&0&0&0&0&0&0&0\n', 1, 1430995684, 1),
(2524, 13, '533db2&ECAPRO&status&DISARM&8&1&32&0&0&0&0&0&0&0&0&0&0\n', 1, 1430995766, 1),
(2525, 13, '533db2&ECAPRO&status&DISARM&8&1&32&0&0&0&0&0&0&0&0&0&0\n', 1, 1430995809, 1),
(2526, 13, '533db2&ECAPRO&status&DISARM&8&1&32&0&0&0&0&0&0&0&0&0&0\n', 1, 1430995851, 1),
(2527, 13, '533db2&ECAPRO&status&DISARM&8&1&32&0&0&0&0&0&0&0&0&0&0\n', 1, 1430995934, 1),
(2528, 13, '533db2&ECAPRO&status&DISARM&8&1&32&0&0&0&0&0&0&0&0&0&0\n', 1, 1430995976, 1),
(2529, 13, '533db2&ECAPRO&status&DISARM&8&1&32&0&0&0&0&0&0&0&0&0&0\n', 1, 1430996058, 1),
(2530, 13, '533db2&ECAPRO&status&DISARM&8&1&32&0&0&0&0&0&0&0&0&0&0\n', 1, 1430996100, 1),
(2531, 13, '533db2&ECAPRO&status&DISARM&8&1&32&0&0&0&0&0&0&0&0&0&0\n', 1, 1430996183, 1),
(2532, 13, '533db2&ECAPRO&status&DISARM&8&1&32&0&0&0&0&0&0&0&0&0&0\n', 1, 1430996225, 1),
(2533, 13, '533db2&ECAPRO&status&DISARM&8&1&32&0&0&0&0&0&0&0&0&0&0\n', 1, 1430996308, 1),
(2534, 13, '533db2&ECAPRO&status&DISARM&8&1&32&0&0&0&0&0&0&0&0&0&0\n', 1, 1430996350, 1),
(2535, 13, '533db2&ECAPRO&status&DISARM&8&1&32&0&0&0&0&0&0&0&0&0&0\n', 1, 1430996393, 1),
(2536, 13, '533db2&ECAPRO&status&DISARM&8&1&32&0&0&0&0&0&0&0&0&0&0\n', 1, 1430996476, 1),
(2537, 13, '533db2&ECAPRO&status&DISARM&8&1&32&0&0&0&0&0&0&0&0&0&0\n', 1, 1430996518, 1),
(2538, 13, '533db2&ECAPRO&status&DISARM&8&1&32&0&0&0&0&0&0&0&0&0&0\n', 1, 1430996600, 1),
(2539, 13, '533db2&ECAPRO&status&DISARM&8&1&32&0&0&0&0&0&0&0&0&0&0\n', 1, 1430996642, 1),
(2540, 13, '533db2&ECAPRO&status&DISARM&8&1&32&0&0&0&0&0&0&0&0&0&0\n', 1, 1430996725, 1),
(2541, 13, '533db2&ECAPRO&status&DISARM&8&1&32&0&0&0&0&0&0&0&0&0&0\n', 1, 1430996767, 1),
(2542, 13, '533db2&ECAPRO&status&DISARM&8&1&32&0&0&0&0&0&0&0&0&0&0\n', 1, 1430996809, 1),
(2543, 13, '533db2&ECAPRO&status&DISARM&8&1&32&0&0&0&0&0&0&0&0&0&0\n', 1, 1430996891, 1),
(2544, 13, '533db2&ECAPRO&status&DISARM&8&1&32&0&0&0&0&0&0&0&0&0&0\n', 1, 1430996933, 1),
(2545, 13, '533db2&ECAPRO&status&DISARM&8&1&32&0&0&0&0&0&0&0&0&0&0\n', 1, 1430997017, 1),
(2546, 13, '533db2&ECAPRO&status&DISARM&8&1&32&0&0&0&0&0&0&0&0&0&0\n', 1, 1430997059, 1),
(2547, 13, '533db2&ECAPRO&status&DISARM&8&1&32&0&0&0&0&0&0&0&0&0&0\n', 1, 1430997142, 1),
(2548, 13, '533db2&ECAPRO&status&DISARM&8&1&32&0&0&0&0&0&0&0&0&0&0\n', 1, 1430997184, 1),
(2549, 13, '533db2&ECAPRO&status&DISARM&8&1&32&0&0&0&0&0&0&0&0&0&0\n', 1, 1430997266, 1),
(2550, 13, '533db2&ECAPRO&status&DISARM&8&1&32&0&0&0&0&0&0&0&0&0&0\n', 1, 1430997308, 1),
(2551, 13, '533db2&ECAPRO&status&DISARM&8&1&32&0&0&0&0&0&0&0&0&0&0\n', 1, 1430997350, 1),
(2552, 13, '533db2&ECAPRO&status&DISARM&8&1&32&0&0&0&0&0&0&0&0&0&0\n', 1, 1430997433, 1),
(2553, 13, '533db2&ECAPRO&status&DISARM&8&1&32&0&0&0&0&0&0&0&0&0&0\n', 1, 1430997475, 1),
(2554, 13, '533db2&ECAPRO&status&DISARM&8&1&32&0&0&0&0&0&0&0&0&0&0\n', 1, 1430997557, 1),
(2555, 13, '533db2&ECAPRO&status&DISARM&8&1&32&0&0&0&0&0&0&0&0&0&0\n', 1, 1430997600, 1),
(2556, 13, '533db2&ECAPRO&status&DISARM&8&1&32&0&0&0&0&0&0&0&0&0&0\n', 1, 1430997682, 1),
(2557, 13, '533db2&ECAPRO&status&DISARM&8&1&32&0&0&0&0&0&0&0&0&0&0\n', 1, 1430997724, 1),
(2558, 13, '533db2&ECAPRO&status&DISARM&8&1&32&0&0&0&0&0&0&0&0&0&0\n', 1, 1430997807, 1),
(2559, 13, '533db2&ECAPRO&status&DISARM&8&1&32&0&0&0&0&0&0&0&0&0&0\n', 1, 1430997849, 1),
(2560, 13, '533db2&ECAPRO&status&DISARM&8&1&32&0&0&0&0&0&0&0&0&0&0\n', 1, 1430997890, 1),
(2561, 13, '533db2&ECAPRO&status&DISARM&8&1&32&0&0&0&0&0&0&0&0&0&0\n', 1, 1430997973, 1),
(2562, 13, '533db2&ECAPRO&status&DISARM&8&1&32&0&0&0&0&0&0&0&0&0&0\n', 1, 1430998015, 1),
(2563, 13, '533db2&ECAPRO&status&DISARM&8&1&32&0&0&0&0&0&0&0&0&0&0\n', 1, 1430998097, 1),
(2564, 13, '533db2&ECAPRO&status&DISARM&8&1&32&0&0&0&0&0&0&0&0&0&0\n', 1, 1430998139, 1),
(2565, 13, '533db2&ECAPRO&status&DISARM&8&1&32&0&0&0&0&0&0&0&0&0&0\n', 1, 1430998223, 1),
(2566, 13, '533db2&ECAPRO&status&DISARM&8&1&32&0&0&0&0&0&0&0&0&0&0\n', 1, 1430998265, 1),
(2567, 13, '533db2&ECAPRO&status&DISARM&8&1&32&0&0&0&0&0&0&0&0&0&0\n', 1, 1430998348, 1),
(2568, 13, '533db2&ECAPRO&status&DISARM&8&1&32&0&0&0&0&0&0&0&0&0&0\n', 1, 1430998390, 1),
(2569, 13, '533db2&ECAPRO&status&DISARM&8&1&32&0&0&0&0&0&0&0&0&0&0\n', 1, 1430998432, 1),
(2570, 13, '533db2&ECAPRO&status&DISARM&8&1&32&0&0&0&0&0&0&0&0&0&0\n', 1, 1430998515, 1),
(2571, 13, '533db2&ECAPRO&status&DISARM&8&1&32&0&0&0&0&0&0&0&0&0&0\n', 1, 1430998557, 1),
(2572, 13, '533db2&ECAPRO&status&DISARM&8&1&32&0&0&0&0&0&0&0&0&0&0\n', 1, 1430998639, 1),
(2573, 13, '533db2&ECAPRO&status&DISARM&8&1&32&0&0&0&0&0&0&0&0&0&0\n', 1, 1430998681, 1),
(2574, 13, '533db2&ECAPRO&status&DISARM&8&1&32&0&0&0&0&0&0&0&0&0&0\n', 1, 1430998764, 1),
(2575, 13, '533db2&ECAPRO&status&DISARM&8&1&32&0&0&0&0&0&0&0&0&0&0\n', 1, 1430998807, 1),
(2576, 13, '533db2&ECAPRO&status&DISARM&8&1&32&0&0&0&0&0&0&0&0&0&0\n', 1, 1430998849, 1),
(2577, 13, '533db2&ECAPRO&status&DISARM&8&1&32&0&0&0&0&0&0&0&0&0&0\n', 1, 1430998932, 1),
(2578, 13, '533db2&ECAPRO&status&DISARM&8&1&32&0&0&0&0&0&0&0&0&0&0\n', 1, 1430998974, 1),
(2579, 13, '533db2&ECAPRO&status&DISARM&8&1&32&0&0&0&0&0&0&0&0&0&0\n', 1, 1430999056, 1),
(2580, 13, '533db2&ECAPRO&status&DISARM&8&1&32&0&0&0&0&0&0&0&0&0&0\n', 1, 1430999098, 1),
(2581, 13, '533db2&ECAPRO&status&DISARM&8&1&32&0&0&0&0&0&0&0&0&0&0\n', 1, 1430999180, 1),
(2582, 13, '533db2&ECAPRO&status&DISARM&8&1&32&0&0&0&0&0&0&0&0&0&0\n', 1, 1430999222, 1),
(2583, 13, '533db2&ECAPRO&status&DISARM&8&1&32&0&0&0&0&0&0&0&0&0&0\n', 1, 1430999305, 1),
(2584, 13, '533db2&ECAPRO&status&DISARM&8&1&32&0&0&0&0&0&0&0&0&0&0\n', 1, 1430999347, 1),
(2585, 13, '533db2&ECAPRO&status&DISARM&8&1&32&0&0&0&0&0&0&0&0&0&0\n', 1, 1430999389, 1),
(2586, 13, '533db2&ECAPRO&status&DISARM&8&1&32&0&0&0&0&0&0&0&0&0&0\n', 1, 1430999472, 1),
(2587, 13, '533db2&ECAPRO&status&DISARM&8&1&32&0&0&0&0&0&0&0&0&0&0\n', 1, 1430999514, 1),
(2588, 13, '533db2&ECAPRO&status&DISARM&8&1&32&0&0&0&0&0&0&0&0&0&0\n', 1, 1430999596, 1),
(2589, 13, '533db2&ECAPRO&status&DISARM&8&1&32&0&0&0&0&0&0&0&0&0&0\n', 1, 1430999638, 1),
(2590, 13, '533db2&ECAPRO&status&DISARM&8&1&32&0&0&0&0&0&0&0&0&0&0\n', 1, 1430999721, 1),
(2591, 13, '533db2&ECAPRO&status&DISARM&8&1&32&0&0&0&0&0&0&0&0&0&0\n', 1, 1430999763, 1),
(2592, 13, '533db2&ECAPRO&status&DISARM&8&1&32&0&0&0&0&0&0&0&0&0&0\n', 1, 1430999845, 1),
(2593, 13, '533db2&ECAPRO&status&DISARM&8&1&32&0&0&0&0&0&0&0&0&0&0\n', 1, 1430999887, 1),
(2594, 13, '533db2&ECAPRO&status&DISARM&8&1&32&0&0&0&0&0&0&0&0&0&0\n', 1, 1430999930, 1),
(2595, 13, '533db2&ECAPRO&status&DISARM&8&1&32&0&0&0&0&0&0&0&0&0&0\n', 1, 1431000014, 1),
(2596, 13, '533db2&ECAPRO&status&DISARM&8&1&32&0&0&0&0&0&0&0&0&0&0\n', 1, 1431000056, 1),
(2597, 13, '533db2&ECAPRO&status&DISARM&8&1&32&0&0&0&0&0&0&0&0&0&0\n', 1, 1431000139, 1),
(2598, 13, '533db2&ECAPRO&status&DISARM&8&1&32&0&0&0&0&0&0&0&0&0&0\n', 1, 1431000181, 1),
(2599, 13, '533db2&ECAPRO&status&DISARM&8&1&32&0&0&0&0&0&0&0&0&0&0\n', 1, 1431000263, 1),
(2600, 13, '533db2&ECAPRO&status&DISARM&8&1&32&0&0&0&0&0&0&0&0&0&0\n', 1, 1431000305, 1),
(2601, 13, '533db2&ECAPRO&status&DISARM&8&1&32&0&0&0&0&0&0&0&0&0&0\n', 1, 1431000388, 1),
(2602, 13, '533db2&ECAPRO&status&DISARM&8&1&32&0&0&0&0&0&0&0&0&0&0\n', 1, 1431000430, 1),
(2603, 13, '533db2&ECAPRO&status&DISARM&8&1&32&0&0&0&0&0&0&0&0&0&0\n', 1, 1431000472, 1),
(2604, 13, '533db2&ECAPRO&status&DISARM&8&1&32&0&0&0&0&0&0&0&0&0&0\n', 1, 1431000554, 1),
(2605, 13, '533db2&ECAPRO&status&DISARM&8&1&32&0&0&0&0&0&0&0&0&0&0\n', 1, 1431000597, 1),
(2606, 13, '533db2&ECAPRO&status&DISARM&8&1&32&0&0&0&0&0&0&0&0&0&0\n', 1, 1431000680, 1),
(2607, 13, '533db2&ECAPRO&status&DISARM&8&1&32&0&0&0&0&0&0&0&0&0&0\n', 1, 1431000722, 1),
(2608, 13, '533db2&ECAPRO&status&DISARM&8&1&32&0&0&0&0&0&0&0&0&0&0\n', 1, 1431000805, 1),
(2609, 13, '533db2&ECAPRO&status&DISARM&8&1&32&0&0&0&0&0&0&0&0&0&0\n', 1, 1431000847, 1),
(2610, 13, '533db2&ECAPRO&status&DISARM&8&1&32&0&0&0&0&0&0&0&0&0&0\n', 1, 1431000889, 1),
(2611, 13, '533db2&ECAPRO&status&DISARM&8&1&32&0&0&0&0&0&0&0&0&0&0\n', 1, 1431000971, 1),
(2612, 13, '533db2&ECAPRO&status&DISARM&8&1&32&0&0&0&0&0&0&0&0&0&0\n', 1, 1431001014, 1),
(2613, 13, '533db2&ECAPRO&status&DISARM&8&1&32&0&0&0&0&0&0&0&0&0&0\n', 1, 1431001096, 1),
(2614, 13, '533db2&ECAPRO&status&DISARM&8&1&32&0&0&0&0&0&0&0&0&0&0\n', 1, 1431001138, 1),
(2615, 13, '533db2&ECAPRO&status&DISARM&8&1&32&0&0&0&0&0&0&0&0&0&0\n', 1, 1431001222, 1),
(2616, 13, '533db2&ECAPRO&status&DISARM&8&1&32&0&0&0&0&0&0&0&0&0&0\n', 1, 1431001264, 1),
(2617, 13, '533db2&ECAPRO&status&DISARM&8&1&32&0&0&0&0&0&0&0&0&0&0\n', 1, 1431001346, 1),
(2618, 13, '533db2&ECAPRO&status&DISARM&8&1&32&0&0&0&0&0&0&0&0&0&0\n', 1, 1431001388, 1),
(2619, 13, '533db2&ECAPRO&status&DISARM&8&1&32&0&0&0&0&0&0&0&0&0&0\n', 1, 1431001430, 1),
(2620, 13, '533db2&ECAPRO&status&DISARM&8&1&32&0&0&0&0&0&0&0&0&0&0\n', 1, 1431001512, 1),
(2621, 13, '533db2&ECAPRO&status&DISARM&8&1&32&0&0&0&0&0&0&0&0&0&0\n', 1, 1431001555, 1),
(2622, 13, '533db2&ECAPRO&status&DISARM&8&1&32&0&0&0&0&0&0&0&0&0&0\n', 1, 1431001637, 1),
(2623, 13, '533db2&ECAPRO&status&DISARM&8&1&32&0&0&0&0&0&0&0&0&0&0\n', 1, 1431001679, 1),
(2624, 13, '533db2&ECAPRO&status&DISARM&8&1&32&0&0&0&0&0&0&0&0&0&0\n', 1, 1431001762, 1),
(2625, 13, '533db2&ECAPRO&status&DISARM&8&1&32&0&0&0&0&0&0&0&0&0&0\n', 1, 1431001806, 1),
(2626, 13, '533db2&ECAPRO&status&DISARM&8&1&32&0&0&0&0&0&0&0&0&0&0\n', 1, 1431001888, 1),
(2627, 13, '533db2&ECAPRO&status&DISARM&8&1&32&0&0&0&0&0&0&0&0&0&0\n', 1, 1431001930, 1),
(2628, 13, '533db2&ECAPRO&status&DISARM&8&1&32&0&0&0&0&0&0&0&0&0&0\n', 1, 1431001973, 1),
(2629, 13, '533db2&ECAPRO&status&DISARM&8&1&32&0&0&0&0&0&0&0&0&0&0\n', 1, 1431002055, 1),
(2630, 13, '533db2&ECAPRO&status&DISARM&8&1&32&0&0&0&0&0&0&0&0&0&0\n', 1, 1431002097, 1),
(2631, 13, '533db2&ECAPRO&status&DISARM&8&1&32&0&0&0&0&0&0&0&0&0&0\n', 1, 1431002179, 1),
(2632, 13, '533db2&ECAPRO&status&DISARM&8&1&32&0&0&0&0&0&0&0&0&0&0\n', 1, 1431002222, 1),
(2633, 13, '533db2&ECAPRO&status&DISARM&8&1&32&0&0&0&0&0&0&0&0&0&0\n', 1, 1431002305, 1),
(2634, 13, '533db2&ECAPRO&status&DISARM&8&1&32&0&0&0&0&0&0&0&0&0&0\n', 1, 1431002347, 1),
(2635, 13, '533db2&ECAPRO&status&DISARM&8&1&32&0&0&0&0&0&0&0&0&0&0\n', 1, 1431002390, 1),
(2636, 13, '533db2&ECAPRO&status&DISARM&8&1&32&0&0&0&0&0&0&0&0&0&0\n', 1, 1431002473, 1),
(2637, 13, '533db2&ECAPRO&status&DISARM&8&1&32&0&0&0&0&0&0&0&0&0&0\n', 1, 1431002515, 1),
(2638, 13, '533db2&ECAPRO&status&DISARM&8&1&32&0&0&0&0&0&0&0&0&0&0\n', 1, 1431002597, 1),
(2639, 13, '533db2&ECAPRO&status&DISARM&8&1&32&0&0&0&0&0&0&0&0&0&0\n', 1, 1431002639, 1),
(2640, 13, '533db2&ECAPRO&status&DISARM&8&1&32&0&0&0&0&0&0&0&0&0&0\n', 1, 1431002722, 1),
(2641, 13, '533db2&ECAPRO&status&DISARM&8&1&32&0&0&0&0&0&0&0&0&0&0\n', 1, 1431002764, 1),
(2642, 13, '533db2&ECAPRO&status&DISARM&8&1&32&0&0&0&0&0&0&0&0&0&0\n', 1, 1431002846, 1),
(2643, 13, '533db2&ECAPRO&status&DISARM&8&1&32&0&0&0&0&0&0&0&0&0&0\n', 1, 1431002888, 1),
(2644, 13, '533db2&ECAPRO&status&DISARM&8&1&32&0&0&0&0&0&0&0&0&0&0\n', 1, 1431002930, 1),
(2645, 13, '533db2&ECAPRO&status&DISARM&8&1&32&0&0&0&0&0&0&0&0&0&0\n', 1, 1431003014, 1),
(2646, 13, '533db2&ECAPRO&status&DISARM&8&1&32&0&0&0&0&0&0&0&0&0&0\n', 1, 1431003055, 1),
(2647, 13, '533db2&ECAPRO&status&DISARM&8&1&32&0&0&0&0&0&0&0&0&0&0\n', 1, 1431003138, 1),
(2648, 13, '533db2&ECAPRO&status&DISARM&8&1&32&0&0&0&0&0&0&0&0&0&0\n', 1, 1431003180, 1),
(2649, 13, '533db2&ECAPRO&status&DISARM&8&1&32&0&0&0&0&0&0&0&0&0&0\n', 1, 1431003262, 1),
(2650, 13, '533db2&ECAPRO&status&DISARM&8&1&32&0&0&0&0&0&0&0&0&0&0\n', 1, 1431003304, 1),
(2651, 13, '533db2&ECAPRO&status&DISARM&8&1&32&0&0&0&0&0&0&0&0&0&0\n', 1, 1431003387, 1),
(2652, 13, '533db2&ECAPRO&status&DISARM&8&1&32&0&0&0&0&0&0&0&0&0&0\n', 1, 1431003429, 1),
(2653, 13, '533db2&ECAPRO&status&DISARM&8&1&32&0&0&0&0&0&0&0&0&0&0\n', 1, 1431003470, 1),
(2654, 13, '533db2&ECAPRO&status&DISARM&8&1&32&0&0&0&0&0&0&0&0&0&0\n', 1, 1431003553, 1),
(2655, 13, '533db2&ECAPRO&status&DISARM&8&1&32&0&0&0&0&0&0&0&0&0&0\n', 1, 1431003596, 1),
(2656, 13, '533db2&ECAPRO&status&DISARM&8&1&32&0&0&0&0&0&0&0&0&0&0\n', 1, 1431003678, 1),
(2657, 13, '533db2&ECAPRO&status&DISARM&8&1&32&0&0&0&0&0&0&0&0&0&0\n', 1, 1431003720, 1),
(2658, 13, '533db2&ECAPRO&status&DISARM&8&1&32&0&0&0&0&0&0&0&0&0&0\n', 1, 1431003803, 1),
(2659, 13, '533db2&ECAPRO&status&DISARM&8&1&32&0&0&0&0&0&0&0&0&0&0\n', 1, 1431003844, 1),
(2660, 13, '533db2&ECAPRO&status&DISARM&8&1&32&0&0&0&0&0&0&0&0&0&0\n', 1, 1431003927, 1),
(2661, 13, '533db2&ECAPRO&status&DISARM&8&1&32&0&0&0&0&0&0&0&0&0&0\n', 1, 1431003969, 1),
(2662, 13, '533db2&ECAPRO&status&DISARM&8&1&32&0&0&0&0&0&0&0&0&0&0\n', 1, 1431004010, 1),
(2663, 13, '533db2&ECAPRO&status&DISARM&8&1&32&0&0&0&0&0&0&0&0&0&0\n', 1, 1431004093, 1),
(2664, 13, '533db2&ECAPRO&status&DISARM&8&1&32&0&0&0&0&0&0&0&0&0&0\n', 1, 1431004135, 1),
(2665, 13, '533db2&ECAPRO&status&DISARM&8&1&32&0&0&0&0&0&0&0&0&0&0\n', 1, 1431004220, 1),
(2666, 13, '533db2&ECAPRO&status&DISARM&8&1&32&0&0&0&0&0&0&0&0&0&0\n', 1, 1431004262, 1),
(2667, 13, '533db2&ECAPRO&status&DISARM&8&1&32&0&0&0&0&0&0&0&0&0&0\n', 1, 1431004344, 1),
(2668, 13, '533db2&ECAPRO&status&DISARM&8&1&32&0&0&0&0&0&0&0&0&0&0\n', 1, 1431004386, 1),
(2669, 13, '533db2&ECAPRO&status&DISARM&8&1&32&0&0&0&0&0&0&0&0&0&0\n', 1, 1431004428, 1),
(2670, 13, '533db2&ECAPRO&status&DISARM&8&1&32&0&0&0&0&0&0&0&0&0&0\n', 1, 1431004511, 1),
(2671, 13, '533db2&ECAPRO&status&DISARM&8&1&32&0&0&0&0&0&0&0&0&0&0\n', 1, 1431004553, 1),
(2672, 13, '533db2&ECAPRO&status&DISARM&8&1&32&0&0&0&0&0&0&0&0&0&0\n', 1, 1431004635, 1),
(2673, 13, '533db2&ECAPRO&status&DISARM&8&1&32&0&0&0&0&0&0&0&0&0&0\n', 1, 1431004678, 1),
(2674, 13, '533db2&ECAPRO&status&DISARM&8&1&32&0&0&0&0&0&0&0&0&0&0\n', 1, 1431004760, 1),
(2675, 13, '533db2&ECAPRO&status&DISARM&8&1&32&0&0&0&0&0&0&0&0&0&0\n', 1, 1431004804, 1),
(2676, 13, '533db2&ECAPRO&status&DISARM&8&1&32&0&0&0&0&0&0&0&0&0&0\n', 1, 1431004886, 1),
(2677, 13, '533db2&ECAPRO&status&DISARM&8&1&32&0&0&0&0&0&0&0&0&0&0\n', 1, 1431004928, 1),
(2678, 13, '533db2&ECAPRO&status&DISARM&8&1&32&0&0&0&0&0&0&0&0&0&0\n', 1, 1431004970, 1),
(2679, 13, '533db2&ECAPRO&status&DISARM&8&1&32&0&0&0&0&0&0&0&0&0&0\n', 1, 1431005053, 1),
(2680, 13, '533db2&ECAPRO&status&DISARM&8&17&32&0&0&0&0&0&0&0&0&0&0\n', 1, 1431005095, 1),
(2681, 13, '533db2&ECAPRO&status&DISARM&8&17&32&0&0&0&0&0&0&0&0&0&0\n', 1, 1431005177, 1),
(2682, 13, '533db2&ECAPRO&status&DISARM&8&17&32&0&0&0&0&0&0&0&0&0&0\n', 1, 1431005219, 1),
(2683, 13, '533db2&ECAPRO&status&DISARM&8&49&32&0&0&0&0&0&0&0&0&0&0\n', 1, 1431005302, 1),
(2684, 13, '533db2&ECAPRO&status&DISARM&8&49&32&0&0&0&0&0&0&0&0&0&0\n', 1, 1431005345, 1),
(2685, 13, '533db2&ECAPRO&status&DISARM&8&49&32&0&0&0&0&0&0&0&0&0&0\n', 1, 1431005429, 1),
(2686, 13, '533db2&ECAPRO&status&DISARM&0&0&0&0&0&0&0&0&0&0&0&0&0\n', 1, 1431108490, 1),
(2687, 13, '533db2&ECAPRO&status&DISARM&8&0&0&0&0&0&0&0&0&0&0&0&0\n', 1, 1431108533, 1),
(2688, 13, '533db2&ECAPRO&status&DISARM&8&0&0&0&0&0&0&0&0&0&0&0&0\n', 1, 1431108575, 1),
(2689, 13, '533db2&ECAPRO&status&DISARM&8&0&0&0&0&0&0&0&0&0&0&0&0\n', 1, 1431108658, 1),
(2690, 13, '533db2&ECAPRO&status&DISARM&8&0&0&0&0&0&0&0&0&0&0&0&0\n', 1, 1431108700, 1),
(2691, 13, '533db2&ECAPRO&status&DISARM&8&0&0&0&0&0&0&0&0&0&0&0&0\n', 1, 1431108782, 1),
(2692, 13, '533db2&ECAPRO&status&DISARM&8&0&0&0&0&0&0&0&0&0&0&0&0\n', 1, 1431108824, 1),
(2693, 13, '533db2&ECAPRO&status&DISARM&8&0&0&0&0&0&0&0&0&0&0&0&0\n', 1, 1431108907, 1),
(2694, 13, '533db2&ECAPRO&status&DISARM&8&0&0&0&0&0&0&0&0&0&0&0&0\n', 1, 1431108949, 1),
(2695, 13, '533db2&ECAPRO&status&DISARM&8&0&0&0&0&0&0&0&0&0&0&0&0\n', 1, 1431108993, 1),
(2696, 13, '533db2&ECAPRO&status&DISARM&8&0&0&0&0&0&0&0&0&0&0&0&0\n', 1, 1431109076, 1),
(2697, 13, '533db2&ECAPRO&status&DISARM&8&0&0&0&0&0&0&0&0&0&0&0&0\n', 1, 1431109118, 1),
(2698, 13, '533db2&ECAPRO&status&DISARM&8&0&0&0&0&0&0&0&0&0&0&0&0\n', 1, 1431109201, 1),
(2699, 13, '533db2&ECAPRO&status&DISARM&8&0&0&0&0&0&0&0&0&0&0&0&0\n', 1, 1431109243, 1),
(2700, 13, '533db2&ECAPRO&status&DISARM&8&0&0&0&0&0&0&0&0&0&0&0&0\n', 1, 1431109326, 1),
(2701, 13, '533db2&ECAPRO&status&DISARM&8&0&0&0&0&0&0&0&0&0&0&0&0\n', 1, 1431109368, 1),
(2702, 13, '533db2&ECAPRO&status&DISARM&8&0&0&0&0&0&0&0&0&0&0&0&0\n', 1, 1431109411, 1),
(2703, 13, '533db2&ECAPRO&status&DISARM&8&0&0&0&0&0&0&0&0&0&0&0&0\n', 1, 1431109494, 1),
(2704, 13, '533db2&ECAPRO&status&DISARM&8&0&0&0&0&0&0&0&0&0&0&0&0\n', 1, 1431109536, 1),
(2705, 13, '533db2&ECAPRO&status&DISARM&8&0&0&0&0&0&0&0&0&0&0&0&0\n', 1, 1431109620, 1),
(2706, 13, '533db2&ECAPRO&status&DISARM&8&0&0&0&0&0&0&0&0&0&0&0&0\n', 1, 1431109662, 1),
(2707, 13, '533db2&ECAPRO&status&DISARM&8&0&0&0&0&0&0&0&0&0&0&0&0\n', 1, 1431109745, 1),
(2708, 13, '533db2&ECAPRO&status&DISARM&8&0&0&0&0&0&0&0&0&0&0&0&0\n', 1, 1431109787, 1),
(2709, 13, '533db2&ECAPRO&status&DISARM&8&0&0&0&0&0&0&0&0&0&0&0&0\n', 1, 1431109829, 1),
(2710, 13, '533db2&ECAPRO&status&DISARM&8&0&0&0&0&0&0&0&0&0&0&0&0\n', 1, 1431109911, 1),
(2711, 13, '533db2&ECAPRO&status&DISARM&8&0&0&0&0&0&0&0&0&0&0&0&0\n', 1, 1431109953, 1),
(2712, 13, '533db2&ECAPRO&status&DISARM&8&0&0&0&0&0&0&0&0&0&0&0&0\n', 1, 1431110036, 1),
(2713, 13, '533db2&ECAPRO&status&DISARM&8&0&0&0&0&0&0&0&0&0&0&0&0\n', 1, 1431110078, 1),
(2714, 13, '533db2&ECAPRO&status&DISARM&8&0&0&0&0&0&0&0&0&0&0&0&0\n', 1, 1431110161, 1),
(2715, 13, '533db2&ECAPRO&status&DISARM&8&0&0&0&0&0&0&0&0&0&0&0&0\n', 1, 1431110204, 1),
(2716, 13, '533db2&ECAPRO&status&DISARM&8&0&0&0&0&0&0&0&0&0&0&0&0\n', 1, 1431110286, 1),
(2717, 13, '533db2&ECAPRO&status&DISARM&8&0&0&0&0&0&0&0&0&0&0&0&0\n', 1, 1431110328, 1),
(2718, 13, '533db2&ECAPRO&status&DISARM&8&0&0&0&0&0&0&0&0&0&0&0&0\n', 1, 1431110370, 1),
(2719, 13, '533db2&ECAPRO&status&DISARM&8&0&0&0&0&0&0&0&0&0&0&0&0\n', 1, 1431110453, 1),
(2720, 13, '533db2&ECAPRO&status&DISARM&8&0&0&0&0&0&0&0&0&0&0&0&0\n', 1, 1431110495, 1),
(2721, 13, '533db2&ECAPRO&status&DISARM&8&0&0&0&0&0&0&0&0&0&0&0&0\n', 1, 1431110578, 1),
(2722, 13, '533db2&ECAPRO&status&DISARM&8&0&0&0&0&0&0&0&0&0&0&0&0\n', 1, 1431110620, 1),
(2723, 13, '533db2&ECAPRO&status&DISARM&8&0&0&0&0&0&0&0&0&0&0&0&0\n', 1, 1431110703, 1),
(2724, 13, '533db2&ECAPRO&status&DISARM&8&0&0&0&0&0&0&0&0&0&0&0&0\n', 1, 1431110745, 1),
(2725, 13, '533db2&ECAPRO&status&DISARM&8&0&0&0&0&0&0&0&0&0&0&0&0\n', 1, 1431110829, 1),
(2726, 13, '533db2&ECAPRO&status&DISARM&8&0&0&0&0&0&0&0&0&0&0&0&0\n', 1, 1431110871, 1),
(2727, 13, '533db2&ECAPRO&status&DISARM&8&0&0&0&0&0&0&0&0&0&0&0&0\n', 1, 1431110913, 1),
(2728, 13, '533db2&ECAPRO&status&DISARM&8&0&0&0&0&0&0&0&0&0&0&0&0\n', 1, 1431110996, 1),
(2729, 13, '533db2&ECAPRO&status&DISARM&8&0&0&0&0&0&0&0&0&0&0&0&0\n', 1, 1431111039, 1),
(2730, 13, '533db2&ECAPRO&status&DISARM&8&0&0&0&0&0&0&0&0&0&0&0&0\n', 1, 1431111122, 1),
(2731, 13, '533db2&ECAPRO&status&DISARM&8&0&0&0&0&0&0&0&0&0&0&0&0\n', 1, 1431111164, 1),
(2732, 13, '533db2&ECAPRO&status&DISARM&8&0&0&0&0&0&0&0&0&0&0&0&0\n', 1, 1431111247, 1),
(2733, 13, '533db2&ECAPRO&status&DISARM&8&0&0&0&0&0&0&0&0&0&0&0&0\n', 1, 1431111289, 1),
(2734, 13, '533db2&ECAPRO&status&DISARM&8&0&0&0&0&0&0&0&0&0&0&0&0\n', 1, 1431111331, 1),
(2735, 13, '533db2&ECAPRO&status&DISARM&8&0&0&0&0&0&0&0&0&0&0&0&0\n', 1, 1431111414, 1),
(2736, 13, '533db2&ECAPRO&status&DISARM&8&0&0&0&0&0&0&0&0&0&0&0&0\n', 1, 1431111456, 1),
(2737, 13, '533db2&ECAPRO&status&DISARM&8&0&0&0&0&0&0&0&0&0&0&0&0\n', 1, 1431111539, 1),
(2738, 13, '533db2&ECAPRO&status&DISARM&8&0&0&0&0&0&0&0&0&0&0&0&0\n', 1, 1431111582, 1),
(2739, 13, '533db2&ECAPRO&status&DISARM&8&0&0&0&0&0&0&0&0&0&0&0&0\n', 1, 1431111665, 1),
(2740, 13, '533db2&ECAPRO&status&DISARM&8&0&0&0&0&0&0&0&0&0&0&0&0\n', 1, 1431111707, 1),
(2741, 13, '533db2&ECAPRO&status&DISARM&8&0&0&0&0&0&0&0&0&0&0&0&0\n', 1, 1431111749, 1),
(2742, 13, '533db2&ECAPRO&status&DISARM&8&0&0&0&0&0&0&0&0&0&0&0&0\n', 1, 1431111832, 1),
(2743, 13, '533db2&ECAPRO&status&DISARM&8&0&0&0&0&0&0&0&0&0&0&0&0\n', 1, 1431111874, 1),
(2744, 13, '533db2&ECAPRO&status&DISARM&8&0&0&0&0&0&0&0&0&0&0&0&0\n', 1, 1431111956, 1),
(2745, 13, '533db2&ECAPRO&status&DISARM&8&0&0&0&0&0&0&0&0&0&0&0&0\n', 1, 1431111999, 1),
(2746, 13, '533db2&ECAPRO&status&DISARM&8&0&0&0&0&0&0&0&0&0&0&0&0\n', 1, 1431112082, 1),
(2747, 13, '533db2&ECAPRO&status&DISARM&8&0&0&0&0&0&0&0&0&0&0&0&0\n', 1, 1431112125, 1),
(2748, 13, '533db2&ECAPRO&status&DISARM&8&0&0&0&0&0&0&0&0&0&0&0&0\n', 1, 1431112207, 1),
(2749, 13, '533db2&ECAPRO&status&DISARM&8&0&0&0&0&0&0&0&0&0&0&0&0\n', 1, 1431112249, 1),
(2750, 13, '533db2&ECAPRO&status&DISARM&8&0&0&0&0&0&0&0&0&0&0&0&0\n', 1, 1431112291, 1),
(2751, 13, '533db2&ECAPRO&status&DISARM&8&0&0&0&0&0&0&0&0&0&0&0&0\n', 1, 1431112374, 1),
(2752, 13, '533db2&ECAPRO&status&DISARM&8&0&0&0&0&0&0&0&0&0&0&0&0\n', 1, 1431112416, 1),
(2753, 13, '533db2&ECAPRO&status&DISARM&8&0&0&0&0&0&0&0&0&0&0&0&0\n', 1, 1431112499, 1),
(2754, 13, '533db2&ECAPRO&status&DISARM&8&0&0&0&0&0&0&0&0&0&0&0&0\n', 1, 1431112541, 1),
(2755, 13, '533db2&ECAPRO&status&DISARM&8&0&0&0&0&0&0&0&0&0&0&0&0\n', 1, 1431112624, 1),
(2756, 13, '533db2&ECAPRO&status&DISARM&8&0&0&0&0&0&0&0&0&0&0&0&0\n', 1, 1431112666, 1),
(2757, 13, '533db2&ECAPRO&status&DISARM&8&0&0&0&0&0&0&0&0&0&0&0&0\n', 1, 1431112708, 1),
(2758, 13, '533db2&ECAPRO&status&DISARM&8&0&0&0&0&0&0&0&0&0&0&0&0\n', 1, 1431112791, 1),
(2759, 13, '533db2&ECAPRO&status&DISARM&8&0&0&0&0&0&0&0&0&0&0&0&0\n', 1, 1431112833, 1),
(2760, 13, '533db2&ECAPRO&status&DISARM&8&0&0&0&0&0&0&0&0&0&0&0&0\n', 1, 1431112916, 1),
(2761, 13, '533db2&ECAPRO&status&DISARM&8&0&0&0&0&0&0&0&0&0&0&0&0\n', 1, 1431112958, 1),
(2762, 13, '533db2&ECAPRO&status&DISARM&8&0&0&0&0&0&0&0&0&0&0&0&0\n', 1, 1431113041, 1),
(2763, 13, '533db2&ECAPRO&status&DISARM&8&0&0&0&0&0&0&0&0&0&0&0&0\n', 1, 1431113082, 1),
(2764, 13, '533db2&ECAPRO&status&DISARM&8&0&0&0&0&0&0&0&0&0&0&0&0\n', 1, 1431113165, 1),
(2765, 13, '533db2&ECAPRO&status&DISARM&8&0&0&0&0&0&0&0&0&0&0&0&0\n', 1, 1431113208, 1),
(2766, 13, '533db2&ECAPRO&status&DISARM&8&0&0&0&0&0&0&0&0&0&0&0&0\n', 1, 1431113250, 1),
(2767, 13, '533db2&ECAPRO&status&DISARM&8&0&0&0&0&0&0&0&0&0&0&0&0\n', 1, 1431113333, 1),
(2768, 13, '533db2&ECAPRO&status&DISARM&8&0&0&0&0&0&0&0&0&0&0&0&0\n', 1, 1431113375, 1),
(2769, 13, '533db2&ECAPRO&status&DISARM&8&0&0&0&0&0&0&0&0&0&0&0&0\n', 1, 1431113458, 1),
(2770, 13, '533db2&ECAPRO&status&DISARM&8&0&0&0&0&0&0&0&0&0&0&0&0\n', 1, 1431113500, 1),
(2771, 13, '533db2&ECAPRO&status&DISARM&8&0&0&0&0&0&0&0&0&0&0&0&0\n', 1, 1431113582, 1),
(2772, 13, '533db2&ECAPRO&status&DISARM&8&0&0&0&0&0&0&0&0&0&0&0&0\n', 1, 1431113624, 1),
(2773, 13, '533db2&ECAPRO&status&DISARM&8&0&0&0&0&0&0&0&0&0&0&0&0\n', 1, 1431113707, 1),
(2774, 13, '533db2&ECAPRO&status&DISARM&8&0&0&0&0&0&0&0&0&0&0&0&0\n', 1, 1431113749, 1),
(2775, 13, '533db2&ECAPRO&status&DISARM&8&0&0&0&0&0&0&0&0&0&0&0&0\n', 1, 1431113792, 1),
(2776, 13, '533db2&ECAPRO&status&DISARM&8&0&0&0&0&0&0&0&0&0&0&0&0\n', 1, 1431113875, 1),
(2777, 13, '533db2&ECAPRO&status&DISARM&8&0&0&0&0&0&0&0&0&0&0&0&0\n', 1, 1431113917, 1),
(2778, 13, '533db2&ECAPRO&status&DISARM&8&0&0&0&0&0&0&0&0&0&0&0&0\n', 1, 1431114000, 1),
(2779, 13, '533db2&ECAPRO&status&DISARM&8&0&0&0&0&0&0&0&0&0&0&0&0\n', 1, 1431114042, 1),
(2780, 13, '533db2&ECAPRO&status&DISARM&8&0&0&0&0&0&0&0&0&0&0&0&0\n', 1, 1431114124, 1),
(2781, 13, '533db2&ECAPRO&status&DISARM&8&0&0&0&0&0&0&0&0&0&0&0&0\n', 1, 1431114166, 1),
(2782, 13, '533db2&ECAPRO&status&DISARM&8&0&0&0&0&0&0&0&0&0&0&0&0\n', 1, 1431114208, 1),
(2783, 13, '533db2&ECAPRO&status&DISARM&8&0&0&0&0&0&0&0&0&0&0&0&0\n', 1, 1431114291, 1),
(2784, 13, '533db2&ECAPRO&status&DISARM&8&0&0&0&0&0&0&0&0&0&0&0&0\n', 1, 1431114333, 1),
(2785, 13, '533db2&ECAPRO&status&DISARM&8&0&0&0&0&0&0&0&0&0&0&0&0\n', 1, 1431114416, 1),
(2786, 13, '533db2&ECAPRO&status&DISARM&8&0&0&0&0&0&0&0&0&0&0&0&0\n', 1, 1431114458, 1),
(2787, 13, '533db2&ECAPRO&status&DISARM&8&0&0&0&0&0&0&0&0&0&0&0&0\n', 1, 1431114541, 1),
(2788, 13, '533db2&ECAPRO&status&DISARM&8&0&0&0&0&0&0&0&0&0&0&0&0\n', 1, 1431114585, 1),
(2789, 13, '533db2&ECAPRO&status&DISARM&8&0&0&0&0&0&0&0&0&0&0&0&0\n', 1, 1431114668, 1),
(2790, 13, '533db2&ECAPRO&status&DISARM&8&0&0&0&0&0&0&0&0&0&0&0&0\n', 1, 1431114710, 1),
(2791, 13, '533db2&ECAPRO&status&DISARM&8&0&0&0&0&0&0&0&0&0&0&0&0\n', 1, 1431114752, 1),
(2792, 13, '533db2&ECAPRO&status&DISARM&8&0&0&0&0&0&0&0&0&0&0&0&0\n', 1, 1431114835, 1),
(2793, 13, '533db2&ECAPRO&status&DISARM&8&0&0&0&0&0&0&0&0&0&0&0&0\n', 1, 1431114877, 1),
(2794, 13, '533db2&ECAPRO&status&DISARM&8&0&0&0&0&0&0&0&0&0&0&0&0\n', 1, 1431114960, 1),
(2795, 13, '533db2&ECAPRO&status&DISARM&8&0&0&0&0&0&0&0&0&0&0&0&0\n', 1, 1431115002, 1),
(2796, 13, '533db2&ECAPRO&status&DISARM&8&0&0&0&0&0&0&0&0&0&0&0&0\n', 1, 1431115085, 1),
(2797, 13, '533db2&ECAPRO&status&DISARM&8&0&0&0&0&0&0&0&0&0&0&0&0\n', 1, 1431115127, 1),
(2798, 13, '533db2&ECAPRO&status&DISARM&8&0&0&0&0&0&0&0&0&0&0&0&0\n', 1, 1431115170, 1),
(2799, 13, '533db2&ECAPRO&status&DISARM&8&0&0&0&0&0&0&0&0&0&0&0&0\n', 1, 1431115253, 1),
(2800, 13, '533db2&ECAPRO&status&DISARM&8&0&0&0&0&0&0&0&0&0&0&0&0\n', 1, 1431115295, 1),
(2801, 13, '533db2&ECAPRO&status&DISARM&8&0&0&0&0&0&0&0&0&0&0&0&0\n', 1, 1431115378, 1),
(2802, 13, '533db2&ECAPRO&status&DISARM&8&0&0&0&0&0&0&0&0&0&0&0&0\n', 1, 1431115420, 1),
(2803, 13, '533db2&ECAPRO&status&DISARM&8&0&0&0&0&0&0&0&0&0&0&0&0\n', 1, 1431115502, 1),
(2804, 13, '533db2&ECAPRO&status&DISARM&8&0&0&0&0&0&0&0&0&0&0&0&0\n', 1, 1431115544, 1),
(2805, 13, '533db2&ECAPRO&status&DISARM&8&0&0&0&0&0&0&0&0&0&0&0&0\n', 1, 1431115628, 1),
(2806, 13, '533db2&ECAPRO&status&DISARM&8&0&0&0&0&0&0&0&0&0&0&0&0\n', 1, 1431115670, 1),
(2807, 13, '533db2&ECAPRO&status&DISARM&8&0&0&0&0&0&0&0&0&0&0&0&0\n', 1, 1431115712, 1),
(2808, 13, '533db2&ECAPRO&status&DISARM&8&0&0&0&0&0&0&0&0&0&0&0&0\n', 1, 1431115795, 1),
(2809, 13, '533db2&ECAPRO&status&DISARM&8&0&0&0&0&0&0&0&0&0&0&0&0\n', 1, 1431115837, 1),
(2810, 13, '533db2&ECAPRO&status&DISARM&8&0&0&0&0&0&0&0&0&0&0&0&0\n', 1, 1431115920, 1),
(2811, 13, '533db2&ECAPRO&status&DISARM&8&0&0&0&0&0&0&0&0&0&0&0&0\n', 1, 1431115962, 1),
(2812, 13, '533db2&ECAPRO&status&DISARM&8&0&0&0&0&0&0&0&0&0&0&0&0\n', 1, 1431116045, 1),
(2813, 13, '533db2&ECAPRO&status&DISARM&8&0&0&0&0&0&0&0&0&0&0&0&0\n', 1, 1431116087, 1),
(2814, 13, '533db2&ECAPRO&status&DISARM&8&0&0&0&0&0&0&0&0&0&0&0&0\n', 1, 1431116129, 1),
(2815, 13, '533db2&ECAPRO&status&DISARM&8&0&0&0&0&0&0&0&0&0&0&0&0\n', 1, 1431116213, 1),
(2816, 13, '533db2&ECAPRO&status&DISARM&8&0&0&0&0&0&0&0&0&0&0&0&0\n', 1, 1431116256, 1),
(2817, 13, '533db2&ECAPRO&status&DISARM&8&0&0&0&0&0&0&0&0&0&0&0&0\n', 1, 1431116338, 1),
(2818, 13, '533db2&ECAPRO&status&DISARM&8&0&0&0&0&0&0&0&0&0&0&0&0\n', 1, 1431116380, 1),
(2819, 13, '533db2&ECAPRO&status&DISARM&8&0&0&0&0&0&0&0&0&0&0&0&0\n', 1, 1431116463, 1),
(2820, 13, '533db2&ECAPRO&status&DISARM&8&0&0&0&0&0&0&0&0&0&0&0&0\n', 1, 1431116505, 1),
(2821, 13, '533db2&ECAPRO&status&DISARM&8&0&0&0&0&0&0&0&0&0&0&0&0\n', 1, 1431116588, 1),
(2822, 13, '533db2&ECAPRO&status&DISARM&8&0&0&0&0&0&0&0&0&0&0&0&0\n', 1, 1431116630, 1),
(2823, 13, '533db2&ECAPRO&status&DISARM&8&0&0&0&0&0&0&0&0&0&0&0&0\n', 1, 1431116672, 1),
(2824, 13, '533db2&ECAPRO&status&DISARM&8&0&0&0&0&0&0&0&0&0&0&0&0\n', 1, 1431116755, 1),
(2825, 13, '533db2&ECAPRO&status&DISARM&8&0&0&0&0&0&0&0&0&0&0&0&0\n', 1, 1431116798, 1),
(2826, 13, '533db2&ECAPRO&status&DISARM&8&0&0&0&0&0&0&0&0&0&0&0&0\n', 1, 1431116880, 1),
(2827, 13, '533db2&ECAPRO&status&DISARM&8&0&0&0&0&0&0&0&0&0&0&0&0\n', 1, 1431116923, 1),
(2828, 13, '533db2&ECAPRO&status&DISARM&8&0&0&0&0&0&0&0&0&0&0&0&0\n', 1, 1431117006, 1),
(2829, 13, '533db2&ECAPRO&status&DISARM&8&0&0&0&0&0&0&0&0&0&0&0&0\n', 1, 1431117048, 1),
(2830, 13, '533db2&ECAPRO&status&DISARM&8&0&0&0&0&0&0&0&0&0&0&0&0\n', 1, 1431117090, 1),
(2831, 13, '533db2&ECAPRO&status&DISARM&8&0&0&0&0&0&0&0&0&0&0&0&0\n', 1, 1431117173, 1),
(2832, 13, '533db2&ECAPRO&status&DISARM&8&0&0&0&0&0&0&0&0&0&0&0&0\n', 1, 1431117215, 1),
(2833, 13, '533db2&ECAPRO&status&DISARM&8&0&0&0&0&0&0&0&0&0&0&0&0\n', 1, 1431117297, 1),
(2834, 13, '533db2&ECAPRO&status&DISARM&8&0&0&0&0&0&0&0&0&0&0&0&0\n', 1, 1431117340, 1),
(2835, 13, '533db2&ECAPRO&status&DISARM&8&0&0&0&0&0&0&0&0&0&0&0&0\n', 1, 1431117423, 1),
(2836, 13, '533db2&ECAPRO&status&DISARM&8&0&0&0&0&0&0&0&0&0&0&0&0\n', 1, 1431117465, 1),
(2837, 13, '533db2&ECAPRO&status&DISARM&8&0&0&0&0&0&0&0&0&0&0&0&0\n', 1, 1431117548, 1),
(2838, 13, '533db2&ECAPRO&status&DISARM&8&0&0&0&0&0&0&0&0&0&0&0&0\n', 1, 1431117591, 1),
(2839, 13, '533db2&ECAPRO&status&DISARM&8&0&0&0&0&0&0&0&0&0&0&0&0\n', 1, 1431117633, 1),
(2840, 13, '533db2&ECAPRO&status&DISARM&8&0&0&0&0&0&0&0&0&0&0&0&0\n', 1, 1431117840, 1),
(2841, 13, '533db2&ECAPRO&status&DISARM&8&0&0&0&0&0&0&0&0&0&0&0&0\n', 1, 1431117890, 1),
(2842, 13, '533db2&ECAPRO&status&DISARM&8&0&0&0&0&0&0&0&0&0&0&0&0\n', 1, 1431117940, 1),
(2843, 13, '533db2&ECAPRO&status&DISARM&8&0&0&0&0&0&0&0&0&0&0&0&0\n', 1, 1431117992, 1),
(2844, 13, '533db2&ECAPRO&status&DISARM&8&0&0&0&0&0&0&0&0&0&0&0&0\n', 1, 1431118083, 1),
(2845, 13, '533db2&ECAPRO&status&DISARM&8&2&0&0&0&0&0&0&0&0&0&0&0\n', 1, 1431118135, 1),
(2846, 13, '533db2&ECAPRO&status&DISARM&8&2&0&0&0&0&0&0&0&0&0&0&0\n', 1, 1431118184, 1),
(2847, 13, '533db2&ECAPRO&status&DISARM&8&2&0&0&0&0&0&0&0&0&0&0&0\n', 1, 1431118235, 1),
(2848, 13, '533db2&ECAPRO&status&DISARM&8&2&0&0&0&0&0&0&0&0&0&0&0\n', 1, 1431118327, 1),
(2849, 13, '533db2&ECAPRO&status&DISARM&8&2&0&0&0&0&0&0&0&0&0&0&0\n', 1, 1431118377, 1),
(2850, 13, '533db2&ECAPRO&status&DISARM&8&2&0&0&0&0&0&0&0&0&0&0&0\n', 1, 1431118428, 1),
(2851, 13, '533db2&ECAPRO&status&DISARM&8&2&0&0&0&0&0&0&0&0&0&0&0\n', 1, 1431118478, 1),
(2852, 13, '533db2&ECAPRO&status&DISARM&8&2&0&0&0&0&0&0&0&0&0&0&0\n', 1, 1431118734, 1),
(2853, 13, '533db2&ECAPRO&status&DISARM&8&2&0&0&0&0&0&0&0&0&0&0&0\n', 1, 1431118784, 1),
(2854, 13, '533db2&ECAPRO&status&DISARM&8&2&0&0&0&0&0&0&0&0&0&0&0\n', 1, 1431118835, 1),
(2855, 13, '533db2&ECAPRO&status&DISARM&8&2&0&0&0&0&0&0&0&0&0&0&0\n', 1, 1431118926, 1),
(2856, 13, '533db2&ECAPRO&status&DISARM&8&2&0&0&0&0&0&0&0&0&0&0&0\n', 1, 1431118976, 1),
(2857, 13, '533db2&ECAPRO&status&DISARM&8&2&0&0&0&0&0&0&0&0&0&0&0\n', 1, 1431119152, 1),
(2858, 13, '533db2&ECAPRO&status&DISARM&8&2&0&0&0&0&0&0&0&0&0&0&0\n', 1, 1431119400, 1),
(2859, 13, '533db2&ECAPRO&status&DISARM&8&2&0&0&0&0&0&0&0&0&0&0&0\n', 1, 1431119525, 1),
(2860, 13, '533db2&ECAPRO&status&DISARM&0&0&0&0&0&0&0&0&0&0&0&0&0\n', 1, 1431119586, 1),
(2861, 13, '533db2&ECAPRO&status&DISARM&8&2&32&0&0&0&0&0&0&0&0&0&0\n', 1, 1431119637, 1),
(2862, 13, '533db2&ECAPRO&status&DISARM&8&3&33&0&0&0&0&0&0&0&0&0&0\n', 1, 1431119680, 1),
(2863, 13, '533db2&ECAPRO&status&DISARM&8&3&33&0&0&0&0&0&0&0&0&0&0\n', 1, 1431119771, 1),
(2864, 13, '533db2&ECAPRO&status&DISARM&8&1&35&0&0&0&0&0&0&0&0&0&0\n', 1, 1431119813, 1),
(2865, 13, '533db2&ECAPRO&status&DISARM&8&0&35&0&0&0&0&0&0&0&0&0&0\n', 1, 1431119863, 1);
INSERT INTO `station_status` (`id`, `station_id`, `request_string`, `received`, `time_update`, `status`) VALUES
(2866, 13, '533db2&ECAPRO&status&DISARM&8&0&35&0&0&0&0&0&0&0&0&0&0\n', 1, 1431119914, 1),
(2867, 13, '533db2&ECAPRO&status&DISARM&8&0&35&0&0&0&0&0&0&0&0&0&0\n', 1, 1431120006, 1),
(2868, 13, '533db2&ECAPRO&status&DISARM&8&0&35&0&0&0&0&0&0&0&0&0&0\n', 1, 1431120056, 1),
(2869, 13, '533db2&ECAPRO&status&DISARM&8&0&35&0&0&0&0&0&0&0&0&0&0\n', 1, 1431120108, 1),
(2870, 13, '533db2&ECAPRO&status&DISARM&8&0&35&0&0&0&0&0&0&0&0&0&0\n', 1, 1431120159, 1),
(2871, 13, '533db2&ECAPRO&status&DISARM&8&0&35&0&0&0&0&0&0&0&0&0&0\n', 1, 1431120250, 1),
(2872, 13, '533db2&ECAPRO&status&ARMING&8&0&35&0&0&0&0&0&0&0&0&0&0\n', 1, 1431120292, 1),
(2873, 13, '533db2&ECAPRO&status&ARMING&8&0&35&0&0&0&0&0&0&0&0&0&0\n', 1, 1431120343, 1),
(2874, 13, '533db2&ECAPRO&status&ARMING&8&32&35&0&0&0&0&0&0&0&0&0&0\n', 1, 1431120395, 1),
(2875, 13, '533db2&ECAPRO&status&ARMING&8&32&35&0&0&0&0&0&0&0&0&0&0\n', 1, 1431120477, 1),
(2876, 13, '533db2&ECAPRO&status&ARMING&8&32&35&0&0&0&0&0&0&0&0&0&0\n', 1, 1431120519, 1),
(2877, 13, '533db2&ECAPRO&status&ARMING&8&32&35&0&0&0&0&0&0&0&0&0&0\n', 1, 1431120602, 1),
(2878, 13, '533db2&ECAPRO&status&ARMING&8&32&35&0&0&0&0&0&0&0&0&0&0\n', 1, 1431120644, 1),
(2879, 13, '533db2&ECAPRO&status&ARMING&8&32&35&0&0&0&0&0&0&0&0&0&0\n', 1, 1431120729, 1),
(2880, 13, '533db2&ECAPRO&status&ARMING&8&32&35&0&0&0&0&0&0&0&0&0&0\n', 1, 1431120772, 1),
(2881, 13, '533db2&ECAPRO&status&ARMING&8&32&35&0&0&0&0&0&0&0&0&0&0\n', 1, 1431120815, 1),
(2882, 13, '533db2&ECAPRO&status&ARMING&8&32&35&0&0&0&0&0&0&0&0&0&0\n', 1, 1431120897, 1),
(2883, 13, '533db2&ECAPRO&status&ARMING&8&32&35&0&0&0&0&0&0&0&0&0&0\n', 1, 1431120939, 1),
(2884, 13, '533db2&ECAPRO&status&ARMING&8&32&35&0&0&0&0&0&0&0&0&0&0\n', 1, 1431121022, 1),
(2885, 13, '533db2&ECAPRO&status&ARMING&8&32&35&0&0&0&0&0&0&0&0&0&0\n', 1, 1431121064, 1),
(2886, 13, '533db2&ECAPRO&status&DISARM&8&32&35&0&0&0&0&0&0&0&0&0&0\n', 1, 1431121147, 1),
(2887, 13, '533db2&ECAPRO&status&DISARM&8&32&35&0&0&0&0&0&0&0&0&0&0\n', 1, 1431121190, 1),
(2888, 13, '533db2&ECAPRO&status&DISARM&8&40&35&0&0&0&0&0&0&0&0&0&0\n', 1, 1431121273, 1),
(2889, 13, '533db2&ECAPRO&status&DISARM&8&40&39&0&0&0&0&0&0&0&0&0&0\n', 1, 1431121316, 1),
(2890, 13, '533db2&ECAPRO&status&DISARM&8&0&255&0&0&0&0&0&0&0&0&0&0\n', 1, 1431121361, 1),
(2891, 13, '533db2&ECAPRO&status&DISARM&8&0&255&0&0&0&0&0&0&0&0&0&0\n', 1, 1431121448, 1),
(2892, 13, '533db2&ECAPRO&status&DISARM&8&0&255&0&0&0&0&0&0&0&0&0&0\n', 1, 1431121492, 1),
(2893, 13, '533db2&ECAPRO&status&DISARM&8&0&255&0&0&0&0&0&0&0&0&0&0\n', 1, 1431121536, 1),
(2894, 13, '533db2&ECAPRO&status&DISARM&8&0&255&0&0&0&0&0&0&0&0&0&0\n', 1, 1431121623, 1),
(2895, 13, '533db2&ECAPRO&status&DISARM&8&0&255&0&0&0&0&0&0&0&0&0&0\n', 1, 1431121667, 1),
(2896, 13, '533db2&ECAPRO&status&DISARM&8&0&255&0&0&0&0&0&0&0&0&0&0\n', 1, 1431121754, 1),
(2897, 13, '533db2&ECAPRO&status&DISARM&8&0&255&0&0&0&0&0&0&0&0&0&0\n', 1, 1431121798, 1),
(2898, 13, '533db2&ECAPRO&status&DISARM&8&0&255&0&0&0&0&0&0&0&0&0&0\n', 1, 1431121842, 1),
(2899, 13, '533db2&ECAPRO&status&DISARM&8&0&255&0&0&0&0&0&0&0&0&0&0\n', 1, 1431121930, 1),
(2900, 13, '533db2&ECAPRO&status&DISARM&8&0&255&0&0&0&0&0&0&0&0&0&0\n', 1, 1431121974, 1),
(2901, 13, '533db2&ECAPRO&status&DISARM&8&0&255&0&0&0&0&0&0&0&0&0&0\n', 1, 1431122018, 1),
(2902, 13, '533db2&ECAPRO&status&DISARM&8&0&255&0&0&0&0&0&0&0&0&0&0\n', 1, 1431122105, 1),
(2903, 13, '533db2&ECAPRO&status&DISARM&8&0&255&0&0&0&0&0&0&0&0&0&0\n', 1, 1431122149, 1),
(2904, 13, '533db2&ECAPRO&status&DISARM&8&0&255&0&0&0&0&0&0&0&0&0&0\n', 1, 1431122236, 1),
(2905, 13, '533db2&ECAPRO&status&DISARM&8&0&255&0&0&0&0&0&0&0&0&0&0\n', 1, 1431122280, 1),
(2906, 13, '533db2&ECAPRO&status&DISARM&8&0&255&0&0&0&0&0&0&0&0&0&0\n', 1, 1431122325, 1),
(2907, 13, '533db2&ECAPRO&status&DISARM&8&0&255&0&0&0&0&0&0&0&0&0&0\n', 1, 1431122412, 1),
(2908, 13, '533db2&ECAPRO&status&DISARM&8&0&255&0&0&0&0&0&0&0&0&0&0\n', 1, 1431122457, 1),
(2909, 13, '533db2&ECAPRO&status&DISARM&8&0&255&0&0&0&0&0&0&0&0&0&0\n', 1, 1431122503, 1),
(2910, 13, '533db2&ECAPRO&status&DISARM&8&0&255&0&0&0&0&0&0&0&0&0&0\n', 1, 1431122589, 1),
(2911, 13, '533db2&ECAPRO&status&DISARM&8&0&255&0&0&0&0&0&0&0&0&0&0\n', 1, 1431122634, 1),
(2912, 13, '533db2&ECAPRO&status&DISARM&8&0&255&0&0&0&0&0&0&0&0&0&0\n', 1, 1431122678, 1),
(2913, 13, '533db2&ECAPRO&status&DISARM&8&0&255&0&0&0&0&0&0&0&0&0&0\n', 1, 1431122764, 1),
(2914, 13, '533db2&ECAPRO&status&DISARM&8&0&255&0&0&0&0&0&0&0&0&0&0\n', 1, 1431122809, 1),
(2915, 13, '533db2&ECAPRO&status&DISARM&8&0&255&0&0&0&0&0&0&0&0&0&0\n', 1, 1431122895, 1),
(2916, 13, '533db2&ECAPRO&status&DISARM&8&0&255&0&0&0&0&0&0&0&0&0&0\n', 1, 1431122940, 1),
(2917, 13, '533db2&ECAPRO&status&DISARM&8&0&255&0&0&0&0&0&0&0&0&0&0\n', 1, 1431122986, 1),
(2918, 13, '533db2&ECAPRO&status&DISARM&8&0&255&0&0&0&0&0&0&0&0&0&0\n', 1, 1431123073, 1),
(2919, 13, '533db2&ECAPRO&status&DISARM&8&0&255&0&0&0&0&0&0&0&0&0&0\n', 1, 1431123118, 1),
(2920, 13, '533db2&ECAPRO&status&DISARM&8&0&255&0&0&0&0&0&0&0&0&0&0\n', 1, 1431123162, 1),
(2921, 13, '533db2&ECAPRO&status&DISARM&8&0&255&0&0&0&0&0&0&0&0&0&0\n', 1, 1431123249, 1),
(2922, 13, '533db2&ECAPRO&status&DISARM&8&0&255&0&0&0&0&0&0&0&0&0&0\n', 1, 1431123293, 1),
(2923, 13, '533db2&ECAPRO&status&DISARM&8&0&255&0&0&0&0&0&0&0&0&0&0\n', 1, 1431123337, 1),
(2924, 13, '533db2&ECAPRO&status&DISARM&8&0&255&0&0&0&0&0&0&0&0&0&0\n', 1, 1431123424, 1),
(2925, 13, '533db2&ECAPRO&status&DISARM&8&0&255&0&0&0&0&0&0&0&0&0&0\n', 1, 1431123468, 1),
(2926, 13, '533db2&ECAPRO&status&DISARM&8&0&255&0&0&0&0&0&0&0&0&0&0\n', 1, 1431123555, 1),
(2927, 13, '533db2&ECAPRO&status&DISARM&8&0&255&0&0&0&0&0&0&0&0&0&0\n', 1, 1431123599, 1),
(2928, 13, '533db2&ECAPRO&status&DISARM&8&0&255&0&0&0&0&0&0&0&0&0&0\n', 1, 1431123643, 1),
(2929, 13, '533db2&ECAPRO&status&DISARM&8&0&255&0&0&0&0&0&0&0&0&0&0\n', 1, 1431123731, 1),
(2930, 13, '533db2&ECAPRO&status&DISARM&8&0&255&0&0&0&0&0&0&0&0&0&0\n', 1, 1431123775, 1),
(2931, 13, '533db2&ECAPRO&status&DISARM&8&0&255&0&0&0&0&0&0&0&0&0&0\n', 1, 1431123819, 1),
(2932, 13, '533db2&ECAPRO&status&DISARM&8&0&255&0&0&0&0&0&0&0&0&0&0\n', 1, 1431123906, 1),
(2933, 13, '533db2&ECAPRO&status&DISARM&8&0&255&0&0&0&0&0&0&0&0&0&0\n', 1, 1431123950, 1),
(2934, 13, '533db2&ECAPRO&status&DISARM&8&0&255&0&0&0&0&0&0&0&0&0&0\n', 1, 1431123994, 1),
(2935, 13, '533db2&ECAPRO&status&DISARM&8&0&255&0&0&0&0&0&0&0&0&0&0\n', 1, 1431124080, 1),
(2936, 13, '533db2&ECAPRO&status&DISARM&8&0&255&0&0&0&0&0&0&0&0&0&0\n', 1, 1431124124, 1),
(2937, 13, '533db2&ECAPRO&status&DISARM&8&0&255&0&0&0&0&0&0&0&0&0&0\n', 1, 1431124211, 1),
(2938, 13, '533db2&ECAPRO&status&DISARM&8&0&255&0&0&0&0&0&0&0&0&0&0\n', 1, 1431124255, 1),
(2939, 13, '533db2&ECAPRO&status&DISARM&8&0&255&0&0&0&0&0&0&0&0&0&0\n', 1, 1431124301, 1),
(2940, 13, '533db2&ECAPRO&status&DISARM&8&0&255&0&0&0&0&0&0&0&0&0&0\n', 1, 1431124389, 1),
(2941, 13, '533db2&ECAPRO&status&DISARM&8&0&255&0&0&0&0&0&0&0&0&0&0\n', 1, 1431124433, 1),
(2942, 13, '533db2&ECAPRO&status&DISARM&8&0&255&0&0&0&0&0&0&0&0&0&0\n', 1, 1431124477, 1),
(2943, 13, '533db2&ECAPRO&status&DISARM&8&0&255&0&0&0&0&0&0&0&0&0&0\n', 1, 1431124563, 1),
(2944, 13, '533db2&ECAPRO&status&DISARM&8&0&255&0&0&0&0&0&0&0&0&0&0\n', 1, 1431124607, 1),
(2945, 13, '533db2&ECAPRO&status&DISARM&8&0&255&0&0&0&0&0&0&0&0&0&0\n', 1, 1431124694, 1),
(2946, 13, '533db2&ECAPRO&status&DISARM&8&0&255&0&0&0&0&0&0&0&0&0&0\n', 1, 1431124738, 1),
(2947, 13, '533db2&ECAPRO&status&DISARM&8&0&255&0&0&0&0&0&0&0&0&0&0\n', 1, 1431124782, 1),
(2948, 13, '533db2&ECAPRO&status&DISARM&8&0&255&0&0&0&0&0&0&0&0&0&0\n', 1, 1431124869, 1),
(2949, 13, '533db2&ECAPRO&status&DISARM&8&0&255&0&0&0&0&0&0&0&0&0&0\n', 1, 1431124914, 1),
(2950, 13, '533db2&ECAPRO&status&DISARM&8&0&255&0&0&0&0&0&0&0&0&0&0\n', 1, 1431124958, 1),
(2951, 13, '533db2&ECAPRO&status&DISARM&8&0&255&0&0&0&0&0&0&0&0&0&0\n', 1, 1431125044, 1),
(2952, 13, '533db2&ECAPRO&status&DISARM&8&0&255&0&0&0&0&0&0&0&0&0&0\n', 1, 1431125088, 1),
(2953, 13, '533db2&ECAPRO&status&DISARM&8&0&255&0&0&0&0&0&0&0&0&0&0\n', 1, 1431125175, 1),
(2954, 13, '533db2&ECAPRO&status&DISARM&8&0&255&0&0&0&0&0&0&0&0&0&0\n', 1, 1431125220, 1),
(2955, 13, '533db2&ECAPRO&status&DISARM&8&0&255&0&0&0&0&0&0&0&0&0&0\n', 1, 1431125264, 1),
(2956, 13, '533db2&ECAPRO&status&DISARM&8&0&255&0&0&0&0&0&0&0&0&0&0\n', 1, 1431125350, 1),
(2957, 13, '533db2&ECAPRO&status&DISARM&8&0&255&0&0&0&0&0&0&0&0&0&0\n', 1, 1431125394, 1),
(2958, 13, '533db2&ECAPRO&status&DISARM&8&0&255&0&0&0&0&0&0&0&0&0&0\n', 1, 1431125439, 1),
(2959, 13, '533db2&ECAPRO&status&DISARM&8&0&255&0&0&0&0&0&0&0&0&0&0\n', 1, 1431125526, 1),
(2960, 13, '533db2&ECAPRO&status&DISARM&8&0&255&0&0&0&0&0&0&0&0&0&0\n', 1, 1431125571, 1),
(2961, 13, '533db2&ECAPRO&status&DISARM&8&0&255&0&0&0&0&0&0&0&0&0&0\n', 1, 1431125615, 1),
(2962, 13, '533db2&ECAPRO&status&DISARM&8&0&255&0&0&0&0&0&0&0&0&0&0\n', 1, 1431125701, 1),
(2963, 13, '533db2&ECAPRO&status&DISARM&8&0&255&0&0&0&0&0&0&0&0&0&0\n', 1, 1431125746, 1),
(2964, 13, '533db2&ECAPRO&status&DISARM&8&0&255&0&0&0&0&0&0&0&0&0&0\n', 1, 1431125833, 1),
(2965, 13, '533db2&ECAPRO&status&DISARM&8&0&255&0&0&0&0&0&0&0&0&0&0\n', 1, 1431125876, 1),
(2966, 13, '533db2&ECAPRO&status&DISARM&8&0&255&0&0&0&0&0&0&0&0&0&0\n', 1, 1431125920, 1),
(2967, 13, '533db2&ECAPRO&status&DISARM&8&0&255&0&0&0&0&0&0&0&0&0&0\n', 1, 1431126007, 1),
(2968, 13, '533db2&ECAPRO&status&DISARM&8&0&255&0&0&0&0&0&0&0&0&0&0\n', 1, 1431126051, 1),
(2969, 13, '533db2&ECAPRO&status&DISARM&8&0&255&0&0&0&0&0&0&0&0&0&0\n', 1, 1431126096, 1),
(2970, 13, '533db2&ECAPRO&status&DISARM&8&0&255&0&0&0&0&0&0&0&0&0&0\n', 1, 1431126183, 1),
(2971, 13, '533db2&ECAPRO&status&DISARM&8&0&255&0&0&0&0&0&0&0&0&0&0\n', 1, 1431126227, 1),
(2972, 13, '533db2&ECAPRO&status&DISARM&8&0&255&0&0&0&0&0&0&0&0&0&0\n', 1, 1431126314, 1),
(2973, 13, '533db2&ECAPRO&status&DISARM&8&0&255&0&0&0&0&0&0&0&0&0&0\n', 1, 1431126358, 1),
(2974, 13, '533db2&ECAPRO&status&DISARM&8&0&255&0&0&0&0&0&0&0&0&0&0\n', 1, 1431126402, 1),
(2975, 13, '533db2&ECAPRO&status&DISARM&8&0&255&0&0&0&0&0&0&0&0&0&0\n', 1, 1431126488, 1),
(2976, 13, '533db2&ECAPRO&status&DISARM&8&0&255&0&0&0&0&0&0&0&0&0&0\n', 1, 1431126532, 1),
(2977, 13, '533db2&ECAPRO&status&DISARM&8&0&255&0&0&0&0&0&0&0&0&0&0\n', 1, 1431126576, 1),
(2978, 13, '533db2&ECAPRO&status&DISARM&8&0&255&0&0&0&0&0&0&0&0&0&0\n', 1, 1431126663, 1),
(2979, 13, '533db2&ECAPRO&status&DISARM&8&0&255&0&0&0&0&0&0&0&0&0&0\n', 1, 1431126709, 1),
(2980, 13, '533db2&ECAPRO&status&DISARM&8&0&255&0&0&0&0&0&0&0&0&0&0\n', 1, 1431126796, 1),
(2981, 13, '533db2&ECAPRO&status&DISARM&8&0&255&0&0&0&0&0&0&0&0&0&0\n', 1, 1431126840, 1),
(2982, 13, '533db2&ECAPRO&status&DISARM&8&0&255&0&0&0&0&0&0&0&0&0&0\n', 1, 1431126884, 1),
(2983, 13, '533db2&ECAPRO&status&DISARM&8&0&255&0&0&0&0&0&0&0&0&0&0\n', 1, 1431126970, 1),
(2984, 13, '533db2&ECAPRO&status&DISARM&8&0&255&0&0&0&0&0&0&0&0&0&0\n', 1, 1431127014, 1),
(2985, 13, '533db2&ECAPRO&status&DISARM&8&0&255&0&0&0&0&0&0&0&0&0&0\n', 1, 1431127058, 1),
(2986, 13, '533db2&ECAPRO&status&DISARM&8&0&255&0&0&0&0&0&0&0&0&0&0\n', 1, 1431127145, 1),
(2987, 13, '533db2&ECAPRO&status&DISARM&8&0&255&0&0&0&0&0&0&0&0&0&0\n', 1, 1431127189, 1),
(2988, 13, '533db2&ECAPRO&status&DISARM&8&0&255&0&0&0&0&0&0&0&0&0&0\n', 1, 1431127276, 1),
(2989, 13, '533db2&ECAPRO&status&DISARM&8&0&255&0&0&0&0&0&0&0&0&0&0\n', 1, 1431127321, 1),
(2990, 13, '533db2&ECAPRO&status&DISARM&8&0&255&0&0&0&0&0&0&0&0&0&0\n', 1, 1431127365, 1),
(2991, 13, '533db2&ECAPRO&status&DISARM&8&0&255&0&0&0&0&0&0&0&0&0&0\n', 1, 1431127451, 1),
(2992, 13, '533db2&ECAPRO&status&DISARM&8&0&255&0&0&0&0&0&0&0&0&0&0\n', 1, 1431127495, 1),
(2993, 13, '533db2&ECAPRO&status&DISARM&8&0&255&0&0&0&0&0&0&0&0&0&0\n', 1, 1431127540, 1),
(2994, 13, '533db2&ECAPRO&status&DISARM&8&0&255&0&0&0&0&0&0&0&0&0&0\n', 1, 1431127626, 1),
(2995, 13, '533db2&ECAPRO&status&DISARM&8&0&255&0&0&0&0&0&0&0&0&0&0\n', 1, 1431127670, 1),
(2996, 13, '533db2&ECAPRO&status&DISARM&8&0&255&0&0&0&0&0&0&0&0&0&0\n', 1, 1431127714, 1),
(2997, 13, '533db2&ECAPRO&status&DISARM&8&0&255&0&0&0&0&0&0&0&0&0&0\n', 1, 1431127801, 1),
(2998, 13, '533db2&ECAPRO&status&DISARM&8&0&255&0&0&0&0&0&0&0&0&0&0\n', 1, 1431127845, 1),
(2999, 13, '533db2&ECAPRO&status&DISARM&8&0&255&0&0&0&0&0&0&0&0&0&0\n', 1, 1431127933, 1),
(3000, 13, '533db2&ECAPRO&status&DISARM&8&0&255&0&0&0&0&0&0&0&0&0&0\n', 1, 1431127977, 1),
(3001, 13, '533db2&ECAPRO&status&DISARM&8&0&255&0&0&0&0&0&0&0&0&0&0\n', 1, 1431128021, 1),
(3002, 13, '533db2&ECAPRO&status&DISARM&8&0&255&0&0&0&0&0&0&0&0&0&0\n', 1, 1431128107, 1),
(3003, 13, '533db2&ECAPRO&status&DISARM&8&0&255&0&0&0&0&0&0&0&0&0&0\n', 1, 1431128151, 1),
(3004, 13, '533db2&ECAPRO&status&DISARM&8&0&255&0&0&0&0&0&0&0&0&0&0\n', 1, 1431128195, 1),
(3005, 13, '533db2&ECAPRO&status&DISARM&8&0&255&0&0&0&0&0&0&0&0&0&0\n', 1, 1431128282, 1),
(3006, 13, '533db2&ECAPRO&status&DISARM&8&0&255&0&0&0&0&0&0&0&0&0&0\n', 1, 1431128326, 1),
(3007, 13, '533db2&ECAPRO&status&DISARM&8&0&255&0&0&0&0&0&0&0&0&0&0\n', 1, 1431128413, 1),
(3008, 13, '533db2&ECAPRO&status&DISARM&8&0&255&0&0&0&0&0&0&0&0&0&0\n', 1, 1431128458, 1),
(3009, 13, '533db2&ECAPRO&status&DISARM&8&0&255&0&0&0&0&0&0&0&0&0&0\n', 1, 1431128504, 1),
(3010, 13, '533db2&ECAPRO&status&DISARM&8&0&255&0&0&0&0&0&0&0&0&0&0\n', 1, 1431128590, 1),
(3011, 13, '533db2&ECAPRO&status&DISARM&8&0&255&0&0&0&0&0&0&0&0&0&0\n', 1, 1431128634, 1),
(3012, 13, '533db2&ECAPRO&status&DISARM&8&0&255&0&0&0&0&0&0&0&0&0&0\n', 1, 1431128678, 1),
(3013, 13, '533db2&ECAPRO&status&DISARM&8&0&255&0&0&0&0&0&0&0&0&0&0\n', 1, 1431128765, 1),
(3014, 13, '533db2&ECAPRO&status&DISARM&8&0&255&0&0&0&0&0&0&0&0&0&0\n', 1, 1431128809, 1),
(3015, 13, '533db2&ECAPRO&status&DISARM&8&0&255&0&0&0&0&0&0&0&0&0&0\n', 1, 1431128896, 1),
(3016, 13, '533db2&ECAPRO&status&DISARM&8&0&255&0&0&0&0&0&0&0&0&0&0\n', 1, 1431128940, 1),
(3017, 13, '533db2&ECAPRO&status&DISARM&8&0&255&0&0&0&0&0&0&0&0&0&0\n', 1, 1431128984, 1),
(3018, 13, '533db2&ECAPRO&status&DISARM&8&0&255&0&0&0&0&0&0&0&0&0&0\n', 1, 1431129070, 1),
(3019, 13, '533db2&ECAPRO&status&DISARM&8&0&255&0&0&0&0&0&0&0&0&0&0\n', 1, 1431129115, 1),
(3020, 13, '533db2&ECAPRO&status&DISARM&8&0&255&0&0&0&0&0&0&0&0&0&0\n', 1, 1431129159, 1),
(3021, 13, '533db2&ECAPRO&status&DISARM&8&0&255&0&0&0&0&0&0&0&0&0&0\n', 1, 1431129246, 1),
(3022, 13, '533db2&ECAPRO&status&DISARM&8&0&255&0&0&0&0&0&0&0&0&0&0\n', 1, 1431129290, 1),
(3023, 13, '533db2&ECAPRO&status&DISARM&8&0&255&0&0&0&0&0&0&0&0&0&0\n', 1, 1431129334, 1),
(3024, 13, '533db2&ECAPRO&status&DISARM&8&0&255&0&0&0&0&0&0&0&0&0&0\n', 1, 1431129421, 1),
(3025, 13, '533db2&ECAPRO&status&DISARM&8&0&255&0&0&0&0&0&0&0&0&0&0\n', 1, 1431129465, 1),
(3026, 13, '533db2&ECAPRO&status&DISARM&8&0&255&0&0&0&0&0&0&0&0&0&0\n', 1, 1431129552, 1),
(3027, 13, '533db2&ECAPRO&status&DISARM&8&0&255&0&0&0&0&0&0&0&0&0&0\n', 1, 1431129596, 1),
(3028, 13, '533db2&ECAPRO&status&DISARM&8&0&255&0&0&0&0&0&0&0&0&0&0\n', 1, 1431129640, 1),
(3029, 13, '533db2&ECAPRO&status&DISARM&8&0&255&0&0&0&0&0&0&0&0&0&0\n', 1, 1431129729, 1),
(3030, 13, '533db2&ECAPRO&status&DISARM&8&0&255&0&0&0&0&0&0&0&0&0&0\n', 1, 1431129773, 1),
(3031, 13, '533db2&ECAPRO&status&DISARM&8&0&255&0&0&0&0&0&0&0&0&0&0\n', 1, 1431129817, 1),
(3032, 13, '533db2&ECAPRO&status&DISARM&8&0&255&0&0&0&0&0&0&0&0&0&0\n', 1, 1431129904, 1),
(3033, 13, '533db2&ECAPRO&status&DISARM&8&0&255&0&0&0&0&0&0&0&0&0&0\n', 1, 1431129949, 1),
(3034, 13, '533db2&ECAPRO&status&DISARM&8&0&255&0&0&0&0&0&0&0&0&0&0\n', 1, 1431130035, 1),
(3035, 13, '533db2&ECAPRO&status&DISARM&8&0&255&0&0&0&0&0&0&0&0&0&0\n', 1, 1431130079, 1),
(3036, 13, '533db2&ECAPRO&status&DISARM&8&0&255&0&0&0&0&0&0&0&0&0&0\n', 1, 1431130123, 1),
(3037, 13, '533db2&ECAPRO&status&DISARM&8&0&255&0&0&0&0&0&0&0&0&0&0\n', 1, 1431130210, 1),
(3038, 13, '533db2&ECAPRO&status&DISARM&8&0&255&0&0&0&0&0&0&0&0&0&0\n', 1, 1431130254, 1),
(3039, 13, '533db2&ECAPRO&status&DISARM&8&0&255&0&0&0&0&0&0&0&0&0&0\n', 1, 1431130299, 1),
(3040, 13, '533db2&ECAPRO&status&DISARM&8&0&255&0&0&0&0&0&0&0&0&0&0\n', 1, 1431130386, 1),
(3041, 13, '533db2&ECAPRO&status&DISARM&8&0&255&0&0&0&0&0&0&0&0&0&0\n', 1, 1431130430, 1),
(3042, 13, '533db2&ECAPRO&status&DISARM&8&0&255&0&0&0&0&0&0&0&0&0&0\n', 1, 1431130474, 1),
(3043, 13, '533db2&ECAPRO&status&DISARM&8&0&255&0&0&0&0&0&0&0&0&0&0\n', 1, 1431130561, 1),
(3044, 13, '533db2&ECAPRO&status&DISARM&8&0&255&0&0&0&0&0&0&0&0&0&0\n', 1, 1431130605, 1),
(3045, 13, '533db2&ECAPRO&status&DISARM&8&0&255&0&0&0&0&0&0&0&0&0&0\n', 1, 1431130692, 1),
(3046, 13, '533db2&ECAPRO&status&DISARM&8&0&255&0&0&0&0&0&0&0&0&0&0\n', 1, 1431130736, 1),
(3047, 13, '533db2&ECAPRO&status&DISARM&8&0&255&0&0&0&0&0&0&0&0&0&0\n', 1, 1431130780, 1),
(3048, 13, '533db2&ECAPRO&status&DISARM&8&0&255&0&0&0&0&0&0&0&0&0&0\n', 1, 1431130867, 1),
(3049, 13, '533db2&ECAPRO&status&DISARM&8&0&255&0&0&0&0&0&0&0&0&0&0\n', 1, 1431130912, 1),
(3050, 13, '533db2&ECAPRO&status&DISARM&8&0&255&0&0&0&0&0&0&0&0&0&0\n', 1, 1431130957, 1),
(3051, 13, '533db2&ECAPRO&status&DISARM&8&0&255&0&0&0&0&0&0&0&0&0&0\n', 1, 1431131044, 1),
(3052, 13, '533db2&ECAPRO&status&DISARM&8&0&255&0&0&0&0&0&0&0&0&0&0\n', 1, 1431131088, 1),
(3053, 13, '533db2&ECAPRO&status&DISARM&8&0&255&0&0&0&0&0&0&0&0&0&0\n', 1, 1431131175, 1),
(3054, 13, '533db2&ECAPRO&status&DISARM&8&0&255&0&0&0&0&0&0&0&0&0&0\n', 1, 1431131219, 1),
(3055, 13, '533db2&ECAPRO&status&DISARM&8&0&255&0&0&0&0&0&0&0&0&0&0\n', 1, 1431131263, 1),
(3056, 13, '533db2&ECAPRO&status&DISARM&8&0&255&0&0&0&0&0&0&0&0&0&0\n', 1, 1431131350, 1),
(3057, 13, '533db2&ECAPRO&status&DISARM&8&0&255&0&0&0&0&0&0&0&0&0&0\n', 1, 1431131394, 1),
(3058, 13, '533db2&ECAPRO&status&DISARM&8&0&255&0&0&0&0&0&0&0&0&0&0\n', 1, 1431131438, 1),
(3059, 13, '533db2&ECAPRO&status&DISARM&8&0&255&0&0&0&0&0&0&0&0&0&0\n', 1, 1431131526, 1),
(3060, 13, '533db2&ECAPRO&status&DISARM&8&0&255&0&0&0&0&0&0&0&0&0&0\n', 1, 1431131570, 1),
(3061, 13, '533db2&ECAPRO&status&DISARM&8&0&255&0&0&0&0&0&0&0&0&0&0\n', 1, 1431131614, 1),
(3062, 13, '533db2&ECAPRO&status&DISARM&8&0&255&0&0&0&0&0&0&0&0&0&0\n', 1, 1431131700, 1),
(3063, 13, '533db2&ECAPRO&status&DISARM&8&0&255&0&0&0&0&0&0&0&0&0&0\n', 1, 1431131744, 1),
(3064, 13, '533db2&ECAPRO&status&DISARM&8&0&255&0&0&0&0&0&0&0&0&0&0\n', 1, 1431131831, 1),
(3065, 13, '533db2&ECAPRO&status&DISARM&8&0&255&0&0&0&0&0&0&0&0&0&0\n', 1, 1431131875, 1),
(3066, 13, '533db2&ECAPRO&status&DISARM&8&0&255&0&0&0&0&0&0&0&0&0&0\n', 1, 1431131919, 1),
(3067, 13, '533db2&ECAPRO&status&DISARM&8&0&255&0&0&0&0&0&0&0&0&0&0\n', 1, 1431132006, 1),
(3068, 13, '533db2&ECAPRO&status&DISARM&8&0&255&0&0&0&0&0&0&0&0&0&0\n', 1, 1431132050, 1),
(3069, 13, '533db2&ECAPRO&status&DISARM&8&0&255&0&0&0&0&0&0&0&0&0&0\n', 1, 1431132095, 1),
(3070, 13, '533db2&ECAPRO&status&DISARM&8&0&255&0&0&0&0&0&0&0&0&0&0\n', 1, 1431132182, 1),
(3071, 13, '533db2&ECAPRO&status&DISARM&8&0&255&0&0&0&0&0&0&0&0&0&0\n', 1, 1431132226, 1),
(3072, 13, '533db2&ECAPRO&status&DISARM&8&0&255&0&0&0&0&0&0&0&0&0&0\n', 1, 1431132312, 1),
(3073, 13, '533db2&ECAPRO&status&DISARM&8&0&255&0&0&0&0&0&0&0&0&0&0\n', 1, 1431132356, 1),
(3074, 13, '533db2&ECAPRO&status&DISARM&8&0&255&0&0&0&0&0&0&0&0&0&0\n', 1, 1431132400, 1),
(3075, 13, '533db2&ECAPRO&status&DISARM&8&0&255&0&0&0&0&0&0&0&0&0&0\n', 1, 1431132487, 1),
(3076, 13, '533db2&ECAPRO&status&DISARM&8&0&255&0&0&0&0&0&0&0&0&0&0\n', 1, 1431132531, 1),
(3077, 13, '533db2&ECAPRO&status&DISARM&8&0&255&0&0&0&0&0&0&0&0&0&0\n', 1, 1431132575, 1),
(3078, 13, '533db2&ECAPRO&status&DISARM&8&0&255&0&0&0&0&0&0&0&0&0&0\n', 1, 1431132662, 1),
(3079, 13, '533db2&ECAPRO&status&DISARM&8&0&255&0&0&0&0&0&0&0&0&0&0\n', 1, 1431132708, 1),
(3080, 13, '533db2&ECAPRO&status&DISARM&8&0&255&0&0&0&0&0&0&0&0&0&0\n', 1, 1431132795, 1),
(3081, 13, '533db2&ECAPRO&status&DISARM&8&0&255&0&0&0&0&0&0&0&0&0&0\n', 1, 1431132839, 1),
(3082, 13, '533db2&ECAPRO&status&DISARM&8&0&255&0&0&0&0&0&0&0&0&0&0\n', 1, 1431132883, 1),
(3083, 13, '533db2&ECAPRO&status&DISARM&8&0&255&0&0&0&0&0&0&0&0&0&0\n', 1, 1431132970, 1),
(3084, 13, '533db2&ECAPRO&status&DISARM&8&0&255&0&0&0&0&0&0&0&0&0&0\n', 1, 1431133014, 1),
(3085, 13, '533db2&ECAPRO&status&DISARM&8&0&255&0&0&0&0&0&0&0&0&0&0\n', 1, 1431133058, 1),
(3086, 13, '533db2&ECAPRO&status&DISARM&8&0&255&0&0&0&0&0&0&0&0&0&0\n', 1, 1431133144, 1),
(3087, 13, '533db2&ECAPRO&status&DISARM&8&0&255&0&0&0&0&0&0&0&0&0&0\n', 1, 1431133189, 1),
(3088, 13, '533db2&ECAPRO&status&DISARM&8&0&255&0&0&0&0&0&0&0&0&0&0\n', 1, 1431133275, 1),
(3089, 13, '533db2&ECAPRO&status&DISARM&8&0&255&0&0&0&0&0&0&0&0&0&0\n', 1, 1431133321, 1),
(3090, 13, '533db2&ECAPRO&status&DISARM&8&0&255&0&0&0&0&0&0&0&0&0&0\n', 1, 1431133365, 1),
(3091, 13, '533db2&ECAPRO&status&DISARM&8&0&255&0&0&0&0&0&0&0&0&0&0\n', 1, 1431133452, 1),
(3092, 13, '533db2&ECAPRO&status&DISARM&8&0&255&0&0&0&0&0&0&0&0&0&0\n', 1, 1431133496, 1),
(3093, 13, '533db2&ECAPRO&status&DISARM&8&0&255&0&0&0&0&0&0&0&0&0&0\n', 1, 1431133540, 1),
(3094, 13, '533db2&ECAPRO&status&DISARM&8&0&255&0&0&0&0&0&0&0&0&0&0\n', 1, 1431133626, 1),
(3095, 13, '533db2&ECAPRO&status&DISARM&8&0&255&0&0&0&0&0&0&0&0&0&0\n', 1, 1431133670, 1),
(3096, 13, '533db2&ECAPRO&status&DISARM&8&0&255&0&0&0&0&0&0&0&0&0&0\n', 1, 1431133715, 1),
(3097, 13, '533db2&ECAPRO&status&DISARM&8&0&255&0&0&0&0&0&0&0&0&0&0\n', 1, 1431133801, 1),
(3098, 13, '533db2&ECAPRO&status&DISARM&8&0&255&0&0&0&0&0&0&0&0&0&0\n', 1, 1431133846, 1),
(3099, 13, '533db2&ECAPRO&status&DISARM&8&0&255&0&0&0&0&0&0&0&0&0&0\n', 1, 1431133933, 1),
(3100, 13, '533db2&ECAPRO&status&DISARM&8&0&255&0&0&0&0&0&0&0&0&0&0\n', 1, 1431133977, 1),
(3101, 13, '533db2&ECAPRO&status&DISARM&8&0&255&0&0&0&0&0&0&0&0&0&0\n', 1, 1431134021, 1),
(3102, 13, '533db2&ECAPRO&status&DISARM&8&0&255&0&0&0&0&0&0&0&0&0&0\n', 1, 1431134108, 1),
(3103, 13, '533db2&ECAPRO&status&DISARM&8&0&255&0&0&0&0&0&0&0&0&0&0\n', 1, 1431134152, 1),
(3104, 13, '533db2&ECAPRO&status&DISARM&8&0&255&0&0&0&0&0&0&0&0&0&0\n', 1, 1431134197, 1),
(3105, 13, '533db2&ECAPRO&status&DISARM&8&0&255&0&0&0&0&0&0&0&0&0&0\n', 1, 1431134283, 1),
(3106, 13, '533db2&ECAPRO&status&DISARM&8&0&255&0&0&0&0&0&0&0&0&0&0\n', 1, 1431134328, 1),
(3107, 13, '533db2&ECAPRO&status&DISARM&8&0&255&0&0&0&0&0&0&0&0&0&0\n', 1, 1431134415, 1),
(3108, 13, '533db2&ECAPRO&status&DISARM&8&0&255&0&0&0&0&0&0&0&0&0&0\n', 1, 1431134459, 1),
(3109, 13, '533db2&ECAPRO&status&DISARM&8&0&255&0&0&0&0&0&0&0&0&0&0\n', 1, 1431134503, 1),
(3110, 13, '533db2&ECAPRO&status&DISARM&8&0&255&0&0&0&0&0&0&0&0&0&0\n', 1, 1431134590, 1),
(3111, 13, '533db2&ECAPRO&status&DISARM&8&0&255&0&0&0&0&0&0&0&0&0&0\n', 1, 1431134634, 1),
(3112, 13, '533db2&ECAPRO&status&DISARM&8&0&255&0&0&0&0&0&0&0&0&0&0\n', 1, 1431134678, 1),
(3113, 13, '533db2&ECAPRO&status&DISARM&8&0&255&0&0&0&0&0&0&0&0&0&0\n', 1, 1431134765, 1),
(3114, 13, '533db2&ECAPRO&status&DISARM&8&0&255&0&0&0&0&0&0&0&0&0&0\n', 1, 1431134810, 1),
(3115, 13, '533db2&ECAPRO&status&DISARM&8&0&255&0&0&0&0&0&0&0&0&0&0\n', 1, 1431134854, 1),
(3116, 13, '533db2&ECAPRO&status&DISARM&8&0&255&0&0&0&0&0&0&0&0&0&0\n', 1, 1431134940, 1),
(3117, 13, '533db2&ECAPRO&status&DISARM&8&0&255&0&0&0&0&0&0&0&0&0&0\n', 1, 1431134984, 1),
(3118, 13, '533db2&ECAPRO&status&DISARM&8&0&255&0&0&0&0&0&0&0&0&0&0\n', 1, 1431135071, 1),
(3119, 13, '533db2&ECAPRO&status&DISARM&8&0&255&0&0&0&0&0&0&0&0&0&0\n', 1, 1431135117, 1),
(3120, 13, '533db2&ECAPRO&status&DISARM&8&0&255&0&0&0&0&0&0&0&0&0&0\n', 1, 1431135161, 1),
(3121, 13, '533db2&ECAPRO&status&DISARM&8&0&255&0&0&0&0&0&0&0&0&0&0\n', 1, 1431135248, 1),
(3122, 13, '533db2&ECAPRO&status&DISARM&8&0&255&0&0&0&0&0&0&0&0&0&0\n', 1, 1431135292, 1),
(3123, 13, '533db2&ECAPRO&status&DISARM&8&0&255&0&0&0&0&0&0&0&0&0&0\n', 1, 1431135336, 1),
(3124, 13, '533db2&ECAPRO&status&DISARM&8&0&255&0&0&0&0&0&0&0&0&0&0\n', 1, 1431135423, 1),
(3125, 13, '533db2&ECAPRO&status&DISARM&8&0&255&0&0&0&0&0&0&0&0&0&0\n', 1, 1431135467, 1),
(3126, 13, '533db2&ECAPRO&status&DISARM&8&0&255&0&0&0&0&0&0&0&0&0&0\n', 1, 1431135554, 1),
(3127, 13, '533db2&ECAPRO&status&DISARM&8&0&255&0&0&0&0&0&0&0&0&0&0\n', 1, 1431135598, 1),
(3128, 13, '533db2&ECAPRO&status&DISARM&8&0&255&0&0&0&0&0&0&0&0&0&0\n', 1, 1431135642, 1),
(3129, 13, '533db2&ECAPRO&status&DISARM&8&0&255&0&0&0&0&0&0&0&0&0&0\n', 1, 1431135730, 1),
(3130, 13, '533db2&ECAPRO&status&DISARM&8&1&255&0&0&0&0&0&0&0&0&0&0\n', 1, 1431135774, 1),
(3131, 13, '533db2&ECAPRO&status&ARMING&8&0&254&0&0&0&0&0&0&0&0&0&0\n', 1, 1431135818, 1),
(3132, 13, '533db2&ECAPRO&status&ARMING&8&0&252&0&0&0&0&0&0&0&0&0&0\n', 1, 1431135905, 1),
(3133, 13, '533db2&ECAPRO&status&ARMING&8&33&252&0&0&0&0&0&0&0&0&0&0\n', 1, 1431135949, 1),
(3134, 13, '533db2&ECAPRO&status&ARMING&8&33&252&0&0&0&0&0&0&0&0&0&0\n', 1, 1431136036, 1),
(3135, 13, '533db2&ECAPRO&status&ARMING&8&33&252&0&0&0&0&0&0&0&0&0&0\n', 1, 1431136080, 1),
(3136, 13, '533db2&ECAPRO&status&ARMING&8&33&252&0&0&0&0&0&0&0&0&0&0\n', 1, 1431136124, 1),
(3137, 13, '533db2&ECAPRO&status&ARMING&8&33&252&0&0&0&0&0&0&0&0&0&0\n', 1, 1431136212, 1),
(3138, 13, '533db2&ECAPRO&status&ARMING&8&33&252&0&0&0&0&0&0&0&0&0&0\n', 1, 1431136256, 1),
(3139, 13, '533db2&ECAPRO&status&ARMING&8&33&252&0&0&0&0&0&0&0&0&0&0\n', 1, 1431136300, 1),
(3140, 13, '533db2&ECAPRO&status&ARMING&8&33&252&0&0&0&0&0&0&0&0&0&0\n', 1, 1431136387, 1),
(3141, 13, '533db2&ECAPRO&status&ARMING&8&9&252&0&0&0&0&0&0&0&0&0&0\n', 1, 1431136432, 1),
(3142, 13, '533db2&ECAPRO&status&ARMING&8&9&252&0&0&0&0&0&0&0&0&0&0\n', 1, 1431136476, 1),
(3143, 13, '533db2&ECAPRO&status&ARMING&8&9&252&0&0&0&0&0&0&0&0&0&0\n', 1, 1431136563, 1),
(3144, 13, '533db2&ECAPRO&status&ARMING&8&9&252&0&0&0&0&0&0&0&0&0&0\n', 1, 1431136607, 1),
(3145, 13, '533db2&ECAPRO&status&ARMING&8&9&252&0&0&0&0&0&0&0&0&0&0\n', 1, 1431136693, 1),
(3146, 13, '533db2&ECAPRO&status&ARMING&8&9&252&0&0&0&0&0&0&0&0&0&0\n', 1, 1431136737, 1),
(3147, 13, '533db2&ECAPRO&status&ARMING&8&9&252&0&0&0&0&0&0&0&0&0&0\n', 1, 1431136782, 1),
(3148, 13, '533db2&ECAPRO&status&ARMING&8&9&252&0&0&0&0&0&0&0&0&0&0\n', 1, 1431136869, 1),
(3149, 13, '533db2&ECAPRO&status&ARMING&8&9&252&0&0&0&0&0&0&0&0&0&0\n', 1, 1431136914, 1),
(3150, 13, '533db2&ECAPRO&status&ARMING&8&9&252&0&0&0&0&0&0&0&0&0&0\n', 1, 1431136958, 1),
(3151, 13, '533db2&ECAPRO&status&ARMING&8&9&252&0&0&0&0&0&0&0&0&0&0\n', 1, 1431137045, 1),
(3152, 13, '533db2&ECAPRO&status&ARMING&8&9&252&0&0&0&0&0&0&0&0&0&0\n', 1, 1431137089, 1),
(3153, 13, '533db2&ECAPRO&status&ARMING&8&25&252&0&0&0&0&0&0&0&0&0&0\n', 1, 1431137176, 1),
(3154, 13, '533db2&ECAPRO&status&ARMING&8&26&252&0&0&0&0&0&0&0&0&0&0\n', 1, 1431137220, 1),
(3155, 13, '533db2&ECAPRO&status&ARMING&8&26&252&0&0&0&0&0&0&0&0&0&0\n', 1, 1431137264, 1),
(3156, 13, '533db2&ECAPRO&status&ARMING&8&26&252&0&0&0&0&0&0&0&0&0&0\n', 1, 1431137351, 1),
(3157, 13, '533db2&ECAPRO&status&ARMING&8&26&252&0&0&0&0&0&0&0&0&0&0\n', 1, 1431137395, 1),
(3158, 13, '533db2&ECAPRO&status&ARMING&8&26&252&0&0&0&0&0&0&0&0&0&0\n', 1, 1431137439, 1),
(3159, 13, '533db2&ECAPRO&status&ARMING&8&26&252&0&0&0&0&0&0&0&0&0&0\n', 1, 1431137526, 1),
(3160, 13, '533db2&ECAPRO&status&ARMING&8&26&252&0&0&0&0&0&0&0&0&0&0\n', 1, 1431137570, 1),
(3161, 13, '533db2&ECAPRO&status&ARMING&8&26&252&0&0&0&0&0&0&0&0&0&0\n', 1, 1431137615, 1),
(3162, 13, '533db2&ECAPRO&status&ARMING&8&26&252&0&0&0&0&0&0&0&0&0&0\n', 1, 1431137702, 1),
(3163, 13, '533db2&ECAPRO&status&ARMING&8&26&252&0&0&0&0&0&0&0&0&0&0\n', 1, 1431137746, 1),
(3164, 13, '533db2&ECAPRO&status&ARMING&8&26&252&0&0&0&0&0&0&0&0&0&0\n', 1, 1431137832, 1),
(3165, 13, '533db2&ECAPRO&status&ARMING&8&26&252&0&0&0&0&0&0&0&0&0&0\n', 1, 1431137877, 1),
(3166, 13, '533db2&ECAPRO&status&ARMING&8&26&252&0&0&0&0&0&0&0&0&0&0\n', 1, 1431137920, 1),
(3167, 13, '533db2&ECAPRO&status&ARMING&8&26&252&0&0&0&0&0&0&0&0&0&0\n', 1, 1431138007, 1),
(3168, 13, '533db2&ECAPRO&status&ARMING&8&26&252&0&0&0&0&0&0&0&0&0&0\n', 1, 1431138051, 1),
(3169, 13, '533db2&ECAPRO&status&ARMING&8&26&252&0&0&0&0&0&0&0&0&0&0\n', 1, 1431138096, 1),
(3170, 13, '533db2&ECAPRO&status&ARMING&8&26&252&0&0&0&0&0&0&0&0&0&0\n', 1, 1431138183, 1),
(3171, 13, '533db2&ECAPRO&status&ARMING&8&26&252&0&0&0&0&0&0&0&0&0&0\n', 1, 1431138228, 1),
(3172, 13, '533db2&ECAPRO&status&ARMING&8&26&252&0&0&0&0&0&0&0&0&0&0\n', 1, 1431138314, 1),
(3173, 13, '533db2&ECAPRO&status&ARMING&8&26&252&0&0&0&0&0&0&0&0&0&0\n', 1, 1431138358, 1),
(3174, 13, '533db2&ECAPRO&status&ARMING&8&26&252&0&0&0&0&0&0&0&0&0&0\n', 1, 1431138402, 1),
(3175, 13, '533db2&ECAPRO&status&ARMING&8&25&252&0&0&0&0&0&0&0&0&0&0\n', 1, 1431138489, 1),
(3176, 13, '533db2&ECAPRO&status&ARMING&8&25&252&0&0&0&0&0&0&0&0&0&0\n', 1, 1431138533, 1),
(3177, 13, '533db2&ECAPRO&status&ARMING&8&25&252&0&0&0&0&0&0&0&0&0&0\n', 1, 1431138577, 1),
(3178, 13, '533db2&ECAPRO&status&ARMING&8&25&252&0&0&0&0&0&0&0&0&0&0\n', 1, 1431138664, 1),
(3179, 13, '533db2&ECAPRO&status&ARMING&8&25&252&0&0&0&0&0&0&0&0&0&0\n', 1, 1431138709, 1),
(3180, 13, '533db2&ECAPRO&status&ARMING&8&25&252&0&0&0&0&0&0&0&0&0&0\n', 1, 1431138796, 1),
(3181, 13, '533db2&ECAPRO&status&ARMING&8&25&252&0&0&0&0&0&0&0&0&0&0\n', 1, 1431138840, 1),
(3182, 13, '533db2&ECAPRO&status&ARMING&8&25&252&0&0&0&0&0&0&0&0&0&0\n', 1, 1431138884, 1),
(3183, 13, '533db2&ECAPRO&status&ARMING&8&25&252&0&0&0&0&0&0&0&0&0&0\n', 1, 1431138970, 1),
(3184, 13, '533db2&ECAPRO&status&ARMING&8&25&252&0&0&0&0&0&0&0&0&0&0\n', 1, 1431139015, 1),
(3185, 13, '533db2&ECAPRO&status&ARMING&8&25&252&0&0&0&0&0&0&0&0&0&0\n', 1, 1431139059, 1),
(3186, 13, '533db2&ECAPRO&status&ARMING&8&25&252&0&0&0&0&0&0&0&0&0&0\n', 1, 1431139146, 1),
(3187, 13, '533db2&ECAPRO&status&ARMING&8&25&252&0&0&0&0&0&0&0&0&0&0\n', 1, 1431139190, 1),
(3188, 13, '533db2&ECAPRO&status&ARMING&8&25&252&0&0&0&0&0&0&0&0&0&0\n', 1, 1431139234, 1),
(3189, 13, '533db2&ECAPRO&status&ARMING&8&25&252&0&0&0&0&0&0&0&0&0&0\n', 1, 1431139322, 1),
(3190, 13, '533db2&ECAPRO&status&ARMING&8&25&252&0&0&0&0&0&0&0&0&0&0\n', 1, 1431139367, 1),
(3191, 13, '533db2&ECAPRO&status&ARMING&8&25&252&0&0&0&0&0&0&0&0&0&0\n', 1, 1431139454, 1),
(3192, 13, '533db2&ECAPRO&status&ARMING&8&25&252&0&0&0&0&0&0&0&0&0&0\n', 1, 1431139498, 1),
(3193, 13, '533db2&ECAPRO&status&ARMING&8&25&252&0&0&0&0&0&0&0&0&0&0\n', 1, 1431139542, 1),
(3194, 13, '533db2&ECAPRO&status&ARMING&8&25&252&0&0&0&0&0&0&0&0&0&0\n', 1, 1431139629, 1),
(3195, 13, '533db2&ECAPRO&status&ARMING&8&25&252&0&0&0&0&0&0&0&0&0&0\n', 1, 1431139673, 1),
(3196, 13, '533db2&ECAPRO&status&ARMING&8&26&252&0&0&0&0&0&0&0&0&0&0\n', 1, 1431139717, 1),
(3197, 13, '533db2&ECAPRO&status&ARMING&8&26&252&0&0&0&0&0&0&0&0&0&0\n', 1, 1431139804, 1),
(3198, 13, '533db2&ECAPRO&status&ARMING&8&26&252&0&0&0&0&0&0&0&0&0&0\n', 1, 1431139848, 1),
(3199, 13, '533db2&ECAPRO&status&ARMING&8&26&252&0&0&0&0&0&0&0&0&0&0\n', 1, 1431139936, 1),
(3200, 13, '533db2&ECAPRO&status&ARMING&8&26&252&0&0&0&0&0&0&0&0&0&0\n', 1, 1431139980, 1),
(3201, 13, '533db2&ECAPRO&status&ARMING&8&26&252&0&0&0&0&0&0&0&0&0&0\n', 1, 1431140024, 1),
(3202, 13, '533db2&ECAPRO&status&ARMING&8&26&252&0&0&0&0&0&0&0&0&0&0\n', 1, 1431140112, 1),
(3203, 13, '533db2&ECAPRO&status&ARMING&8&26&252&0&0&0&0&0&0&0&0&0&0\n', 1, 1431140156, 1),
(3204, 13, '533db2&ECAPRO&status&ARMING&8&26&252&0&0&0&0&0&0&0&0&0&0\n', 1, 1431140200, 1),
(3205, 13, '533db2&ECAPRO&status&ARMING&8&26&252&0&0&0&0&0&0&0&0&0&0\n', 1, 1431140286, 1),
(3206, 13, '533db2&ECAPRO&status&ARMING&8&26&252&0&0&0&0&0&0&0&0&0&0\n', 1, 1431140330, 1),
(3207, 13, '533db2&ECAPRO&status&ARMING&8&26&252&0&0&0&0&0&0&0&0&0&0\n', 1, 1431140374, 1),
(3208, 13, '533db2&ECAPRO&status&ARMING&8&26&252&0&0&0&0&0&0&0&0&0&0\n', 1, 1431140461, 1),
(3209, 13, '533db2&ECAPRO&status&ARMING&8&26&252&0&0&0&0&0&0&0&0&0&0\n', 1, 1431140506, 1),
(3210, 13, '533db2&ECAPRO&status&ARMING&8&26&252&0&0&0&0&0&0&0&0&0&0\n', 1, 1431140593, 1),
(3211, 13, '533db2&ECAPRO&status&ARMING&8&26&252&0&0&0&0&0&0&0&0&0&0\n', 1, 1431140638, 1),
(3212, 13, '533db2&ECAPRO&status&ARMING&8&26&252&0&0&0&0&0&0&0&0&0&0\n', 1, 1431140682, 1),
(3213, 13, '533db2&ECAPRO&status&ARMING&8&26&252&0&0&0&0&0&0&0&0&0&0\n', 1, 1431140768, 1),
(3214, 13, '533db2&ECAPRO&status&ARMING&8&26&252&0&0&0&0&0&0&0&0&0&0\n', 1, 1431140812, 1),
(3215, 13, '533db2&ECAPRO&status&ARMING&8&26&252&0&0&0&0&0&0&0&0&0&0\n', 1, 1431140857, 1),
(3216, 13, '533db2&ECAPRO&status&ARMING&8&26&252&0&0&0&0&0&0&0&0&0&0\n', 1, 1431140943, 1),
(3217, 13, '533db2&ECAPRO&status&ARMING&8&25&252&0&0&0&0&0&0&0&0&0&0\n', 1, 1431140988, 1),
(3218, 13, '533db2&ECAPRO&status&ARMING&8&25&252&0&0&0&0&0&0&0&0&0&0\n', 1, 1431141075, 1),
(3219, 13, '533db2&ECAPRO&status&ARMING&8&25&252&0&0&0&0&0&0&0&0&0&0\n', 1, 1431141120, 1),
(3220, 13, '533db2&ECAPRO&status&ARMING&8&25&252&0&0&0&0&0&0&0&0&0&0\n', 1, 1431141164, 1),
(3221, 13, '533db2&ECAPRO&status&ARMING&8&25&252&0&0&0&0&0&0&0&0&0&0\n', 1, 1431141251, 1),
(3222, 13, '533db2&ECAPRO&status&ARMING&8&25&252&0&0&0&0&0&0&0&0&0&0\n', 1, 1431141295, 1),
(3223, 13, '533db2&ECAPRO&status&ARMING&8&25&252&0&0&0&0&0&0&0&0&0&0\n', 1, 1431141339, 1),
(3224, 13, '533db2&ECAPRO&status&ARMING&8&25&252&0&0&0&0&0&0&0&0&0&0\n', 1, 1431141426, 1),
(3225, 13, '533db2&ECAPRO&status&ARMING&8&25&252&0&0&0&0&0&0&0&0&0&0\n', 1, 1431141470, 1),
(3226, 13, '533db2&ECAPRO&status&ARMING&8&25&252&0&0&0&0&0&0&0&0&0&0\n', 1, 1431141514, 1),
(3227, 13, '533db2&ECAPRO&status&ARMING&8&25&252&0&0&0&0&0&0&0&0&0&0\n', 1, 1431141601, 1),
(3228, 13, '533db2&ECAPRO&status&ARMING&8&25&252&0&0&0&0&0&0&0&0&0&0\n', 1, 1431141644, 1),
(3229, 13, '533db2&ECAPRO&status&ARMING&8&25&252&0&0&0&0&0&0&0&0&0&0\n', 1, 1431141733, 1),
(3230, 13, '533db2&ECAPRO&status&ARMING&8&25&252&0&0&0&0&0&0&0&0&0&0\n', 1, 1431141776, 1),
(3231, 13, '533db2&ECAPRO&status&ARMING&8&25&252&0&0&0&0&0&0&0&0&0&0\n', 1, 1431141820, 1),
(3232, 13, '533db2&ECAPRO&status&ARMING&8&25&252&0&0&0&0&0&0&0&0&0&0\n', 1, 1431141907, 1),
(3233, 13, '533db2&ECAPRO&status&ARMING&8&25&252&0&0&0&0&0&0&0&0&0&0\n', 1, 1431141951, 1),
(3234, 13, '533db2&ECAPRO&status&ARMING&8&25&252&0&0&0&0&0&0&0&0&0&0\n', 1, 1431141994, 1),
(3235, 13, '533db2&ECAPRO&status&ARMING&8&25&252&0&0&0&0&0&0&0&0&0&0\n', 1, 1431142081, 1),
(3236, 13, '533db2&ECAPRO&status&ARMING&8&25&252&0&0&0&0&0&0&0&0&0&0\n', 1, 1431142125, 1),
(3237, 13, '533db2&ECAPRO&status&ARMING&8&25&252&0&0&0&0&0&0&0&0&0&0\n', 1, 1431142212, 1),
(3238, 13, '533db2&ECAPRO&status&ARMING&8&26&252&0&0&0&0&0&0&0&0&0&0\n', 1, 1431142256, 1),
(3239, 13, '533db2&ECAPRO&status&ARMING&8&26&252&0&0&0&0&0&0&0&0&0&0\n', 1, 1431142301, 1),
(3240, 13, '533db2&ECAPRO&status&ARMING&8&26&252&0&0&0&0&0&0&0&0&0&0\n', 1, 1431142388, 1),
(3241, 13, '533db2&ECAPRO&status&ARMING&8&26&252&0&0&0&0&0&0&0&0&0&0\n', 1, 1431142432, 1),
(3242, 13, '533db2&ECAPRO&status&ARMING&8&26&252&0&0&0&0&0&0&0&0&0&0\n', 1, 1431142476, 1),
(3243, 13, '533db2&ECAPRO&status&ARMING&8&26&252&0&0&0&0&0&0&0&0&0&0\n', 1, 1431142563, 1),
(3244, 13, '533db2&ECAPRO&status&ARMING&8&26&252&0&0&0&0&0&0&0&0&0&0\n', 1, 1431142607, 1),
(3245, 13, '533db2&ECAPRO&status&ARMING&8&26&252&0&0&0&0&0&0&0&0&0&0\n', 1, 1431142694, 1),
(3246, 13, '533db2&ECAPRO&status&ARMING&8&26&252&0&0&0&0&0&0&0&0&0&0\n', 1, 1431142738, 1),
(3247, 13, '533db2&ECAPRO&status&ARMING&8&26&252&0&0&0&0&0&0&0&0&0&0\n', 1, 1431142782, 1),
(3248, 13, '533db2&ECAPRO&status&ARMING&8&26&252&0&0&0&0&0&0&0&0&0&0\n', 1, 1431142869, 1),
(3249, 13, '533db2&ECAPRO&status&ARMING&8&26&252&0&0&0&0&0&0&0&0&0&0\n', 1, 1431142914, 1),
(3250, 13, '533db2&ECAPRO&status&ARMING&8&26&252&0&0&0&0&0&0&0&0&0&0\n', 1, 1431142958, 1),
(3251, 13, '533db2&ECAPRO&status&ARMING&8&26&252&0&0&0&0&0&0&0&0&0&0\n', 1, 1431143044, 1),
(3252, 13, '533db2&ECAPRO&status&ARMING&8&26&252&0&0&0&0&0&0&0&0&0&0\n', 1, 1431143088, 1),
(3253, 13, '533db2&ECAPRO&status&ARMING&8&26&252&0&0&0&0&0&0&0&0&0&0\n', 1, 1431143175, 1),
(3254, 13, '533db2&ECAPRO&status&ARMING&8&26&252&0&0&0&0&0&0&0&0&0&0\n', 1, 1431143219, 1),
(3255, 13, '533db2&ECAPRO&status&ARMING&8&26&252&0&0&0&0&0&0&0&0&0&0\n', 1, 1431143263, 1),
(3256, 13, '533db2&ECAPRO&status&ARMING&8&26&252&0&0&0&0&0&0&0&0&0&0\n', 1, 1431143350, 1),
(3257, 13, '533db2&ECAPRO&status&ARMING&8&26&252&0&0&0&0&0&0&0&0&0&0\n', 1, 1431143394, 1),
(3258, 13, '533db2&ECAPRO&status&ARMING&8&26&252&0&0&0&0&0&0&0&0&0&0\n', 1, 1431143438, 1),
(3259, 13, '533db2&ECAPRO&status&ARMING&8&25&252&0&0&0&0&0&0&0&0&0&0\n', 1, 1431143526, 1),
(3260, 13, '533db2&ECAPRO&status&ARMING&8&25&252&0&0&0&0&0&0&0&0&0&0\n', 1, 1431143570, 1),
(3261, 13, '533db2&ECAPRO&status&ARMING&8&25&252&0&0&0&0&0&0&0&0&0&0\n', 1, 1431143614, 1),
(3262, 13, '533db2&ECAPRO&status&ARMING&8&25&252&0&0&0&0&0&0&0&0&0&0\n', 1, 1431143701, 1),
(3263, 13, '533db2&ECAPRO&status&ARMING&8&25&252&0&0&0&0&0&0&0&0&0&0\n', 1, 1431143745, 1),
(3264, 13, '533db2&ECAPRO&status&ARMING&8&25&252&0&0&0&0&0&0&0&0&0&0\n', 1, 1431143833, 1),
(3265, 13, '533db2&ECAPRO&status&ARMING&8&25&252&0&0&0&0&0&0&0&0&0&0\n', 1, 1431143877, 1),
(3266, 13, '533db2&ECAPRO&status&ARMING&8&25&252&0&0&0&0&0&0&0&0&0&0\n', 1, 1431143921, 1),
(3267, 13, '533db2&ECAPRO&status&ARMING&8&25&252&0&0&0&0&0&0&0&0&0&0\n', 1, 1431144008, 1),
(3268, 13, '533db2&ECAPRO&status&ARMING&8&25&252&0&0&0&0&0&0&0&0&0&0\n', 1, 1431144052, 1),
(3269, 13, '533db2&ECAPRO&status&ARMING&8&25&252&0&0&0&0&0&0&0&0&0&0\n', 1, 1431144098, 1),
(3270, 13, '533db2&ECAPRO&status&ARMING&8&25&252&0&0&0&0&0&0&0&0&0&0\n', 1, 1431144185, 1),
(3271, 13, '533db2&ECAPRO&status&ARMING&8&25&252&0&0&0&0&0&0&0&0&0&0\n', 1, 1431144229, 1),
(3272, 13, '533db2&ECAPRO&status&ARMING&8&25&252&0&0&0&0&0&0&0&0&0&0\n', 1, 1431144316, 1),
(3273, 13, '533db2&ECAPRO&status&ARMING&8&25&252&0&0&0&0&0&0&0&0&0&0\n', 1, 1431144360, 1),
(3274, 13, '533db2&ECAPRO&status&ARMING&8&25&252&0&0&0&0&0&0&0&0&0&0\n', 1, 1431144404, 1),
(3275, 13, '533db2&ECAPRO&status&ARMING&8&25&252&0&0&0&0&0&0&0&0&0&0\n', 1, 1431144490, 1),
(3276, 13, '533db2&ECAPRO&status&ARMING&8&25&252&0&0&0&0&0&0&0&0&0&0\n', 1, 1431144534, 1),
(3277, 13, '533db2&ECAPRO&status&ARMING&8&25&252&0&0&0&0&0&0&0&0&0&0\n', 1, 1431144578, 1),
(3278, 13, '533db2&ECAPRO&status&ARMING&8&25&252&0&0&0&0&0&0&0&0&0&0\n', 1, 1431144665, 1),
(3279, 13, '533db2&ECAPRO&status&ARMING&8&25&252&0&0&0&0&0&0&0&0&0&0\n', 1, 1431144711, 1),
(3280, 13, '533db2&ECAPRO&status&ARMING&8&26&252&0&0&0&0&0&0&0&0&0&0\n', 1, 1431144755, 1),
(3281, 13, '533db2&ECAPRO&status&ARMING&8&26&252&0&0&0&0&0&0&0&0&0&0\n', 1, 1431144842, 1),
(3282, 13, '533db2&ECAPRO&status&ARMING&8&26&252&0&0&0&0&0&0&0&0&0&0\n', 1, 1431144886, 1),
(3283, 13, '533db2&ECAPRO&status&ARMING&8&26&252&0&0&0&0&0&0&0&0&0&0\n', 1, 1431144973, 1),
(3284, 13, '533db2&ECAPRO&status&ARMING&8&26&252&0&0&0&0&0&0&0&0&0&0\n', 1, 1431145017, 1),
(3285, 13, '533db2&ECAPRO&status&ARMING&8&26&252&0&0&0&0&0&0&0&0&0&0\n', 1, 1431145061, 1),
(3286, 13, '533db2&ECAPRO&status&ARMING&8&26&252&0&0&0&0&0&0&0&0&0&0\n', 1, 1431145148, 1),
(3287, 13, '533db2&ECAPRO&status&ARMING&8&26&252&0&0&0&0&0&0&0&0&0&0\n', 1, 1431145192, 1),
(3288, 13, '533db2&ECAPRO&status&ARMING&8&26&252&0&0&0&0&0&0&0&0&0&0\n', 1, 1431145236, 1),
(3289, 13, '533db2&ECAPRO&status&ARMING&8&26&252&0&0&0&0&0&0&0&0&0&0\n', 1, 1431145323, 1),
(3290, 13, '533db2&ECAPRO&status&ARMING&8&26&252&0&0&0&0&0&0&0&0&0&0\n', 1, 1431145367, 1),
(3291, 13, '533db2&ECAPRO&status&ARMING&8&26&252&0&0&0&0&0&0&0&0&0&0\n', 1, 1431145454, 1),
(3292, 13, '533db2&ECAPRO&status&ARMING&8&26&252&0&0&0&0&0&0&0&0&0&0\n', 1, 1431145498, 1),
(3293, 13, '533db2&ECAPRO&status&ARMING&8&26&252&0&0&0&0&0&0&0&0&0&0\n', 1, 1431145542, 1),
(3294, 13, '533db2&ECAPRO&status&ARMING&8&26&252&0&0&0&0&0&0&0&0&0&0\n', 1, 1431145629, 1),
(3295, 13, '533db2&ECAPRO&status&ARMING&8&26&252&0&0&0&0&0&0&0&0&0&0\n', 1, 1431145673, 1),
(3296, 13, '533db2&ECAPRO&status&ARMING&8&26&252&0&0&0&0&0&0&0&0&0&0\n', 1, 1431145717, 1),
(3297, 13, '533db2&ECAPRO&status&ARMING&8&26&252&0&0&0&0&0&0&0&0&0&0\n', 1, 1431145804, 1),
(3298, 13, '533db2&ECAPRO&status&ARMING&8&26&252&0&0&0&0&0&0&0&0&0&0\n', 1, 1431145848, 1),
(3299, 13, '533db2&ECAPRO&status&ARMING&8&26&252&0&0&0&0&0&0&0&0&0&0\n', 1, 1431145935, 1),
(3300, 13, '533db2&ECAPRO&status&ARMING&8&26&252&0&0&0&0&0&0&0&0&0&0\n', 1, 1431145979, 1),
(3301, 13, '533db2&ECAPRO&status&ARMING&8&25&252&0&0&0&0&0&0&0&0&0&0\n', 1, 1431146023, 1),
(3302, 13, '533db2&ECAPRO&status&ARMING&8&25&252&0&0&0&0&0&0&0&0&0&0\n', 1, 1431146110, 1),
(3303, 13, '533db2&ECAPRO&status&ARMING&8&25&252&0&0&0&0&0&0&0&0&0&0\n', 1, 1431146153, 1),
(3304, 13, '533db2&ECAPRO&status&ARMING&8&25&252&0&0&0&0&0&0&0&0&0&0\n', 1, 1431146198, 1),
(3305, 13, '533db2&ECAPRO&status&ARMING&8&25&252&0&0&0&0&0&0&0&0&0&0\n', 1, 1431146284, 1),
(3306, 13, '533db2&ECAPRO&status&ARMING&8&25&252&0&0&0&0&0&0&0&0&0&0\n', 1, 1431146328, 1),
(3307, 13, '533db2&ECAPRO&status&ARMING&8&25&252&0&0&0&0&0&0&0&0&0&0\n', 1, 1431146415, 1),
(3308, 13, '533db2&ECAPRO&status&ARMING&8&25&252&0&0&0&0&0&0&0&0&0&0\n', 1, 1431146459, 1),
(3309, 13, '533db2&ECAPRO&status&ARMING&8&25&252&0&0&0&0&0&0&0&0&0&0\n', 1, 1431146504, 1),
(3310, 13, '533db2&ECAPRO&status&ARMING&8&25&252&0&0&0&0&0&0&0&0&0&0\n', 1, 1431146591, 1),
(3311, 13, '533db2&ECAPRO&status&ARMING&8&25&252&0&0&0&0&0&0&0&0&0&0\n', 1, 1431146635, 1),
(3312, 13, '533db2&ECAPRO&status&ARMING&8&25&252&0&0&0&0&0&0&0&0&0&0\n', 1, 1431146679, 1),
(3313, 13, '533db2&ECAPRO&status&ARMING&8&25&252&0&0&0&0&0&0&0&0&0&0\n', 1, 1431146765, 1),
(3314, 13, '533db2&ECAPRO&status&ARMING&8&25&252&0&0&0&0&0&0&0&0&0&0\n', 1, 1431146809, 1),
(3315, 13, '533db2&ECAPRO&status&ARMING&8&25&252&0&0&0&0&0&0&0&0&0&0\n', 1, 1431146853, 1),
(3316, 13, '533db2&ECAPRO&status&ARMING&8&25&252&0&0&0&0&0&0&0&0&0&0\n', 1, 1431146940, 1),
(3317, 13, '533db2&ECAPRO&status&ARMING&8&25&252&0&0&0&0&0&0&0&0&0&0\n', 1, 1431146984, 1),
(3318, 13, '533db2&ECAPRO&status&ARMING&8&25&252&0&0&0&0&0&0&0&0&0&0\n', 1, 1431147071, 1),
(3319, 13, '533db2&ECAPRO&status&ARMING&8&25&252&0&0&0&0&0&0&0&0&0&0\n', 1, 1431147116, 1),
(3320, 13, '533db2&ECAPRO&status&ARMING&8&25&252&0&0&0&0&0&0&0&0&0&0\n', 1, 1431147160, 1),
(3321, 13, '533db2&ECAPRO&status&ARMING&8&25&252&0&0&0&0&0&0&0&0&0&0\n', 1, 1431147247, 1),
(3322, 13, '533db2&ECAPRO&status&ARMING&8&26&252&0&0&0&0&0&0&0&0&0&0\n', 1, 1431147291, 1),
(3323, 13, '533db2&ECAPRO&status&ARMING&8&26&252&0&0&0&0&0&0&0&0&0&0\n', 1, 1431147335, 1),
(3324, 13, '533db2&ECAPRO&status&ARMING&8&26&252&0&0&0&0&0&0&0&0&0&0\n', 1, 1431147422, 1),
(3325, 13, '533db2&ECAPRO&status&ARMING&8&26&252&0&0&0&0&0&0&0&0&0&0\n', 1, 1431147466, 1),
(3326, 13, '533db2&ECAPRO&status&ARMING&8&26&252&0&0&0&0&0&0&0&0&0&0\n', 1, 1431147553, 1),
(3327, 13, '533db2&ECAPRO&status&ARMING&8&26&252&0&0&0&0&0&0&0&0&0&0\n', 1, 1431147597, 1),
(3328, 13, '533db2&ECAPRO&status&ARMING&8&26&252&0&0&0&0&0&0&0&0&0&0\n', 1, 1431147640, 1),
(3329, 13, '533db2&ECAPRO&status&ARMING&8&26&252&0&0&0&0&0&0&0&0&0&0\n', 1, 1431147729, 1),
(3330, 13, '533db2&ECAPRO&status&ARMING&8&26&252&0&0&0&0&0&0&0&0&0&0\n', 1, 1431147773, 1),
(3331, 13, '533db2&ECAPRO&status&ARMING&8&26&252&0&0&0&0&0&0&0&0&0&0\n', 1, 1431147817, 1),
(3332, 13, '533db2&ECAPRO&status&ARMING&8&26&252&0&0&0&0&0&0&0&0&0&0\n', 1, 1431147904, 1),
(3333, 13, '533db2&ECAPRO&status&ARMING&8&26&252&0&0&0&0&0&0&0&0&0&0\n', 1, 1431147948, 1),
(3334, 13, '533db2&ECAPRO&status&ARMING&8&26&252&0&0&0&0&0&0&0&0&0&0\n', 1, 1431148035, 1),
(3335, 13, '533db2&ECAPRO&status&ARMING&8&26&252&0&0&0&0&0&0&0&0&0&0\n', 1, 1431148078, 1),
(3336, 13, '533db2&ECAPRO&status&ARMING&8&26&252&0&0&0&0&0&0&0&0&0&0\n', 1, 1431148122, 1),
(3337, 13, '533db2&ECAPRO&status&ARMING&8&26&252&0&0&0&0&0&0&0&0&0&0\n', 1, 1431148209, 1),
(3338, 13, '533db2&ECAPRO&status&ARMING&8&26&252&0&0&0&0&0&0&0&0&0&0\n', 1, 1431148253, 1),
(3339, 13, '533db2&ECAPRO&status&ARMING&8&26&252&0&0&0&0&0&0&0&0&0&0\n', 1, 1431148299, 1),
(3340, 13, '533db2&ECAPRO&status&ARMING&8&26&252&0&0&0&0&0&0&0&0&0&0\n', 1, 1431148385, 1),
(3341, 13, '533db2&ECAPRO&status&ARMING&8&26&252&0&0&0&0&0&0&0&0&0&0\n', 1, 1431148430, 1),
(3342, 13, '533db2&ECAPRO&status&ARMING&8&26&252&0&0&0&0&0&0&0&0&0&0\n', 1, 1431148474, 1),
(3343, 13, '533db2&ECAPRO&status&ARMING&8&25&252&0&0&0&0&0&0&0&0&0&0\n', 1, 1431148560, 1),
(3344, 13, '533db2&ECAPRO&status&ARMING&8&25&252&0&0&0&0&0&0&0&0&0&0\n', 1, 1431148604, 1),
(3345, 13, '533db2&ECAPRO&status&ARMING&8&25&252&0&0&0&0&0&0&0&0&0&0\n', 1, 1431148691, 1),
(3346, 13, '533db2&ECAPRO&status&ARMING&8&25&252&0&0&0&0&0&0&0&0&0&0\n', 1, 1431148735, 1),
(3347, 13, '533db2&ECAPRO&status&ARMING&8&25&252&0&0&0&0&0&0&0&0&0&0\n', 1, 1431148779, 1),
(3348, 13, '533db2&ECAPRO&status&ARMING&8&25&252&0&0&0&0&0&0&0&0&0&0\n', 1, 1431148865, 1),
(3349, 13, '533db2&ECAPRO&status&ARMING&8&25&252&0&0&0&0&0&0&0&0&0&0\n', 1, 1431148911, 1),
(3350, 13, '533db2&ECAPRO&status&ARMING&8&25&252&0&0&0&0&0&0&0&0&0&0\n', 1, 1431148955, 1),
(3351, 13, '533db2&ECAPRO&status&ARMING&8&25&252&0&0&0&0&0&0&0&0&0&0\n', 1, 1431149041, 1),
(3352, 13, '533db2&ECAPRO&status&ARMING&8&25&252&0&0&0&0&0&0&0&0&0&0\n', 1, 1431149085, 1),
(3353, 13, '533db2&ECAPRO&status&ARMING&8&25&252&0&0&0&0&0&0&0&0&0&0\n', 1, 1431149172, 1),
(3354, 13, '533db2&ECAPRO&status&ARMING&8&25&252&0&0&0&0&0&0&0&0&0&0\n', 1, 1431149216, 1),
(3355, 13, '533db2&ECAPRO&status&ARMING&8&25&252&0&0&0&0&0&0&0&0&0&0\n', 1, 1431149260, 1),
(3356, 13, '533db2&ECAPRO&status&ARMING&8&25&252&0&0&0&0&0&0&0&0&0&0\n', 1, 1431149347, 1),
(3357, 13, '533db2&ECAPRO&status&ARMING&8&25&252&0&0&0&0&0&0&0&0&0&0\n', 1, 1431149391, 1),
(3358, 13, '533db2&ECAPRO&status&ARMING&8&25&252&0&0&0&0&0&0&0&0&0&0\n', 1, 1431149436, 1),
(3359, 13, '533db2&ECAPRO&status&ARMING&8&25&252&0&0&0&0&0&0&0&0&0&0\n', 1, 1431149523, 1),
(3360, 13, '533db2&ECAPRO&status&ARMING&8&25&252&0&0&0&0&0&0&0&0&0&0\n', 1, 1431149567, 1),
(3361, 13, '533db2&ECAPRO&status&ARMING&8&25&252&0&0&0&0&0&0&0&0&0&0\n', 1, 1431149654, 1),
(3362, 13, '533db2&ECAPRO&status&ARMING&8&25&252&0&0&0&0&0&0&0&0&0&0\n', 1, 1431149698, 1),
(3363, 13, '533db2&ECAPRO&status&ARMING&8&25&252&0&0&0&0&0&0&0&0&0&0\n', 1, 1431149742, 1),
(3364, 13, '533db2&ECAPRO&status&ARMING&8&26&252&0&0&0&0&0&0&0&0&0&0\n', 1, 1431149829, 1),
(3365, 13, '533db2&ECAPRO&status&ARMING&8&26&252&0&0&0&0&0&0&0&0&0&0\n', 1, 1431149873, 1),
(3366, 13, '533db2&ECAPRO&status&ARMING&8&26&252&0&0&0&0&0&0&0&0&0&0\n', 1, 1431149917, 1),
(3367, 13, '533db2&ECAPRO&status&ARMING&8&26&252&0&0&0&0&0&0&0&0&0&0\n', 1, 1431150003, 1),
(3368, 13, '533db2&ECAPRO&status&ARMING&8&26&252&0&0&0&0&0&0&0&0&0&0\n', 1, 1431150047, 1),
(3369, 13, '533db2&ECAPRO&status&ARMING&8&26&252&0&0&0&0&0&0&0&0&0&0\n', 1, 1431150135, 1),
(3370, 13, '533db2&ECAPRO&status&ARMING&8&26&252&0&0&0&0&0&0&0&0&0&0\n', 1, 1431150179, 1),
(3371, 13, '533db2&ECAPRO&status&ARMING&8&26&252&0&0&0&0&0&0&0&0&0&0\n', 1, 1431150223, 1),
(3372, 13, '533db2&ECAPRO&status&ARMING&8&26&252&0&0&0&0&0&0&0&0&0&0\n', 1, 1431150310, 1),
(3373, 13, '533db2&ECAPRO&status&ARMING&8&26&252&0&0&0&0&0&0&0&0&0&0\n', 1, 1431150354, 1),
(3374, 13, '533db2&ECAPRO&status&ARMING&8&26&252&0&0&0&0&0&0&0&0&0&0\n', 1, 1431150398, 1),
(3375, 13, '533db2&ECAPRO&status&ARMING&8&26&252&0&0&0&0&0&0&0&0&0&0\n', 1, 1431150485, 1),
(3376, 13, '533db2&ECAPRO&status&ARMING&8&26&252&0&0&0&0&0&0&0&0&0&0\n', 1, 1431150529, 1),
(3377, 13, '533db2&ECAPRO&status&ARMING&8&26&252&0&0&0&0&0&0&0&0&0&0\n', 1, 1431150573, 1),
(3378, 13, '533db2&ECAPRO&status&ARMING&8&26&252&0&0&0&0&0&0&0&0&0&0\n', 1, 1431150660, 1),
(3379, 13, '533db2&ECAPRO&status&ARMING&8&26&252&0&0&0&0&0&0&0&0&0&0\n', 1, 1431150705, 1),
(3380, 13, '533db2&ECAPRO&status&ARMING&8&26&252&0&0&0&0&0&0&0&0&0&0\n', 1, 1431150792, 1),
(3381, 13, '533db2&ECAPRO&status&ARMING&8&26&252&0&0&0&0&0&0&0&0&0&0\n', 1, 1431150837, 1),
(3382, 13, '533db2&ECAPRO&status&ARMING&8&26&252&0&0&0&0&0&0&0&0&0&0\n', 1, 1431150881, 1),
(3383, 13, '533db2&ECAPRO&status&ARMING&8&26&252&0&0&0&0&0&0&0&0&0&0\n', 1, 1431150967, 1),
(3384, 13, '533db2&ECAPRO&status&ARMING&8&26&252&0&0&0&0&0&0&0&0&0&0\n', 1, 1431151011, 1),
(3385, 13, '533db2&ECAPRO&status&ARMING&8&25&252&0&0&0&0&0&0&0&0&0&0\n', 1, 1431151056, 1),
(3386, 13, '533db2&ECAPRO&status&ARMING&8&25&252&0&0&0&0&0&0&0&0&0&0\n', 1, 1431151143, 1),
(3387, 13, '533db2&ECAPRO&status&ARMING&8&25&252&0&0&0&0&0&0&0&0&0&0\n', 1, 1431151186, 1),
(3388, 13, '533db2&ECAPRO&status&ARMING&8&25&252&0&0&0&0&0&0&0&0&0&0\n', 1, 1431151273, 1),
(3389, 13, '533db2&ECAPRO&status&ARMING&8&25&252&0&0&0&0&0&0&0&0&0&0\n', 1, 1431151318, 1),
(3390, 13, '533db2&ECAPRO&status&ARMING&8&25&252&0&0&0&0&0&0&0&0&0&0\n', 1, 1431151362, 1),
(3391, 13, '533db2&ECAPRO&status&ARMING&8&25&252&0&0&0&0&0&0&0&0&0&0\n', 1, 1431151449, 1),
(3392, 13, '533db2&ECAPRO&status&ARMING&8&25&252&0&0&0&0&0&0&0&0&0&0\n', 1, 1431151493, 1),
(3393, 13, '533db2&ECAPRO&status&ARMING&8&25&252&0&0&0&0&0&0&0&0&0&0\n', 1, 1431151537, 1),
(3394, 13, '533db2&ECAPRO&status&ARMING&8&25&252&0&0&0&0&0&0&0&0&0&0\n', 1, 1431151623, 1),
(3395, 13, '533db2&ECAPRO&status&ARMING&8&25&252&0&0&0&0&0&0&0&0&0&0\n', 1, 1431151668, 1),
(3396, 13, '533db2&ECAPRO&status&ARMING&8&25&252&0&0&0&0&0&0&0&0&0&0\n', 1, 1431151754, 1),
(3397, 13, '533db2&ECAPRO&status&ARMING&8&25&252&0&0&0&0&0&0&0&0&0&0\n', 1, 1431151798, 1),
(3398, 13, '533db2&ECAPRO&status&ARMING&8&25&252&0&0&0&0&0&0&0&0&0&0\n', 1, 1431151842, 1),
(3399, 13, '533db2&ECAPRO&status&ARMING&8&25&252&0&0&0&0&0&0&0&0&0&0\n', 1, 1431151930, 1),
(3400, 13, '533db2&ECAPRO&status&ARMING&8&25&252&0&0&0&0&0&0&0&0&0&0\n', 1, 1431151974, 1),
(3401, 13, '533db2&ECAPRO&status&ARMING&8&25&252&0&0&0&0&0&0&0&0&0&0\n', 1, 1431152018, 1),
(3402, 13, '533db2&ECAPRO&status&ARMING&8&25&252&0&0&0&0&0&0&0&0&0&0\n', 1, 1431152105, 1),
(3403, 13, '533db2&ECAPRO&status&ARMING&8&25&252&0&0&0&0&0&0&0&0&0&0\n', 1, 1431152149, 1),
(3404, 13, '533db2&ECAPRO&status&ARMING&8&25&252&0&0&0&0&0&0&0&0&0&0\n', 1, 1431152235, 1),
(3405, 13, '533db2&ECAPRO&status&ARMING&8&25&252&0&0&0&0&0&0&0&0&0&0\n', 1, 1431152279, 1),
(3406, 13, '533db2&ECAPRO&status&ARMING&8&26&252&0&0&0&0&0&0&0&0&0&0\n', 1, 1431152323, 1),
(3407, 13, '533db2&ECAPRO&status&ARMING&8&26&252&0&0&0&0&0&0&0&0&0&0\n', 1, 1431152410, 1),
(3408, 13, '533db2&ECAPRO&status&ARMING&8&26&252&0&0&0&0&0&0&0&0&0&0\n', 1, 1431152454, 1),
(3409, 13, '533db2&ECAPRO&status&ARMING&8&26&252&0&0&0&0&0&0&0&0&0&0\n', 1, 1431152500, 1),
(3410, 13, '533db2&ECAPRO&status&ARMING&8&26&252&0&0&0&0&0&0&0&0&0&0\n', 1, 1431152587, 1),
(3411, 13, '533db2&ECAPRO&status&ARMING&8&26&252&0&0&0&0&0&0&0&0&0&0\n', 1, 1431152631, 1),
(3412, 13, '533db2&ECAPRO&status&ARMING&8&26&252&0&0&0&0&0&0&0&0&0&0\n', 1, 1431152675, 1),
(3413, 13, '533db2&ECAPRO&status&ARMING&8&26&252&0&0&0&0&0&0&0&0&0&0\n', 1, 1431152762, 1),
(3414, 13, '533db2&ECAPRO&status&ARMING&8&26&252&0&0&0&0&0&0&0&0&0&0\n', 1, 1431152806, 1),
(3415, 13, '533db2&ECAPRO&status&ARMING&8&26&252&0&0&0&0&0&0&0&0&0&0\n', 1, 1431152893, 1),
(3416, 13, '533db2&ECAPRO&status&ARMING&8&26&252&0&0&0&0&0&0&0&0&0&0\n', 1, 1431152936, 1),
(3417, 13, '533db2&ECAPRO&status&ARMING&8&26&252&0&0&0&0&0&0&0&0&0&0\n', 1, 1431152980, 1),
(3418, 13, '533db2&ECAPRO&status&ARMING&8&26&252&0&0&0&0&0&0&0&0&0&0\n', 1, 1431153067, 1),
(3419, 13, '533db2&ECAPRO&status&ARMING&8&58&252&0&0&0&0&0&0&0&0&0&0\n', 1, 1431153113, 1),
(3420, 13, '533db2&ECAPRO&status&ARMING&8&58&252&0&0&0&0&0&0&0&0&0&0\n', 1, 1431153157, 1),
(3421, 13, '533db2&ECAPRO&status&ARMING&8&58&252&0&0&0&0&0&0&0&0&0&0\n', 1, 1431153244, 1),
(3422, 13, '533db2&ECAPRO&status&ARMING&8&58&252&0&0&0&0&0&0&0&0&0&0\n', 1, 1431153287, 1);
INSERT INTO `station_status` (`id`, `station_id`, `request_string`, `received`, `time_update`, `status`) VALUES
(3423, 13, '533db2&ECAPRO&status&ARMING&8&58&252&0&0&0&0&0&0&0&0&0&0\n', 1, 1431153374, 1),
(3424, 13, '533db2&ECAPRO&status&ARMING&8&58&252&0&0&0&0&0&0&0&0&0&0\n', 1, 1431153419, 1),
(3425, 13, '533db2&ECAPRO&status&ARMING&8&62&60&0&0&0&0&0&0&0&0&0&0\n', 1, 1431153463, 1),
(3426, 13, '533db2&ECAPRO&status&ARMING&8&62&60&0&0&0&0&0&0&0&0&0&0\n', 1, 1431153550, 1),
(3427, 13, '533db2&ECAPRO&status&ARMING&8&61&60&0&0&0&0&0&0&0&0&0&0\n', 1, 1431153594, 1),
(3428, 13, '533db2&ECAPRO&status&ARMING&8&61&60&0&0&0&0&0&0&0&0&0&0\n', 1, 1431153638, 1),
(3429, 13, '533db2&ECAPRO&status&ARMING&8&61&60&0&0&0&0&0&0&0&0&0&0\n', 1, 1431153726, 1),
(3430, 13, '533db2&ECAPRO&status&ARMING&8&61&60&0&0&0&0&0&0&0&0&0&0\n', 1, 1431153770, 1),
(3431, 13, '533db2&ECAPRO&status&ARMING&8&61&60&0&0&0&0&0&0&0&0&0&0\n', 1, 1431153814, 1),
(3432, 13, '533db2&ECAPRO&status&ARMING&8&61&60&0&0&0&0&0&0&0&0&0&0\n', 1, 1431153901, 1),
(3433, 13, '533db2&ECAPRO&status&ARMING&8&61&60&0&0&0&0&0&0&0&0&0&0\n', 1, 1431153945, 1),
(3434, 13, '533db2&ECAPRO&status&ARMING&8&61&60&0&0&0&0&0&0&0&0&0&0\n', 1, 1431154032, 1),
(3435, 13, '533db2&ECAPRO&status&ARMING&8&61&60&0&0&0&0&0&0&0&0&0&0\n', 1, 1431154076, 1),
(3436, 13, '533db2&ECAPRO&status&ARMING&8&61&60&0&0&0&0&0&0&0&0&0&0\n', 1, 1431154120, 1),
(3437, 13, '533db2&ECAPRO&status&ARMING&8&61&60&0&0&0&0&0&0&0&0&0&0\n', 1, 1431154207, 1),
(3438, 13, '533db2&ECAPRO&status&ARMING&8&61&60&0&0&0&0&0&0&0&0&0&0\n', 1, 1431154251, 1),
(3439, 13, '533db2&ECAPRO&status&ARMING&8&61&60&0&0&0&0&0&0&0&0&0&0\n', 1, 1431154296, 1),
(3440, 13, '533db2&ECAPRO&status&ARMING&8&61&60&0&0&0&0&0&0&0&0&0&0\n', 1, 1431154383, 1),
(3441, 13, '533db2&ECAPRO&status&ARMING&8&61&60&0&0&0&0&0&0&0&0&0&0\n', 1, 1431154427, 1),
(3442, 13, '533db2&ECAPRO&status&ARMING&8&61&60&0&0&0&0&0&0&0&0&0&0\n', 1, 1431154513, 1),
(3443, 13, '533db2&ECAPRO&status&ARMING&8&61&60&0&0&0&0&0&0&0&0&0&0\n', 1, 1431154558, 1),
(3444, 13, '533db2&ECAPRO&status&ARMING&8&61&60&0&0&0&0&0&0&0&0&0&0\n', 1, 1431154602, 1),
(3445, 13, '533db2&ECAPRO&status&ARMING&8&61&60&0&0&0&0&0&0&0&0&0&0\n', 1, 1431154688, 1),
(3446, 13, '533db2&ECAPRO&status&ARMING&8&61&60&0&0&0&0&0&0&0&0&0&0\n', 1, 1431154732, 1),
(3447, 13, '533db2&ECAPRO&status&ARMING&8&61&60&0&0&0&0&0&0&0&0&0&0\n', 1, 1431154776, 1),
(3448, 13, '533db2&ECAPRO&status&ARMING&8&62&60&0&0&0&0&0&0&0&0&0&0\n', 1, 1431154863, 1),
(3449, 13, '533db2&ECAPRO&status&ARMING&8&62&60&0&0&0&0&0&0&0&0&0&0\n', 1, 1431154908, 1),
(3450, 13, '533db2&ECAPRO&status&ARMING&8&62&60&0&0&0&0&0&0&0&0&0&0\n', 1, 1431154995, 1),
(3451, 13, '533db2&ECAPRO&status&ARMING&8&62&60&0&0&0&0&0&0&0&0&0&0\n', 1, 1431155039, 1),
(3452, 13, '533db2&ECAPRO&status&ARMING&8&62&60&0&0&0&0&0&0&0&0&0&0\n', 1, 1431155083, 1),
(3453, 13, '533db2&ECAPRO&status&ARMING&8&62&60&0&0&0&0&0&0&0&0&0&0\n', 1, 1431155170, 1),
(3454, 13, '533db2&ECAPRO&status&ARMING&8&62&60&0&0&0&0&0&0&0&0&0&0\n', 1, 1431155214, 1),
(3455, 13, '533db2&ECAPRO&status&ARMING&8&62&60&0&0&0&0&0&0&0&0&0&0\n', 1, 1431155258, 1),
(3456, 13, '533db2&ECAPRO&status&ARMING&8&62&60&0&0&0&0&0&0&0&0&0&0\n', 1, 1431155345, 1),
(3457, 13, '533db2&ECAPRO&status&ARMING&8&62&60&0&0&0&0&0&0&0&0&0&0\n', 1, 1431155389, 1),
(3458, 13, '533db2&ECAPRO&status&ARMING&8&62&60&0&0&0&0&0&0&0&0&0&0\n', 1, 1431155433, 1),
(3459, 13, '533db2&ECAPRO&status&ARMING&8&62&60&0&0&0&0&0&0&0&0&0&0\n', 1, 1431155522, 1),
(3460, 13, '533db2&ECAPRO&status&ARMING&8&62&60&0&0&0&0&0&0&0&0&0&0\n', 1, 1431155566, 1),
(3461, 13, '533db2&ECAPRO&status&ARMING&8&62&60&0&0&0&0&0&0&0&0&0&0\n', 1, 1431155653, 1),
(3462, 13, '533db2&ECAPRO&status&ARMING&8&62&60&0&0&0&0&0&0&0&0&0&0\n', 1, 1431155697, 1),
(3463, 13, '533db2&ECAPRO&status&ARMING&8&62&60&0&0&0&0&0&0&0&0&0&0\n', 1, 1431155741, 1),
(3464, 13, '533db2&ECAPRO&status&ARMING&8&62&60&0&0&0&0&0&0&0&0&0&0\n', 1, 1431155828, 1),
(3465, 13, '533db2&ECAPRO&status&ARMING&8&62&60&0&0&0&0&0&0&0&0&0&0\n', 1, 1431155872, 1),
(3466, 13, '533db2&ECAPRO&status&ARMING&8&62&60&0&0&0&0&0&0&0&0&0&0\n', 1, 1431155916, 1),
(3467, 13, '533db2&ECAPRO&status&ARMING&8&62&60&0&0&0&0&0&0&0&0&0&0\n', 1, 1431156003, 1),
(3468, 13, '533db2&ECAPRO&status&ARMING&8&62&60&0&0&0&0&0&0&0&0&0&0\n', 1, 1431156047, 1),
(3469, 13, '533db2&ECAPRO&status&ARMING&8&61&60&0&0&0&0&0&0&0&0&0&0\n', 1, 1431156134, 1),
(3470, 13, '533db2&ECAPRO&status&ARMING&8&61&60&0&0&0&0&0&0&0&0&0&0\n', 1, 1431156178, 1),
(3471, 13, '533db2&ECAPRO&status&ARMING&8&61&60&0&0&0&0&0&0&0&0&0&0\n', 1, 1431156222, 1),
(3472, 13, '533db2&ECAPRO&status&ARMING&8&61&60&0&0&0&0&0&0&0&0&0&0\n', 1, 1431156309, 1),
(3473, 13, '533db2&ECAPRO&status&ARMING&8&61&60&0&0&0&0&0&0&0&0&0&0\n', 1, 1431156353, 1),
(3474, 13, '533db2&ECAPRO&status&ARMING&8&61&60&0&0&0&0&0&0&0&0&0&0\n', 1, 1431156398, 1),
(3475, 13, '533db2&ECAPRO&status&ARMING&8&61&60&0&0&0&0&0&0&0&0&0&0\n', 1, 1431156484, 1),
(3476, 13, '533db2&ECAPRO&status&ARMING&8&61&60&0&0&0&0&0&0&0&0&0&0\n', 1, 1431156528, 1),
(3477, 13, '533db2&ECAPRO&status&ARMING&8&61&60&0&0&0&0&0&0&0&0&0&0\n', 1, 1431156615, 1),
(3478, 13, '533db2&ECAPRO&status&ARMING&8&61&60&0&0&0&0&0&0&0&0&0&0\n', 1, 1431156659, 1),
(3479, 13, '533db2&ECAPRO&status&ARMING&8&61&60&0&0&0&0&0&0&0&0&0&0\n', 1, 1431156704, 1),
(3480, 13, '533db2&ECAPRO&status&ARMING&8&61&60&0&0&0&0&0&0&0&0&0&0\n', 1, 1431156791, 1),
(3481, 13, '533db2&ECAPRO&status&ARMING&8&61&60&0&0&0&0&0&0&0&0&0&0\n', 1, 1431156835, 1),
(3482, 13, '533db2&ECAPRO&status&ARMING&8&61&60&0&0&0&0&0&0&0&0&0&0\n', 1, 1431156878, 1),
(3483, 13, '533db2&ECAPRO&status&ARMING&8&61&60&0&0&0&0&0&0&0&0&0&0\n', 1, 1431156965, 1),
(3484, 13, '533db2&ECAPRO&status&ARMING&8&61&60&0&0&0&0&0&0&0&0&0&0\n', 1, 1431157009, 1),
(3485, 13, '533db2&ECAPRO&status&ARMING&8&61&60&0&0&0&0&0&0&0&0&0&0\n', 1, 1431157053, 1),
(3486, 13, '533db2&ECAPRO&status&ARMING&8&61&60&0&0&0&0&0&0&0&0&0&0\n', 1, 1431157140, 1),
(3487, 13, '533db2&ECAPRO&status&ARMING&8&61&60&0&0&0&0&0&0&0&0&0&0\n', 1, 1431157184, 1),
(3488, 13, '533db2&ECAPRO&status&ARMING&8&61&60&0&0&0&0&0&0&0&0&0&0\n', 1, 1431157271, 1),
(3489, 13, '533db2&ECAPRO&status&ARMING&8&61&60&0&0&0&0&0&0&0&0&0&0\n', 1, 1431157316, 1),
(3490, 13, '533db2&ECAPRO&status&ARMING&8&62&60&0&0&0&0&0&0&0&0&0&0\n', 1, 1431157360, 1),
(3491, 13, '533db2&ECAPRO&status&ARMING&8&62&60&0&0&0&0&0&0&0&0&0&0\n', 1, 1431157447, 1),
(3492, 13, '533db2&ECAPRO&status&ARMING&8&62&60&0&0&0&0&0&0&0&0&0&0\n', 1, 1431157491, 1),
(3493, 13, '533db2&ECAPRO&status&ARMING&8&62&60&0&0&0&0&0&0&0&0&0&0\n', 1, 1431157535, 1),
(3494, 13, '533db2&ECAPRO&status&ARMING&8&62&60&0&0&0&0&0&0&0&0&0&0\n', 1, 1431157622, 1),
(3495, 13, '533db2&ECAPRO&status&ARMING&8&62&60&0&0&0&0&0&0&0&0&0&0\n', 1, 1431157666, 1),
(3496, 13, '533db2&ECAPRO&status&ARMING&8&62&60&0&0&0&0&0&0&0&0&0&0\n', 1, 1431157753, 1),
(3497, 13, '533db2&ECAPRO&status&ARMING&8&62&60&0&0&0&0&0&0&0&0&0&0\n', 1, 1431157797, 1),
(3498, 13, '533db2&ECAPRO&status&ARMING&8&62&60&0&0&0&0&0&0&0&0&0&0\n', 1, 1431157841, 1),
(3499, 13, '533db2&ECAPRO&status&ARMING&8&62&60&0&0&0&0&0&0&0&0&0&0\n', 1, 1431157930, 1),
(3500, 13, '533db2&ECAPRO&status&ARMING&8&62&60&0&0&0&0&0&0&0&0&0&0\n', 1, 1431157974, 1),
(3501, 13, '533db2&ECAPRO&status&ARMING&8&62&60&0&0&0&0&0&0&0&0&0&0\n', 1, 1431158018, 1),
(3502, 13, '533db2&ECAPRO&status&ARMING&8&62&60&0&0&0&0&0&0&0&0&0&0\n', 1, 1431158105, 1),
(3503, 13, '533db2&ECAPRO&status&ARMING&8&62&60&0&0&0&0&0&0&0&0&0&0\n', 1, 1431158149, 1),
(3504, 13, '533db2&ECAPRO&status&ARMING&8&62&60&0&0&0&0&0&0&0&0&0&0\n', 1, 1431158193, 1),
(3505, 13, '533db2&ECAPRO&status&ARMING&8&62&60&0&0&0&0&0&0&0&0&0&0\n', 1, 1431158280, 1),
(3506, 13, '533db2&ECAPRO&status&ARMING&8&62&60&0&0&0&0&0&0&0&0&0&0\n', 1, 1431158324, 1),
(3507, 13, '533db2&ECAPRO&status&ARMING&8&62&60&0&0&0&0&0&0&0&0&0&0\n', 1, 1431158411, 1),
(3508, 13, '533db2&ECAPRO&status&ARMING&8&62&60&0&0&0&0&0&0&0&0&0&0\n', 1, 1431158455, 1),
(3509, 13, '533db2&ECAPRO&status&ARMING&8&62&60&0&0&0&0&0&0&0&0&0&0\n', 1, 1431158500, 1),
(3510, 13, '533db2&ECAPRO&status&ARMING&8&62&60&0&0&0&0&0&0&0&0&0&0\n', 1, 1431158587, 1),
(3511, 13, '533db2&ECAPRO&status&ARMING&8&61&60&0&0&0&0&0&0&0&0&0&0\n', 1, 1431158631, 1),
(3512, 13, '533db2&ECAPRO&status&ARMING&8&61&60&0&0&0&0&0&0&0&0&0&0\n', 1, 1431158675, 1),
(3513, 13, '533db2&ECAPRO&status&ARMING&8&61&60&0&0&0&0&0&0&0&0&0&0\n', 1, 1431158762, 1),
(3514, 13, '533db2&ECAPRO&status&ARMING&8&61&60&0&0&0&0&0&0&0&0&0&0\n', 1, 1431158805, 1),
(3515, 13, '533db2&ECAPRO&status&ARMING&8&61&60&0&0&0&0&0&0&0&0&0&0\n', 1, 1431158892, 1),
(3516, 13, '533db2&ECAPRO&status&ARMING&8&61&60&0&0&0&0&0&0&0&0&0&0\n', 1, 1431158936, 1),
(3517, 13, '533db2&ECAPRO&status&ARMING&8&61&60&0&0&0&0&0&0&0&0&0&0\n', 1, 1431158981, 1),
(3518, 13, '533db2&ECAPRO&status&ARMING&8&61&60&0&0&0&0&0&0&0&0&0&0\n', 1, 1431159067, 1),
(3519, 13, '533db2&ECAPRO&status&ARMING&8&61&60&0&0&0&0&0&0&0&0&0&0\n', 1, 1431159112, 1),
(3520, 13, '533db2&ECAPRO&status&ARMING&8&1&60&0&0&0&0&0&0&0&0&0&0\n', 1, 1431159156, 1),
(3521, 13, '533db2&ECAPRO&status&ARMING&8&1&60&0&0&0&0&0&0&0&0&0&0\n', 1, 1431159243, 1),
(3522, 13, '533db2&ECAPRO&status&ARMING&8&1&60&0&0&0&0&0&0&0&0&0&0\n', 1, 1431159287, 1),
(3523, 13, '533db2&ECAPRO&status&ARMING&8&1&60&0&0&0&0&0&0&0&0&0&0\n', 1, 1431159373, 1),
(3524, 13, '533db2&ECAPRO&status&ARMING&8&1&60&0&0&0&0&0&0&0&0&0&0\n', 1, 1431159417, 1),
(3525, 13, '533db2&ECAPRO&status&ARMING&8&1&60&0&0&0&0&0&0&0&0&0&0\n', 1, 1431159461, 1),
(3526, 13, '533db2&ECAPRO&status&ARMING&8&1&60&0&0&0&0&0&0&0&0&0&0\n', 1, 1431159548, 1),
(3527, 13, '533db2&ECAPRO&status&ARMING&8&1&60&0&0&0&0&0&0&0&0&0&0\n', 1, 1431159593, 1),
(3528, 13, '533db2&ECAPRO&status&ARMING&8&1&60&0&0&0&0&0&0&0&0&0&0\n', 1, 1431159638, 1),
(3529, 13, '533db2&ECAPRO&status&ARMING&8&1&60&0&0&0&0&0&0&0&0&0&0\n', 1, 1431159726, 1),
(3530, 13, '533db2&ECAPRO&status&DISARM&0&0&0&0&0&0&0&0&0&0&0&0&0\n', 1, 1431477601, 1),
(3531, 13, '533db2&ECAPRO&status&DISARM&8&2&32&0&0&0&0&0&0&0&0&0&0\n', 1, 1431477643, 1),
(3532, 13, '533db2&ECAPRO&status&DISARM&8&2&32&0&0&0&0&0&0&0&0&0&0\n', 1, 1431477685, 1),
(3533, 13, '533db2&ECAPRO&status&DISARM&8&2&32&0&0&0&0&0&0&0&0&0&0\n', 1, 1431477727, 1),
(3534, 13, '533db2&ECAPRO&status&DISARM&8&2&32&0&0&0&0&0&0&0&0&0&0\n', 1, 1431477810, 1),
(3535, 13, '533db2&ECAPRO&status&DISARM&8&2&32&0&0&0&0&0&0&0&0&0&0\n', 1, 1431477852, 1),
(3536, 16, '271056&ECAGPIS44ATM   &status&ARMING&0&0&1&29.3&0&', 1, 1431477898, 1),
(3537, 13, '533db2&ECAPRO&status&DISARM&8&2&32&0&0&0&0&0&0&0&0&0&0\n', 1, 1431477935, 1),
(3538, 16, '271056&ECAGPIS44ATM   &status&ARMING&0&0&1&29.3&0&', 1, 1431477958, 1),
(3539, 13, '533db2&ECAPRO&status&DISARM&8&2&32&0&0&0&0&0&0&0&0&0&0\n', 1, 1431477976, 1),
(3540, 16, '271056&ECAGPIS44ATM   &status&ARMING&0&0&1&29.2&0&', 1, 1431478018, 1),
(3541, 13, '533db2&ECAPRO&status&DISARM&8&2&32&0&0&0&0&0&0&0&0&0&0\n', 1, 1431478059, 1),
(3542, 16, '271056&ECAGPIS44ATM   &status&ARMING&0&0&1&29.2&0&', 1, 1431478078, 1),
(3543, 13, '533db2&ECAPRO&status&DISARM&8&2&32&0&0&0&0&0&0&0&0&0&0\n', 1, 1431478102, 1),
(3544, 16, '271056&ECAGPIS44ATM   &status&ARMING&0&0&1&29.3&0&', 1, 1431478138, 1),
(3545, 13, '533db2&ECAPRO&status&DISARM&8&2&32&0&0&0&0&0&0&0&0&0&0\n', 1, 1431478144, 1),
(3546, 16, '271056&ECAGPIS44ATM   &status&ARMING&0&0&1&29.3&0&', 1, 1431478198, 1),
(3547, 13, '533db2&ECAPRO&status&DISARM&8&2&32&0&0&0&0&0&0&0&0&0&0\n', 1, 1431478227, 1),
(3548, 16, '271056&ECAGPIS44ATM   &status&ARMING&0&0&1&29.2&0&', 1, 1431478258, 1),
(3549, 13, '533db2&ECAPRO&status&DISARM&8&2&32&0&0&0&0&0&0&0&0&0&0\n', 1, 1431478268, 1),
(3550, 16, '271056&ECAGPIS44ATM   &status&ARMING&0&0&1&29.2&0&', 1, 1431478318, 1),
(3551, 13, '533db2&ECAPRO&status&DISARM&8&2&32&0&0&0&0&0&0&0&0&0&0\n', 1, 1431478351, 1),
(3552, 16, '271056&ECAGPIS44ATM   &status&ARMING&0&0&1&29.3&0&', 1, 1431478377, 1),
(3553, 13, '533db2&ECAPRO&status&DISARM&8&2&32&0&0&0&0&0&0&0&0&0&0\n', 1, 1431478393, 1),
(3554, 16, '271056&ECAGPIS44ATM   &status&ARMING&0&0&1&29.3&0&', 1, 1431478438, 1),
(3555, 13, '533db2&ECAPRO&status&DISARM&8&2&32&0&0&0&0&0&0&0&0&0&0\n', 1, 1431478475, 1),
(3556, 16, '271056&ECAGPIS44ATM   &status&ARMING&0&0&1&29.3&0&', 1, 1431478498, 1),
(3557, 13, '533db2&ECAPRO&status&DISARM&8&2&32&0&0&0&0&0&0&0&0&0&0\n', 1, 1431478517, 1),
(3558, 16, '271056&ECAGPIS44ATM   &status&ARMING&0&0&1&29.3&0&', 1, 1431478558, 1),
(3559, 13, '533db2&ECAPRO&status&DISARM&8&2&32&0&0&0&0&0&0&0&0&0&0\n', 1, 1431478600, 1),
(3560, 16, '271056&ECAGPIS44ATM   &status&ARMING&0&0&1&29.3&0&', 1, 1431478618, 1),
(3561, 13, '533db2&ECAPRO&status&DISARM&8&2&32&0&0&0&0&0&0&0&0&0&0\n', 1, 1431478641, 1),
(3562, 16, '271056&ECAGPIS44ATM   &status&ARMING&0&0&1&29.3&0&', 1, 1431478678, 1),
(3563, 13, '533db2&ECAPRO&status&DISARM&8&2&32&0&0&0&0&0&0&0&0&0&0\n', 1, 1431478685, 1),
(3564, 16, '271056&ECAGPIS44ATM   &status&ARMING&0&0&1&29.3&0&', 1, 1431478738, 1),
(3565, 13, '533db2&ECAPRO&status&DISARM&8&2&32&0&0&0&0&0&0&0&0&0&0\n', 1, 1431478767, 1),
(3566, 16, '271056&ECAGPIS44ATM   &status&ARMING&0&0&1&29.3&0&', 1, 1431478798, 1),
(3567, 13, '533db2&ECAPRO&status&DISARM&8&2&32&0&0&0&0&0&0&0&0&0&0\n', 1, 1431478809, 1),
(3568, 16, '271056&ECAGPIS44ATM   &status&ARMING&0&0&1&29.4&0&', 1, 1431478858, 1),
(3569, 13, '533db2&ECAPRO&status&DISARM&8&1&32&0&0&0&0&0&0&0&0&0&0\n', 1, 1431478893, 1),
(3570, 16, '271056&ECAGPIS44ATM   &status&ARMING&0&0&1&29.4&0&', 1, 1431478918, 1),
(3571, 13, '533db2&ECAPRO&status&DISARM&8&1&32&0&0&0&0&0&0&0&0&0&0\n', 1, 1431478935, 1),
(3572, 16, '271056&ECAGPIS44ATM   &status&ARMING&0&0&1&29.5&0&', 1, 1431478978, 1),
(3573, 13, '533db2&ECAPRO&status&DISARM&8&1&32&0&0&0&0&0&0&0&0&0&0\n', 1, 1431479017, 1),
(3574, 16, '271056&ECAGPIS44ATM   &status&ARMING&0&0&1&29.4&0&', 1, 1431479038, 1),
(3575, 13, '533db2&ECAPRO&status&DISARM&8&1&32&0&0&0&0&0&0&0&0&0&0\n', 1, 1431479059, 1),
(3576, 16, '271056&ECAGPIS44ATM   &status&ARMING&0&0&1&29.5&0&', 1, 1431479098, 1),
(3577, 13, '533db2&ECAPRO&status&DISARM&8&1&32&0&0&0&0&0&0&0&0&0&0\n', 1, 1431479142, 1),
(3578, 16, '271056&ECAGPIS44ATM   &status&Begin&0&0&1&0.0&0&0.0&', 1, 1431479157, 1),
(3579, 16, '271056&ECAGPIS44ATM   &status&ARMING&0&0&1&29.4&0&11.9&', 1, 1431479168, 1),
(3580, 13, '533db2&ECAPRO&status&DISARM&8&1&32&0&0&0&0&0&0&0&0&0&0\n', 1, 1431479184, 1),
(3581, 16, '271056&ECAGPIS44ATM   &status&ARMING&0&0&1&29.4&0&11.8&', 1, 1431479217, 1),
(3582, 13, '533db2&ECAPRO&status&DISARM&8&1&32&0&0&0&0&0&0&0&0&0&0\n', 1, 1431479227, 1),
(3583, 16, '271056&ECAGPIS44ATM   &status&ARMING&0&0&1&29.3&0&11.8&', 1, 1431479277, 1),
(3584, 16, '271056&ECAGPIS44ATM   &status&Begin&0&0&1&0.0&0&0.0&', 1, 1431479292, 1),
(3585, 16, '271056&ECAGPIS44ATM   &status&ARMING&0&0&1&29.3&0&11.8&', 1, 1431479302, 1),
(3586, 13, '533db2&ECAPRO&status&DISARM&8&1&32&0&0&0&0&0&0&0&0&0&0\n', 1, 1431479311, 1),
(3587, 16, '271056&ECAGPIS44ATM   &status&ARMING&0&0&1&29.3&0&11.9&', 1, 1431479339, 1),
(3588, 13, '533db2&ECAPRO&status&DISARM&8&1&32&0&0&0&0&0&0&0&0&0&0\n', 1, 1431479352, 1),
(3589, 16, '271056&ECAGPIS44ATM   &status&ARMING&0&0&1&29.3&0&11.8&', 1, 1431479393, 1),
(3590, 16, '271056&ECAGPIS44ATM   &status&Begin&0&0&1&0.0&0&0.0&', 1, 1431479415, 1),
(3591, 16, '271056&ECAGPIS44ATM   &status&ARMING&0&0&1&29.3&0&11.9&', 1, 1431479426, 1),
(3592, 13, '533db2&ECAPRO&status&DISARM&8&1&32&0&0&0&0&0&0&0&0&0&0\n', 1, 1431479435, 1),
(3593, 16, '271056&ECAGPIS44ATM   &status&ARMING&0&0&1&29.3&0&11.9&', 1, 1431479458, 1),
(3594, 13, '533db2&ECAPRO&status&DISARM&8&1&32&0&0&0&0&0&0&0&0&0&0\n', 1, 1431479477, 1),
(3595, 16, '271056&ECAGPIS44ATM   &status&ARMING&0&0&1&29.3&0&11.8&', 1, 1431479518, 1),
(3596, 13, '533db2&ECAPRO&status&DISARM&8&1&32&0&0&0&0&0&0&0&0&0&0\n', 1, 1431479560, 1),
(3597, 16, '271056&ECAGPIS44ATM   &status&ARMING&0&0&1&29.3&0&11.8&', 1, 1431479578, 1),
(3598, 13, '533db2&ECAPRO&status&DISARM&8&1&32&0&0&0&0&0&0&0&0&0&0\n', 1, 1431479602, 1),
(3599, 16, '271056&ECAGPIS44ATM   &status&ARMING&0&0&1&29.2&0&11.8&', 1, 1431479638, 1),
(3600, 13, '533db2&ECAPRO&status&DISARM&8&1&32&0&0&0&0&0&0&0&0&0&0\n', 1, 1431479644, 1),
(3601, 16, '271056&ECAGPIS44ATM   &status&ARMING&0&0&1&29.2&0&11.8&', 1, 1431479698, 1),
(3602, 13, '533db2&ECAPRO&status&DISARM&8&1&32&0&0&0&0&0&0&0&0&0&0\n', 1, 1431479726, 1),
(3603, 16, '271056&ECAGPIS44ATM   &status&ARMING&0&0&1&29.2&0&11.9&', 1, 1431479758, 1),
(3604, 13, '533db2&ECAPRO&status&DISARM&8&1&32&0&0&0&0&0&0&0&0&0&0\n', 1, 1431479768, 1),
(3605, 16, '271056&ECAGPIS44ATM   &status&ARMING&0&0&1&29.2&0&11.8&', 1, 1431479818, 1),
(3606, 13, '533db2&ECAPRO&status&DISARM&8&1&32&0&0&0&0&0&0&0&0&0&0\n', 1, 1431479851, 1),
(3607, 16, '271056&ECAGPIS44ATM   &status&ARMING&0&0&1&29.2&0&11.8&', 1, 1431479878, 1),
(3608, 13, '533db2&ECAPRO&status&DISARM&8&1&32&0&0&0&0&0&0&0&0&0&0\n', 1, 1431479895, 1),
(3609, 16, '271056&ECAGPIS44ATM   &status&ARMING&0&0&1&29.2&0&11.8&', 1, 1431479938, 1),
(3610, 13, '533db2&ECAPRO&status&DISARM&8&1&32&0&0&0&0&0&0&0&0&0&0\n', 1, 1431479977, 1),
(3611, 16, '271056&ECAGPIS44ATM   &status&ARMING&0&0&1&29.2&0&11.8&', 1, 1431479998, 1),
(3612, 13, '533db2&ECAPRO&status&DISARM&8&1&32&0&0&0&0&0&0&0&0&0&0\n', 1, 1431480020, 1),
(3613, 16, '271056&ECAGPIS44ATM   &status&ARMING&0&0&1&29.2&0&11.8&', 1, 1431480058, 1),
(3614, 13, '533db2&ECAPRO&status&DISARM&8&1&32&0&0&0&0&0&0&0&0&0&0\n', 1, 1431480103, 1),
(3615, 16, '271056&ECAGPIS44ATM   &status&ARMING&0&0&1&29.2&0&11.8&', 1, 1431480118, 1),
(3616, 13, '533db2&ECAPRO&status&DISARM&8&2&32&0&0&0&0&0&0&0&0&0&0\n', 1, 1431480145, 1),
(3617, 16, '271056&ECAGPIS44ATM   &status&ARMING&0&0&1&29.2&0&11.8&', 1, 1431480178, 1),
(3618, 13, '533db2&ECAPRO&status&DISARM&8&2&32&0&0&0&0&0&0&0&0&0&0\n', 1, 1431480186, 1),
(3619, 16, '271056&ECAGPIS44ATM   &status&ARMING&0&0&1&29.2&0&11.8&', 1, 1431480238, 1),
(3620, 13, '533db2&ECAPRO&status&DISARM&8&2&32&0&0&0&0&0&0&0&0&0&0\n', 1, 1431480269, 1),
(3621, 16, '271056&ECAGPIS44ATM   &status&ARMING&0&0&1&29.2&0&11.8&', 1, 1431480298, 1),
(3622, 13, '533db2&ECAPRO&status&DISARM&8&2&32&0&0&0&0&0&0&0&0&0&0\n', 1, 1431480311, 1),
(3623, 16, '271056&ECAGPIS44ATM   &status&ARMING&0&0&1&29.2&0&11.8&', 1, 1431480358, 1),
(3624, 13, '533db2&ECAPRO&status&DISARM&8&2&32&0&0&0&0&0&0&0&0&0&0\n', 1, 1431480394, 1),
(3625, 16, '271056&ECAGPIS44ATM   &status&ARMING&0&0&1&29.2&0&11.8&', 1, 1431480418, 1),
(3626, 13, '533db2&ECAPRO&status&DISARM&8&2&32&0&0&0&0&0&0&0&0&0&0\n', 1, 1431480435, 1),
(3627, 16, '271056&ECAGPIS44ATM   &status&ARMING&0&0&1&29.2&0&11.8&', 1, 1431480478, 1),
(3628, 13, '533db2&ECAPRO&status&DISARM&8&2&32&0&0&0&0&0&0&0&0&0&0\n', 1, 1431480520, 1),
(3629, 16, '271056&ECAGPIS44ATM   &status&ARMING&0&0&1&29.2&0&11.8&', 1, 1431480538, 1),
(3630, 13, '533db2&ECAPRO&status&DISARM&8&2&32&0&0&0&0&0&0&0&0&0&0\n', 1, 1431480562, 1),
(3631, 16, '271056&ECAGPIS44ATM   &status&ARMING&0&0&1&29.2&0&11.8&', 1, 1431480598, 1),
(3632, 13, '533db2&ECAPRO&status&DISARM&8&2&32&0&0&0&0&0&0&0&0&0&0\n', 1, 1431480604, 1),
(3633, 16, '271056&ECAGPIS44ATM   &status&ARMING&0&0&1&29.2&0&11.8&', 1, 1431480658, 1),
(3634, 13, '533db2&ECAPRO&status&DISARM&8&2&32&0&0&0&0&0&0&0&0&0&0\n', 1, 1431480686, 1),
(3635, 16, '271056&ECAGPIS44ATM   &status&ARMING&0&0&1&29.2&0&11.8&', 1, 1431480718, 1),
(3636, 13, '533db2&ECAPRO&status&DISARM&8&2&32&0&0&0&0&0&0&0&0&0&0\n', 1, 1431480729, 1),
(3637, 16, '271056&ECAGPIS44ATM   &status&ARMING&0&0&1&29.2&0&11.8&', 1, 1431480778, 1),
(3638, 13, '533db2&ECAPRO&status&DISARM&8&2&32&0&0&0&0&0&0&0&0&0&0\n', 1, 1431480811, 1),
(3639, 16, '271056&ECAGPIS44ATM   &status&ARMING&0&0&1&29.2&0&11.8&', 1, 1431480838, 1),
(3640, 13, '533db2&ECAPRO&status&DISARM&8&2&32&0&0&0&0&0&0&0&0&0&0\n', 1, 1431480853, 1),
(3641, 16, '271056&ECAGPIS44ATM   &status&ARMING&0&0&1&29.2&0&11.8&', 1, 1431480898, 1),
(3642, 13, '533db2&ECAPRO&status&DISARM&8&2&32&0&0&0&0&0&0&0&0&0&0\n', 1, 1431480936, 1),
(3643, 16, '271056&ECAGPIS44ATM   &status&ARMING&0&0&1&29.2&0&11.8&', 1, 1431480958, 1),
(3644, 13, '533db2&ECAPRO&status&DISARM&8&2&32&0&0&0&0&0&0&0&0&0&0\n', 1, 1431480978, 1),
(3645, 16, '271056&ECAGPIS44ATM   &status&ARMING&0&0&1&29.2&0&11.8&', 1, 1431481018, 1),
(3646, 13, '533db2&ECAPRO&status&DISARM&8&2&32&0&0&0&0&0&0&0&0&0&0\n', 1, 1431481060, 1),
(3647, 16, '271056&ECAGPIS44ATM   &status&ARMING&0&0&1&29.2&0&11.8&', 1, 1431481078, 1),
(3648, 13, '533db2&ECAPRO&status&DISARM&8&2&32&0&0&0&0&0&0&0&0&0&0\n', 1, 1431481104, 1),
(3649, 16, '271056&ECAGPIS44ATM   &status&ARMING&0&0&1&29.2&0&11.9&', 1, 1431481138, 1),
(3650, 13, '533db2&ECAPRO&status&DISARM&8&2&32&0&0&0&0&0&0&0&0&0&0\n', 1, 1431481146, 1),
(3651, 16, '271056&ECAGPIS44ATM   &status&ARMING&0&0&1&29.2&0&11.9&', 1, 1431481198, 1),
(3652, 13, '533db2&ECAPRO&status&DISARM&8&2&32&0&0&0&0&0&0&0&0&0&0\n', 1, 1431481228, 1),
(3653, 16, '271056&ECAGPIS44ATM   &status&ARMING&0&0&1&29.2&0&11.8&', 1, 1431481258, 1),
(3654, 13, '533db2&ECAPRO&status&DISARM&8&2&32&0&0&0&0&0&0&0&0&0&0\n', 1, 1431481270, 1),
(3655, 16, '271056&ECAGPIS44ATM   &status&ARMING&0&0&1&29.2&0&11.8&', 1, 1431481318, 1),
(3656, 13, '533db2&ECAPRO&status&DISARM&8&2&32&0&0&0&0&0&0&0&0&0&0\n', 1, 1431481353, 1),
(3657, 16, '271056&ECAGPIS44ATM   &status&ARMING&0&0&1&29.2&0&11.8&', 1, 1431481378, 1),
(3658, 13, '533db2&ECAPRO&status&DISARM&8&1&32&0&0&0&0&0&0&0&0&0&0\n', 1, 1431481394, 1),
(3659, 16, '271056&ECAGPIS44ATM   &status&ARMING&0&0&1&29.2&0&11.9&', 1, 1431481438, 1),
(3660, 13, '533db2&ECAPRO&status&DISARM&8&1&32&0&0&0&0&0&0&0&0&0&0\n', 1, 1431481477, 1),
(3661, 16, '271056&ECAGPIS44ATM   &status&ARMING&0&0&1&29.2&0&11.9&', 1, 1431481498, 1),
(3662, 13, '533db2&ECAPRO&status&DISARM&8&1&32&0&0&0&0&0&0&0&0&0&0\n', 1, 1431481519, 1),
(3663, 16, '271056&ECAGPIS44ATM   &status&ARMING&0&0&1&29.2&0&11.8&', 1, 1431481558, 1),
(3664, 13, '533db2&ECAPRO&status&DISARM&8&1&32&0&0&0&0&0&0&0&0&0&0\n', 1, 1431481601, 1),
(3665, 16, '271056&ECAGPIS44ATM   &status&ARMING&0&0&1&29.2&0&11.9&', 1, 1431481618, 1),
(3666, 13, '533db2&ECAPRO&status&DISARM&8&1&32&0&0&0&0&0&0&0&0&0&0\n', 1, 1431481643, 1),
(3667, 16, '271056&ECAGPIS44ATM   &status&ARMING&0&0&1&29.2&0&11.8&', 1, 1431481678, 1),
(3668, 13, '533db2&ECAPRO&status&DISARM&8&1&32&0&0&0&0&0&0&0&0&0&0\n', 1, 1431481686, 1),
(3669, 16, '271056&ECAGPIS44ATM   &status&ARMING&0&0&1&29.1&0&11.8&', 1, 1431481738, 1),
(3670, 13, '533db2&ECAPRO&status&DISARM&8&1&32&0&0&0&0&0&0&0&0&0&0\n', 1, 1431481768, 1),
(3671, 16, '271056&ECAGPIS44ATM   &status&ARMING&0&0&1&29.2&0&11.8&', 1, 1431481798, 1),
(3672, 13, '533db2&ECAPRO&status&DISARM&8&1&32&0&0&0&0&0&0&0&0&0&0\n', 1, 1431481810, 1),
(3673, 16, '271056&ECAGPIS44ATM   &status&ARMING&0&0&1&29.2&0&11.8&', 1, 1431481858, 1),
(3674, 13, '533db2&ECAPRO&status&DISARM&8&1&32&0&0&0&0&0&0&0&0&0&0\n', 1, 1431481893, 1),
(3675, 16, '271056&ECAGPIS44ATM   &status&ARMING&0&0&1&29.2&0&11.8&', 1, 1431481918, 1),
(3676, 13, '533db2&ECAPRO&status&DISARM&8&1&32&0&0&0&0&0&0&0&0&0&0\n', 1, 1431481935, 1),
(3677, 16, '271056&ECAGPIS44ATM   &status&ARMING&0&0&1&29.2&0&11.9&', 1, 1431481978, 1),
(3678, 13, '533db2&ECAPRO&status&DISARM&8&1&32&0&0&0&0&0&0&0&0&0&0\n', 1, 1431482017, 1),
(3679, 16, '271056&ECAGPIS44ATM   &status&ARMING&0&0&1&29.2&0&11.8&', 1, 1431482038, 1),
(3680, 13, '533db2&ECAPRO&status&DISARM&8&1&32&0&0&0&0&0&0&0&0&0&0\n', 1, 1431482059, 1),
(3681, 16, '271056&ECAGPIS44ATM   &status&ARMING&0&0&1&29.2&0&11.9&', 1, 1431482098, 1),
(3682, 13, '533db2&ECAPRO&status&DISARM&8&1&32&0&0&0&0&0&0&0&0&0&0\n', 1, 1431482142, 1),
(3683, 16, '271056&ECAGPIS44ATM   &status&ARMING&0&0&1&29.3&0&11.8&', 1, 1431482158, 1),
(3684, 13, '533db2&ECAPRO&status&DISARM&8&1&32&0&0&0&0&0&0&0&0&0&0\n', 1, 1431482184, 1),
(3685, 16, '271056&ECAGPIS44ATM   &status&ARMING&0&0&1&29.3&0&11.9&', 1, 1431482218, 1),
(3686, 13, '533db2&ECAPRO&status&DISARM&8&1&32&0&0&0&0&0&0&0&0&0&0\n', 1, 1431482226, 1),
(3687, 16, '271056&ECAGPIS44ATM   &status&ARMING&0&0&1&29.3&0&11.8&', 1, 1431482278, 1),
(3688, 13, '533db2&ECAPRO&status&DISARM&8&1&32&0&0&0&0&0&0&0&0&0&0\n', 1, 1431482309, 1),
(3689, 16, '271056&ECAGPIS44ATM   &status&ARMING&0&0&1&29.3&0&11.8&', 1, 1431482338, 1),
(3690, 13, '533db2&ECAPRO&status&DISARM&8&1&32&0&0&0&0&0&0&0&0&0&0\n', 1, 1431482351, 1),
(3691, 16, '271056&ECAGPIS44ATM   &status&ARMING&0&0&1&29.3&0&11.8&', 1, 1431482398, 1),
(3692, 13, '533db2&ECAPRO&status&DISARM&8&1&32&0&0&0&0&0&0&0&0&0&0\n', 1, 1431482433, 1),
(3693, 16, '271056&ECAGPIS44ATM   &status&ARMING&0&0&1&29.3&0&11.9&', 1, 1431482458, 1),
(3694, 13, '533db2&ECAPRO&status&DISARM&8&1&32&0&0&0&0&0&0&0&0&0&0\n', 1, 1431482475, 1),
(3695, 16, '271056&ECAGPIS44ATM   &status&ARMING&0&0&1&29.3&0&11.9&', 1, 1431482518, 1),
(3696, 13, '533db2&ECAPRO&status&DISARM&8&1&32&0&0&0&0&0&0&0&0&0&0\n', 1, 1431482558, 1),
(3697, 16, '271056&ECAGPIS44ATM   &status&ARMING&0&0&1&29.2&0&11.8&', 1, 1431482578, 1),
(3698, 13, '533db2&ECAPRO&status&DISARM&8&1&32&0&0&0&0&0&0&0&0&0&0\n', 1, 1431482599, 1),
(3699, 16, '271056&ECAGPIS44ATM   &status&ARMING&0&0&1&29.2&0&11.8&', 1, 1431482638, 1),
(3700, 13, '533db2&ECAPRO&status&DISARM&8&2&32&0&0&0&0&0&0&0&0&0&0\n', 1, 1431482682, 1),
(3701, 16, '271056&ECAGPIS44ATM   &status&ARMING&0&0&1&29.3&0&11.9&', 1, 1431482698, 1),
(3702, 13, '533db2&ECAPRO&status&DISARM&8&2&32&0&0&0&0&0&0&0&0&0&0\n', 1, 1431482724, 1),
(3703, 16, '271056&ECAGPIS44ATM   &status&ARMING&0&0&1&29.3&0&11.8&', 1, 1431482758, 1),
(3704, 13, '533db2&ECAPRO&status&DISARM&8&2&32&0&0&0&0&0&0&0&0&0&0\n', 1, 1431482766, 1),
(3705, 16, '271056&ECAGPIS44ATM   &status&ARMING&0&0&1&29.3&0&11.8&', 1, 1431482818, 1),
(3706, 13, '533db2&ECAPRO&status&DISARM&8&2&32&0&0&0&0&0&0&0&0&0&0\n', 1, 1431482848, 1),
(3707, 16, '271056&ECAGPIS44ATM   &status&ARMING&0&0&1&29.3&0&11.8&', 1, 1431482878, 1),
(3708, 13, '533db2&ECAPRO&status&DISARM&8&2&32&0&0&0&0&0&0&0&0&0&0\n', 1, 1431482891, 1),
(3709, 16, '271056&ECAGPIS44ATM   &status&ARMING&0&0&1&29.2&0&11.8&', 1, 1431482938, 1),
(3710, 13, '533db2&ECAPRO&status&DISARM&8&2&32&0&0&0&0&0&0&0&0&0&0\n', 1, 1431482974, 1),
(3711, 16, '271056&ECAGPIS44ATM   &status&ARMING&0&0&1&29.3&0&11.8&', 1, 1431482998, 1),
(3712, 13, '533db2&ECAPRO&status&DISARM&8&2&32&0&0&0&0&0&0&0&0&0&0\n', 1, 1431483016, 1),
(3713, 16, '271056&ECAGPIS44ATM   &status&ARMING&0&0&1&29.3&0&11.9&', 1, 1431483058, 1),
(3714, 13, '533db2&ECAPRO&status&DISARM&8&2&32&0&0&0&0&0&0&0&0&0&0\n', 1, 1431483098, 1),
(3715, 16, '271056&ECAGPIS44ATM   &status&ARMING&0&0&1&29.3&0&11.8&', 1, 1431483118, 1),
(3716, 13, '533db2&ECAPRO&status&DISARM&8&2&32&0&0&0&0&0&0&0&0&0&0\n', 1, 1431483140, 1),
(3717, 16, '271056&ECAGPIS44ATM   &status&ARMING&0&0&1&29.2&0&11.8&', 1, 1431483178, 1),
(3718, 13, '533db2&ECAPRO&status&DISARM&8&2&32&0&0&0&0&0&0&0&0&0&0\n', 1, 1431483182, 1),
(3719, 16, '271056&ECAGPIS44ATM   &status&ARMING&0&0&1&29.3&0&11.8&', 1, 1431483238, 1),
(3720, 13, '533db2&ECAPRO&status&DISARM&8&2&32&0&0&0&0&0&0&0&0&0&0\n', 1, 1431483265, 1),
(3721, 16, '271056&ECAGPIS44ATM   &status&ARMING&0&0&1&29.3&0&11.8&', 1, 1431483298, 1),
(3722, 13, '533db2&ECAPRO&status&DISARM&8&2&32&0&0&0&0&0&0&0&0&0&0\n', 1, 1431483307, 1),
(3723, 16, '271056&ECAGPIS44ATM   &status&ARMING&0&0&1&29.3&0&11.8&', 1, 1431483358, 1),
(3724, 13, '533db2&ECAPRO&status&DISARM&8&2&32&0&0&0&0&0&0&0&0&0&0\n', 1, 1431483389, 1),
(3725, 16, '271056&ECAGPIS44ATM   &status&ARMING&0&0&1&29.3&0&11.8&', 1, 1431483418, 1),
(3726, 13, '533db2&ECAPRO&status&DISARM&8&2&32&0&0&0&0&0&0&0&0&0&0\n', 1, 1431483431, 1),
(3727, 16, '271056&ECAGPIS44ATM   &status&ARMING&0&0&1&29.3&0&11.8&', 1, 1431483478, 1),
(3728, 13, '533db2&ECAPRO&status&DISARM&8&2&32&0&0&0&0&0&0&0&0&0&0\n', 1, 1431483514, 1),
(3729, 16, '271056&ECAGPIS44ATM   &status&ARMING&0&0&1&29.3&0&11.8&', 1, 1431483538, 1),
(3730, 13, '533db2&ECAPRO&status&DISARM&8&2&32&0&0&0&0&0&0&0&0&0&0\n', 1, 1431483556, 1),
(3731, 16, '271056&ECAGPIS44ATM   &status&ARMING&0&0&1&29.3&0&11.8&', 1, 1431483598, 1),
(3732, 13, '533db2&ECAPRO&status&DISARM&8&2&32&0&0&0&0&0&0&0&0&0&0\n', 1, 1431483639, 1),
(3733, 16, '271056&ECAGPIS44ATM   &status&ARMING&0&0&1&29.3&0&11.8&', 1, 1431483658, 1),
(3734, 13, '533db2&ECAPRO&status&DISARM&8&2&32&0&0&0&0&0&0&0&0&0&0\n', 1, 1431483681, 1),
(3735, 16, '271056&ECAGPIS44ATM   &status&ARMING&0&0&1&29.3&0&11.8&', 1, 1431483718, 1),
(3736, 13, '533db2&ECAPRO&status&DISARM&8&2&32&0&0&0&0&0&0&0&0&0&0\n', 1, 1431483723, 1),
(3737, 16, '271056&ECAGPIS44ATM   &status&ARMING&0&0&1&29.3&0&11.8&', 1, 1431483779, 1),
(3738, 13, '533db2&ECAPRO&status&DISARM&8&2&32&0&0&0&0&0&0&0&0&0&0\n', 1, 1431483805, 1),
(3739, 16, '271056&ECAGPIS44ATM   &status&ARMING&0&0&1&29.3&0&11.8&', 1, 1431483838, 1),
(3740, 13, '533db2&ECAPRO&status&DISARM&8&2&32&0&0&0&0&0&0&0&0&0&0\n', 1, 1431483847, 1),
(3741, 16, '271056&ECAGPIS44ATM   &status&ARMING&0&0&1&29.3&0&11.8&', 1, 1431483898, 1),
(3742, 13, '533db2&ECAPRO&status&DISARM&8&1&32&0&0&0&0&0&0&0&0&0&0\n', 1, 1431483930, 1),
(3743, 16, '271056&ECAGPIS44ATM   &status&ARMING&0&0&1&29.3&0&11.8&', 1, 1431483958, 1),
(3744, 13, '533db2&ECAPRO&status&DISARM&8&1&32&0&0&0&0&0&0&0&0&0&0\n', 1, 1431483972, 1),
(3745, 16, '271056&ECAGPIS44ATM   &status&ARMING&0&0&1&29.3&0&11.8&', 1, 1431484018, 1),
(3746, 13, '533db2&ECAPRO&status&DISARM&8&1&32&0&0&0&0&0&0&0&0&0&0\n', 1, 1431484054, 1),
(3747, 16, '271056&ECAGPIS44ATM   &status&ARMING&0&0&1&29.4&0&11.8&', 1, 1431484078, 1),
(3748, 13, '533db2&ECAPRO&status&DISARM&8&1&32&0&0&0&0&0&0&0&0&0&0\n', 1, 1431484097, 1),
(3749, 16, '271056&ECAGPIS44ATM   &status&ARMING&0&0&1&29.4&0&11.8&', 1, 1431484138, 1),
(3750, 13, '533db2&ECAPRO&status&DISARM&8&1&32&0&0&0&0&0&0&0&0&0&0\n', 1, 1431484179, 1),
(3751, 16, '271056&ECAGPIS44ATM   &status&ARMING&0&0&1&29.4&0&11.8&', 1, 1431484198, 1),
(3752, 13, '533db2&ECAPRO&status&DISARM&8&1&32&0&0&0&0&0&0&0&0&0&0\n', 1, 1431484221, 1),
(3753, 16, '271056&ECAGPIS44ATM   &status&ARMING&0&0&1&29.4&0&11.8&', 1, 1431484258, 1),
(3754, 13, '533db2&ECAPRO&status&DISARM&8&1&32&0&0&0&0&0&0&0&0&0&0\n', 1, 1431484263, 1),
(3755, 16, '271056&ECAGPIS44ATM   &status&ARMING&0&0&1&29.4&0&11.8&', 1, 1431484318, 1),
(3756, 13, '533db2&ECAPRO&status&DISARM&8&1&32&0&0&0&0&0&0&0&0&0&0\n', 1, 1431484346, 1),
(3757, 16, '271056&ECAGPIS44ATM   &status&ARMING&0&0&1&29.4&0&11.8&', 1, 1431484378, 1),
(3758, 13, '533db2&ECAPRO&status&DISARM&8&1&32&0&0&0&0&0&0&0&0&0&0\n', 1, 1431484388, 1),
(3759, 16, '271056&ECAGPIS44ATM   &status&ARMING&0&0&1&29.4&0&11.9&', 1, 1431484438, 1),
(3760, 13, '533db2&ECAPRO&status&DISARM&8&1&32&0&0&0&0&0&0&0&0&0&0\n', 1, 1431484470, 1),
(3761, 16, '271056&ECAGPIS44ATM   &status&ARMING&0&0&1&29.4&0&11.8&', 1, 1431484498, 1),
(3762, 13, '533db2&ECAPRO&status&DISARM&8&1&32&0&0&0&0&0&0&0&0&0&0\n', 1, 1431484512, 1),
(3763, 16, '271056&ECAGPIS44ATM   &status&ARMING&0&0&1&29.4&0&11.8&', 1, 1431484558, 1),
(3764, 13, '533db2&ECAPRO&status&DISARM&8&1&32&0&0&0&0&0&0&0&0&0&0\n', 1, 1431484595, 1),
(3765, 16, '271056&ECAGPIS44ATM   &status&ARMING&0&0&1&29.4&0&11.8&', 1, 1431484618, 1),
(3766, 13, '533db2&ECAPRO&status&DISARM&8&1&32&0&0&0&0&0&0&0&0&0&0\n', 1, 1431484637, 1),
(3767, 16, '271056&ECAGPIS44ATM   &status&ARMING&0&0&1&29.4&0&11.8&', 1, 1431484678, 1),
(3768, 13, '533db2&ECAPRO&status&DISARM&8&1&32&0&0&0&0&0&0&0&0&0&0\n', 1, 1431484721, 1),
(3769, 16, '271056&ECAGPIS44ATM   &status&ARMING&0&0&1&29.4&0&11.9&', 1, 1431484738, 1),
(3770, 13, '533db2&ECAPRO&status&DISARM&8&1&32&0&0&0&0&0&0&0&0&0&0\n', 1, 1431484763, 1),
(3771, 16, '271056&ECAGPIS44ATM   &status&ARMING&0&0&1&29.4&0&11.8&', 1, 1431484798, 1),
(3772, 13, '533db2&ECAPRO&status&DISARM&8&1&32&0&0&0&0&0&0&0&0&0&0\n', 1, 1431484805, 1),
(3773, 16, '271056&ECAGPIS44ATM   &status&ARMING&0&0&1&29.4&0&11.8&', 1, 1431484858, 1),
(3774, 13, '533db2&ECAPRO&status&DISARM&8&1&32&0&0&0&0&0&0&0&0&0&0\n', 1, 1431484888, 1),
(3775, 16, '271056&ECAGPIS44ATM   &status&ARMING&0&0&1&29.4&0&11.8&', 1, 1431484918, 1),
(3776, 13, '533db2&ECAPRO&status&DISARM&8&1&32&0&0&0&0&0&0&0&0&0&0\n', 1, 1431484930, 1),
(3777, 16, '271056&ECAGPIS44ATM   &status&ARMING&0&0&1&29.4&0&11.8&', 1, 1431484978, 1),
(3778, 13, '533db2&ECAPRO&status&DISARM&8&1&32&0&0&0&0&0&0&0&0&0&0\n', 1, 1431485012, 1),
(3779, 16, '271056&ECAGPIS44ATM   &status&ARMING&0&0&1&29.4&0&11.8&', 1, 1431485038, 1),
(3780, 13, '533db2&ECAPRO&status&DISARM&8&1&32&0&0&0&0&0&0&0&0&0&0\n', 1, 1431485054, 1),
(3781, 16, '271056&ECAGPIS44ATM   &status&ARMING&0&0&1&29.4&0&11.8&', 1, 1431485098, 1),
(3782, 13, '533db2&ECAPRO&status&DISARM&8&1&32&0&0&0&0&0&0&0&0&0&0\n', 1, 1431485137, 1),
(3783, 16, '271056&ECAGPIS44ATM   &status&ARMING&0&0&1&29.4&0&11.8&', 1, 1431485158, 1),
(3784, 13, '533db2&ECAPRO&status&DISARM&8&2&32&0&0&0&0&0&0&0&0&0&0\n', 1, 1431485179, 1);

-- --------------------------------------------------------

--
-- Table structure for table `station_status_controller`
--

CREATE TABLE IF NOT EXISTS `station_status_controller` (
`id` int(11) NOT NULL,
  `station_id` int(11) DEFAULT '0',
  `output_dec` int(11) DEFAULT NULL,
  `configure_dec` int(11) DEFAULT NULL,
  `security_mode` int(11) DEFAULT NULL COMMENT '0: off | 1: on',
  `created_at` int(11) DEFAULT '0',
  `updated` int(11) DEFAULT '0' COMMENT '0: not | 1: updated'
) ENGINE=InnoDB  DEFAULT CHARSET=utf8 AUTO_INCREMENT=18 ;

--
-- Dumping data for table `station_status_controller`
--

INSERT INTO `station_status_controller` (`id`, `station_id`, `output_dec`, `configure_dec`, `security_mode`, `created_at`, `updated`) VALUES
(1, 13, 33, 32, 1, 1430956097, 1),
(2, 13, 65, 32, NULL, 1430958426, 1),
(3, 13, 0, 32, 1, 1430958576, 1),
(4, 13, 1, 32, 1, 1430960241, 1),
(5, 13, 1, 32, NULL, 1430960695, 1),
(6, 13, 1, 32, NULL, 1430961816, 1),
(7, 13, 2, 0, 1, 1430961877, 1),
(8, 13, 34, 0, NULL, 1430964128, 1),
(9, 13, 32, 0, NULL, 1430964231, 1),
(10, 13, 64, 0, 1, 1430964899, 1),
(11, 13, 64, 0, NULL, 1430966927, 1),
(12, 13, 32, 0, NULL, 1430967285, 1),
(13, 13, 32, 0, 1, 1430967295, 1),
(14, 13, 1, 0, 1, 1430978784, 1),
(15, 13, 17, 32, NULL, 1431004980, 1),
(16, 13, 17, 0, NULL, 1431005097, 1),
(17, 13, NULL, NULL, 1, 1431005288, 0);

-- --------------------------------------------------------

--
-- Table structure for table `station_status_handler`
--

CREATE TABLE IF NOT EXISTS `station_status_handler` (
`id` int(11) NOT NULL,
  `equip_id` int(11) DEFAULT '0',
  `station_id` int(11) DEFAULT '0',
  `type` int(3) DEFAULT '1' COMMENT '1:equipment | 2:sensor(security)',
  `status` int(11) DEFAULT '0',
  `configure` int(11) DEFAULT '0',
  `updated` int(11) DEFAULT '0',
  `created_at` int(11) DEFAULT '0'
) ENGINE=InnoDB  DEFAULT CHARSET=utf8 AUTO_INCREMENT=3 ;

-- --------------------------------------------------------

--
-- Table structure for table `user`
--

CREATE TABLE IF NOT EXISTS `user` (
`id` int(11) NOT NULL,
  `username` varchar(255) COLLATE utf8_unicode_ci NOT NULL,
  `auth_key` varchar(32) COLLATE utf8_unicode_ci NOT NULL,
  `password_hash` varchar(255) COLLATE utf8_unicode_ci NOT NULL,
  `password_reset_token` varchar(255) COLLATE utf8_unicode_ci DEFAULT NULL,
  `email` varchar(255) COLLATE utf8_unicode_ci NOT NULL,
  `created_at` int(11) NOT NULL,
  `updated_at` int(11) NOT NULL,
  `type` int(3) DEFAULT '1' COMMENT '1: user level 1 | 2: user level 2 | 10: (administrator)',
  `mobile` varchar(20) COLLATE utf8_unicode_ci DEFAULT NULL,
  `created_by` int(11) DEFAULT '0' COMMENT 'User id create',
  `fullname` varchar(255) COLLATE utf8_unicode_ci DEFAULT NULL,
  `status` smallint(6) NOT NULL DEFAULT '10'
) ENGINE=InnoDB  DEFAULT CHARSET=utf8 COLLATE=utf8_unicode_ci AUTO_INCREMENT=7 ;

--
-- Dumping data for table `user`
--

INSERT INTO `user` (`id`, `username`, `auth_key`, `password_hash`, `password_reset_token`, `email`, `created_at`, `updated_at`, `type`, `mobile`, `created_by`, `fullname`, `status`) VALUES
(1, 'admin', 'jeBxBMGrgkdyPGDQlflewk0-bOfpIdn3', '$2y$13$BkQWiW7C0jg3OfRaDV4r1uxehk3dazAi8Ygo.4uQP4N6dbqA84UxO', NULL, 'vvdung88@gmail.com', 1429442709, 1429442709, 10, NULL, 0, 'Vương Dũng', 10),
(5, 'dungvv', 'rAZcuvhhk7rruQtvnnef4hmjExQbmgCF', '$2y$13$tbviTHAE4Xpei9BJH4ySqOoTXPprTYv3mBci7iMKKB2MkSLalhuIe', NULL, 'dungvv@smartosc.com', 1429445752, 1429445752, 2, '6843882882', 1, 'Vương Việt Dũng', 10),
(6, 'hungvv', '_a46f8PlMF7u8XnhAiIw8QMbLzoVGb1U', '$2y$13$rN6RnDHPFwh4aZ3qd8AQbeEydqrfyhwwR0z/T81AcDgXvaXDPzOZ2', NULL, 'hungvv@gmail.com', 1429475103, 1429475103, 1, '0972000444', 5, 'Vương Việt Hùng', 10);

-- --------------------------------------------------------

--
-- Table structure for table `warning`
--

CREATE TABLE IF NOT EXISTS `warning` (
`id` int(11) NOT NULL,
  `warning_type` int(11) DEFAULT '0' COMMENT 'loại cảnh báo',
  `station_id` int(11) DEFAULT NULL,
  `message` varchar(255) DEFAULT NULL,
  `warning_time` int(11) DEFAULT NULL COMMENT 'thời điểm cảnh báo',
  `read` int(3) DEFAULT '0' COMMENT '0: chưa xem | 1: đã xem'
) ENGINE=InnoDB  DEFAULT CHARSET=utf8 COMMENT='Bảng Cảnh báo' AUTO_INCREMENT=90 ;

--
-- Dumping data for table `warning`
--

INSERT INTO `warning` (`id`, `warning_type`, `station_id`, `message`, `warning_time`, `read`) VALUES
(14, 1, 13, 'bao_chay_lon', 1430220326, 1),
(15, 1, 13, 'bao_chay_lon', 1430390802, 1),
(16, 1, 13, 'bi_dot_nhap', 1430390872, 1),
(17, 1, 13, 'bao_chay_lon', 1430391100, 1),
(18, 1, 13, 'bi_dot_nhap', 1430391194, 1),
(19, 1, 13, 'bi_dot_nhap', 1430391596, 1),
(20, 1, 13, 'bao_chay_lon', 1430391605, 1),
(21, 1, 13, 'bao_chay_lon', 1430409192, 1),
(22, 1, 13, 'bao_chay_lon', 1430409551, 1),
(23, 1, 13, 'bao_chay_lon', 1430409567, 1),
(24, 1, 13, 'bao_chay_lon', 1430409657, 1),
(25, 1, 13, 'bao_chay_lon', 1430409701, 1),
(26, 1, 13, 'bao_chay_lon', 1430409859, 1),
(27, 1, 13, 'bao_chay_lon', 1430409908, 1),
(28, 1, 13, 'mat dien luoi', 1430412041, 1),
(29, 1, 13, 'mat dien luoi', 1430412351, 1),
(30, 1, 13, 'mat dien luoi', 1430412363, 1),
(31, 1, 13, 'mat dien luoi', 1430412507, 1),
(32, 1, 13, 'mat dien luoi', 1430412590, 1),
(33, 1, 13, 'mat dien luoi', 1430412681, 1),
(34, 1, 13, 'mat dien luoi', 1430412806, 1),
(35, 1, 13, 'mat dien luoi', 1430413110, 1),
(36, 1, 13, 'mat dien luoi', 1430413178, 1),
(37, 1, 13, 'mat dien luoi', 1430413295, 1),
(38, 1, 13, 'mat dien luoi', 1430415125, 1),
(39, 1, 13, 'mat dien luoi', 1430415127, 1),
(40, 1, 13, 'mat dien luoi', 1430415129, 1),
(41, 1, 13, 'mat dien luoi', 1430415559, 1),
(42, 1, 13, 'mat dien luoi', 1430415562, 1),
(43, 1, 13, 'mat dien luoi', 1430415563, 1),
(44, 1, 13, 'mat dien luoi', 1430415928, 1),
(45, 1, 13, 'mat dien luoi', 1430415930, 1),
(46, 1, 13, 'mat dien luoi', 1430415932, 1),
(47, 1, 13, 'mat dien luoi', 1430415952, 1),
(48, 1, 13, 'mat dien luoi', 1430415954, 1),
(49, 1, 13, 'mat dien luoi', 1430415956, 1),
(50, 1, 13, 'khong co internet', 1430417057, 1),
(51, 1, 13, 'khong co internet', 1430417181, 1),
(52, 1, 13, 'khong co internet', 1430417278, 1),
(53, 1, 13, 'khong co internet', 1430418433, 1),
(54, 1, 13, 'khong co internet', 1430421638, 1),
(55, 1, 13, 'khong co internet', 1430421707, 1),
(56, 1, 13, 'khong co internet', 1430421880, 1),
(57, 1, 13, 'khong co internet', 1430422150, 1),
(58, 1, 13, 'khong co internet', 1430422279, 1),
(59, 1, 13, 'khong co internet', 1430422748, 1),
(60, 1, 13, 'khong co internet', 1430423103, 1),
(61, 1, 13, 'khong co internet', 1430424055, 1),
(62, 1, 13, 'khong co internet', 1430424217, 1),
(63, 1, 13, 'khong co internet', 1430472166, 1),
(64, 1, 13, 'khong co internet', 1430472394, 1),
(65, 1, 13, 'khong co internet', 1430472716, 1),
(66, 1, 13, 'khong co internet', 1430472890, 1),
(67, 1, 13, 'khong co internet', 1430473677, 1),
(68, 1, 13, 'khong co internet', 1430473859, 1),
(69, 1, 13, 'khong co internet', 1430473930, 1),
(70, 1, 13, 'khong co internet', 1430474026, 1),
(71, 1, 13, 'khong co internet', 1430474084, 1),
(72, 1, 13, 'khong co internet', 1430474121, 1),
(73, 1, 13, 'khong co internet', 1430476383, 1),
(74, 1, 13, 'khong co internet', 1430476737, 1),
(75, 1, 13, 'khong co internet', 1430476957, 1),
(76, 1, 13, 'khong co internet', 1430477026, 1),
(77, 1, 13, 'khong co internet', 1430477143, 1),
(78, 1, 13, 'khong co internet', 1430477323, 1),
(79, 1, 13, 'khong co internet', 1430477343, 1),
(80, 1, 13, 'khong co internet', 1430477662, 1),
(81, 1, 13, 'khong co internet', 1430477847, 1),
(82, 1, 13, 'khong co internet', 1430496742, 1),
(83, 1, 13, 'mat dien luoi', 1430582207, 1),
(84, 1, 13, 'mat dien luoi', 1430582751, 1),
(85, 1, 13, 'mat dien luoi', 1430582914, 1),
(86, 1, 13, 'mat dien luoi', 1430583176, 1),
(87, 1, 13, 'mat dien luoi', 1430583194, 1),
(88, 1, 13, 'mat dien luoi', 1430583786, 1),
(89, 1, 13, 'mat dien luoi', 1430623017, 1);

-- --------------------------------------------------------

--
-- Table structure for table `warning_picture`
--

CREATE TABLE IF NOT EXISTS `warning_picture` (
`id` int(11) NOT NULL,
  `warning_id` int(11) NOT NULL,
  `picture` varchar(255) DEFAULT NULL,
  `created_at` int(11) DEFAULT '0'
) ENGINE=InnoDB  DEFAULT CHARSET=utf8 AUTO_INCREMENT=252 ;

--
-- Dumping data for table `warning_picture`
--

INSERT INTO `warning_picture` (`id`, `warning_id`, `picture`, `created_at`) VALUES
(16, 14, '2015/04/28/alarm_266.jpg', 1430220328),
(17, 14, '2015/04/28/alarm_271.jpg', 1430220328),
(18, 14, '2015/04/28/alarm_278.jpg', 1430220328),
(19, 15, '2015/04/30/alarm_428668.jpg', 1430390804),
(20, 15, '2015/04/30/alarm_426516.jpg', 1430390804),
(21, 15, '2015/04/30/alarm_431876.jpg', 1430390804),
(22, 17, '2015/04/30/alarm_405059.jpg', 1430391102),
(23, 17, '2015/04/30/alarm_411933.jpg', 1430391102),
(24, 17, '2015/04/30/alarm_417511.jpg', 1430391102),
(25, 19, '2015/04/30/alarm_564630.jpg', 1430391598),
(26, 19, '2015/04/30/alarm_577090.jpg', 1430391598),
(27, 19, '2015/04/30/alarm_586790.jpg', 1430391598),
(28, 20, '2015/04/30/alarm_051088.jpg', 1430391607),
(29, 20, '2015/04/30/alarm_063513.jpg', 1430391607),
(30, 20, '2015/04/30/alarm_068380.jpg', 1430391607),
(31, 21, '2015/04/30/alarm_124906.jpg', 1430409195),
(32, 21, '2015/04/30/alarm_138460.jpg', 1430409195),
(33, 21, '2015/04/30/alarm_148182.jpg', 1430409195),
(34, 22, '2015/04/30/alarm_123268.jpg', 1430409554),
(35, 22, '2015/04/30/alarm_129128.jpg', 1430409554),
(36, 22, '2015/04/30/alarm_136962.jpg', 1430409554),
(37, 23, '2015/04/30/alarm_272172.jpg', 1430409569),
(38, 23, '2015/04/30/alarm_289991.jpg', 1430409569),
(39, 23, '2015/04/30/alarm_299961.jpg', 1430409569),
(40, 24, '2015/04/30/alarm_575666.jpg', 1430409659),
(41, 24, '2015/04/30/alarm_572564.jpg', 1430409659),
(42, 24, '2015/04/30/alarm_587401.jpg', 1430409659),
(43, 25, '2015/04/30/alarm_411336.jpg', 1430409703),
(44, 25, '2015/04/30/alarm_415938.jpg', 1430409703),
(45, 25, '2015/04/30/alarm_422219.jpg', 1430409703),
(46, 26, '2015/04/30/alarm_194504.jpg', 1430409860),
(47, 26, '2015/04/30/alarm_195021.jpg', 1430409860),
(48, 26, '2015/04/30/alarm_209443.jpg', 1430409860),
(49, 27, '2015/04/30/alarm_081497.jpg', 1430409910),
(50, 27, '2015/04/30/alarm_096325.jpg', 1430409910),
(51, 27, '2015/04/30/alarm_091400.jpg', 1430409910),
(52, 28, '2015/04/30/alarm_416804.jpg', 1430412043),
(53, 28, '2015/04/30/alarm_426361.jpg', 1430412043),
(54, 28, '2015/04/30/alarm_425804.jpg', 1430412043),
(55, 29, '2015/04/30/alarm_511910.jpg', 1430412353),
(56, 29, '2015/04/30/alarm_525337.jpg', 1430412353),
(57, 29, '2015/04/30/alarm_522417.jpg', 1430412353),
(58, 30, '2015/04/30/alarm_035276.jpg', 1430412365),
(59, 30, '2015/04/30/alarm_045725.jpg', 1430412365),
(60, 30, '2015/04/30/alarm_055655.jpg', 1430412365),
(61, 31, '2015/04/30/alarm_284570.jpg', 1430412509),
(62, 31, '2015/04/30/alarm_285456.jpg', 1430412509),
(63, 31, '2015/04/30/alarm_295114.jpg', 1430412509),
(64, 32, '2015/04/30/alarm_502463.jpg', 1430412592),
(65, 32, '2015/04/30/alarm_518648.jpg', 1430412592),
(66, 32, '2015/04/30/alarm_515486.jpg', 1430412592),
(67, 33, '2015/04/30/alarm_218154.jpg', 1430412683),
(68, 33, '2015/04/30/alarm_224694.jpg', 1430412683),
(69, 33, '2015/04/30/alarm_234925.jpg', 1430412683),
(70, 34, '2015/04/30/alarm_264780.jpg', 1430412808),
(71, 34, '2015/04/30/alarm_269876.jpg', 1430412808),
(72, 34, '2015/04/30/alarm_278978.jpg', 1430412808),
(73, 35, '2015/04/30/alarm_309841.jpg', 1430413112),
(74, 35, '2015/04/30/alarm_305146.jpg', 1430413112),
(75, 35, '2015/04/30/alarm_313970.jpg', 1430413112),
(76, 36, '2015/04/30/alarm_384798.jpg', 1430413180),
(77, 36, '2015/04/30/alarm_391335.jpg', 1430413180),
(78, 36, '2015/04/30/alarm_397395.jpg', 1430413180),
(79, 37, '2015/05/01/alarm_357379.jpg', 1430413296),
(80, 37, '2015/05/01/alarm_352847.jpg', 1430413296),
(81, 37, '2015/05/01/alarm_368143.jpg', 1430413296),
(82, 38, '2015/05/01/alarm_059043.jpg', 1430415127),
(83, 38, '2015/05/01/alarm_066067.jpg', 1430415127),
(84, 38, '2015/05/01/alarm_079489.jpg', 1430415127),
(85, 39, '2015/05/01/alarm_084283.jpg', 1430415129),
(86, 39, '2015/05/01/alarm_086485.jpg', 1430415129),
(87, 39, '2015/05/01/alarm_096730.jpg', 1430415129),
(88, 40, '2015/05/01/alarm_098011.jpg', 1430415131),
(89, 40, '2015/05/01/alarm_101280.jpg', 1430415131),
(90, 40, '2015/05/01/alarm_116018.jpg', 1430415131),
(91, 41, '2015/05/01/alarm_197810.jpg', 1430415561),
(92, 41, '2015/05/01/alarm_209289.jpg', 1430415561),
(93, 41, '2015/05/01/alarm_213863.jpg', 1430415561),
(94, 42, '2015/05/01/alarm_224615.jpg', 1430415563),
(95, 42, '2015/05/01/alarm_224289.jpg', 1430415563),
(96, 42, '2015/05/01/alarm_231800.jpg', 1430415563),
(97, 43, '2015/05/01/alarm_232583.jpg', 1430415565),
(98, 43, '2015/05/01/alarm_242917.jpg', 1430415565),
(99, 43, '2015/05/01/alarm_258836.jpg', 1430415565),
(100, 44, '2015/05/01/alarm_288485.jpg', 1430415930),
(101, 44, '2015/05/01/alarm_299470.jpg', 1430415930),
(102, 44, '2015/05/01/alarm_295281.jpg', 1430415930),
(103, 45, '2015/05/01/alarm_302497.jpg', 1430415932),
(104, 45, '2015/05/01/alarm_314938.jpg', 1430415932),
(105, 45, '2015/05/01/alarm_313606.jpg', 1430415932),
(106, 46, '2015/05/01/alarm_325732.jpg', 1430415934),
(107, 46, '2015/05/01/alarm_335027.jpg', 1430415934),
(108, 46, '2015/05/01/alarm_336787.jpg', 1430415934),
(109, 47, '2015/05/01/alarm_521551.jpg', 1430415954),
(110, 47, '2015/05/01/alarm_533644.jpg', 1430415954),
(111, 47, '2015/05/01/alarm_547222.jpg', 1430415954),
(112, 48, '2015/05/01/alarm_542145.jpg', 1430415956),
(113, 48, '2015/05/01/alarm_556103.jpg', 1430415956),
(114, 48, '2015/05/01/alarm_569835.jpg', 1430415956),
(115, 49, '2015/05/01/alarm_569831.jpg', 1430415958),
(116, 49, '2015/05/01/alarm_578116.jpg', 1430415958),
(117, 49, '2015/05/01/alarm_587262.jpg', 1430415958),
(118, 50, '2015/04/30/alarm_181856.jpg', 1430417060),
(119, 50, '2015/04/30/alarm_188017.jpg', 1430417060),
(120, 50, '2015/04/30/alarm_195595.jpg', 1430417060),
(121, 51, '2015/04/30/alarm_211871.jpg', 1430417183),
(122, 51, '2015/04/30/alarm_225304.jpg', 1430417183),
(123, 51, '2015/04/30/alarm_238728.jpg', 1430417183),
(124, 52, '2015/04/30/alarm_592636.jpg', 1430417280),
(125, 52, '2015/04/30/alarm_591694.jpg', 1430417280),
(126, 52, '2015/04/30/alarm_009087.jpg', 1430417280),
(127, 53, '2015/04/30/alarm_139843.jpg', 1430418434),
(128, 53, '2015/04/30/alarm_137746.jpg', 1430418434),
(129, 53, '2015/04/30/alarm_147968.jpg', 1430418434),
(130, 54, '2015/04/30/alarm_386928.jpg', 1430421640),
(131, 54, '2015/04/30/alarm_392345.jpg', 1430421640),
(132, 54, '2015/04/30/alarm_401008.jpg', 1430421640),
(133, 55, '2015/04/30/alarm_479848.jpg', 1430421709),
(134, 55, '2015/04/30/alarm_488004.jpg', 1430421709),
(135, 55, '2015/04/30/alarm_485394.jpg', 1430421709),
(136, 56, '2015/04/30/alarm_409880.jpg', 1430421882),
(137, 56, '2015/04/30/alarm_413150.jpg', 1430421882),
(138, 56, '2015/04/30/alarm_412945.jpg', 1430421882),
(139, 57, '2015/04/30/alarm_105753.jpg', 1430422152),
(140, 57, '2015/04/30/alarm_114601.jpg', 1430422152),
(141, 57, '2015/04/30/alarm_122059.jpg', 1430422152),
(142, 58, '2015/04/30/alarm_196699.jpg', 1430422281),
(143, 58, '2015/04/30/alarm_207923.jpg', 1430422281),
(144, 58, '2015/04/30/alarm_202157.jpg', 1430422281),
(145, 59, '2015/04/30/alarm_089218.jpg', 1430422751),
(146, 59, '2015/04/30/alarm_098685.jpg', 1430422751),
(147, 59, '2015/04/30/alarm_104375.jpg', 1430422751),
(148, 60, '2015/04/30/alarm_035294.jpg', 1430423105),
(149, 60, '2015/04/30/alarm_049670.jpg', 1430423105),
(150, 60, '2015/04/30/alarm_042215.jpg', 1430423105),
(151, 61, '2015/04/30/alarm_556224.jpg', 1430424057),
(152, 61, '2015/04/30/alarm_562647.jpg', 1430424057),
(153, 61, '2015/04/30/alarm_579752.jpg', 1430424057),
(154, 62, '2015/04/30/alarm_378971.jpg', 1430424219),
(155, 62, '2015/04/30/alarm_388289.jpg', 1430424219),
(156, 62, '2015/04/30/alarm_385250.jpg', 1430424219),
(157, 63, '2015/05/01/alarm_472901.jpg', 1430472168),
(158, 63, '2015/05/01/alarm_471977.jpg', 1430472168),
(159, 63, '2015/05/01/alarm_486344.jpg', 1430472168),
(160, 64, '2015/05/01/alarm_347373.jpg', 1430472396),
(161, 64, '2015/05/01/alarm_357532.jpg', 1430472396),
(162, 64, '2015/05/01/alarm_363290.jpg', 1430472396),
(163, 65, '2015/05/01/alarm_574414.jpg', 1430472718),
(164, 65, '2015/05/01/alarm_578812.jpg', 1430472718),
(165, 65, '2015/05/01/alarm_581502.jpg', 1430472718),
(166, 66, '2015/05/01/alarm_501068.jpg', 1430472892),
(167, 66, '2015/05/01/alarm_515968.jpg', 1430472892),
(168, 66, '2015/05/01/alarm_527822.jpg', 1430472892),
(169, 67, '2015/05/01/alarm_578919.jpg', 1430473679),
(170, 67, '2015/05/01/alarm_584570.jpg', 1430473679),
(171, 67, '2015/05/01/alarm_593427.jpg', 1430473679),
(172, 68, '2015/05/01/alarm_591401.jpg', 1430473861),
(173, 68, '2015/05/01/alarm_009287.jpg', 1430473861),
(174, 68, '2015/05/01/alarm_004749.jpg', 1430473861),
(175, 69, '2015/05/01/alarm_101240.jpg', 1430473932),
(176, 69, '2015/05/01/alarm_111928.jpg', 1430473932),
(177, 69, '2015/05/01/alarm_129282.jpg', 1430473932),
(178, 70, '2015/05/01/alarm_467977.jpg', 1430474028),
(179, 70, '2015/05/01/alarm_478477.jpg', 1430474028),
(180, 70, '2015/05/01/alarm_486040.jpg', 1430474028),
(181, 71, '2015/05/01/alarm_443572.jpg', 1430474085),
(182, 71, '2015/05/01/alarm_449443.jpg', 1430474085),
(183, 71, '2015/05/01/alarm_456907.jpg', 1430474085),
(184, 72, '2015/05/01/alarm_214229.jpg', 1430474123),
(185, 72, '2015/05/01/alarm_229165.jpg', 1430474123),
(186, 72, '2015/05/01/alarm_229908.jpg', 1430474123),
(187, 73, '2015/05/01/alarm_044124.jpg', 1430476386),
(188, 73, '2015/05/01/alarm_045212.jpg', 1430476386),
(189, 73, '2015/05/01/alarm_054405.jpg', 1430476386),
(190, 74, '2015/05/01/alarm_576840.jpg', 1430476739),
(191, 74, '2015/05/01/alarm_583222.jpg', 1430476739),
(192, 74, '2015/05/01/alarm_584209.jpg', 1430476739),
(193, 75, '2015/05/01/alarm_385979.jpg', 1430476960),
(194, 75, '2015/05/01/alarm_381366.jpg', 1430476960),
(195, 75, '2015/05/01/alarm_397483.jpg', 1430476960),
(196, 76, '2015/05/01/alarm_464771.jpg', 1430477028),
(197, 76, '2015/05/01/alarm_479933.jpg', 1430477028),
(198, 76, '2015/05/01/alarm_475412.jpg', 1430477028),
(199, 77, '2015/05/01/alarm_431339.jpg', 1430477145),
(200, 77, '2015/05/01/alarm_441566.jpg', 1430477145),
(201, 77, '2015/05/01/alarm_449932.jpg', 1430477145),
(202, 78, '2015/05/01/alarm_431355.jpg', 1430477325),
(203, 78, '2015/05/01/alarm_442911.jpg', 1430477325),
(204, 78, '2015/05/01/alarm_452493.jpg', 1430477325),
(205, 79, '2015/05/01/alarm_031194.jpg', 1430477344),
(206, 79, '2015/05/01/alarm_038038.jpg', 1430477344),
(207, 79, '2015/05/01/alarm_045169.jpg', 1430477344),
(208, 80, '2015/05/01/alarm_226143.jpg', 1430477664),
(209, 80, '2015/05/01/alarm_231439.jpg', 1430477664),
(210, 80, '2015/05/01/alarm_233805.jpg', 1430477664),
(211, 81, '2015/05/01/alarm_273822.jpg', 1430477849),
(212, 81, '2015/05/01/alarm_287497.jpg', 1430477849),
(213, 81, '2015/05/01/alarm_298458.jpg', 1430477849),
(214, 82, '2015/05/01/alarm_229067.jpg', 1430496744),
(215, 82, '2015/05/01/alarm_223298.jpg', 1430496744),
(216, 82, '2015/05/01/alarm_237188.jpg', 1430496744),
(217, 83, '2015/05/02/alarm_481870.jpg', 1430582211),
(218, 83, '2015/05/02/alarm_486762.jpg', 1430582211),
(219, 83, '2015/05/02/alarm_493157.jpg', 1430582211),
(220, 83, '2015/05/02/alarm_507831.jpg', 1430582211),
(221, 83, '2015/05/02/alarm_511891.jpg', 1430582211),
(222, 84, '2015/05/02/alarm_511476.jpg', 1430582754),
(223, 84, '2015/05/02/alarm_521237.jpg', 1430582754),
(224, 84, '2015/05/02/alarm_524271.jpg', 1430582754),
(225, 84, '2015/05/02/alarm_536855.jpg', 1430582754),
(226, 84, '2015/05/02/alarm_546024.jpg', 1430582754),
(227, 85, '2015/05/02/alarm_347172.jpg', 1430582917),
(228, 85, '2015/05/02/alarm_358569.jpg', 1430582917),
(229, 85, '2015/05/02/alarm_354849.jpg', 1430582917),
(230, 85, '2015/05/02/alarm_366512.jpg', 1430582917),
(231, 85, '2015/05/02/alarm_363647.jpg', 1430582917),
(232, 86, '2015/05/02/alarm_562718.jpg', 1430583179),
(233, 86, '2015/05/02/alarm_574931.jpg', 1430583179),
(234, 86, '2015/05/02/alarm_579748.jpg', 1430583179),
(235, 86, '2015/05/02/alarm_584308.jpg', 1430583179),
(236, 86, '2015/05/02/alarm_596316.jpg', 1430583179),
(237, 87, '2015/05/02/alarm_141553.jpg', 1430583197),
(238, 87, '2015/05/02/alarm_152759.jpg', 1430583197),
(239, 87, '2015/05/02/alarm_154078.jpg', 1430583197),
(240, 87, '2015/05/02/alarm_169293.jpg', 1430583197),
(241, 87, '2015/05/02/alarm_165578.jpg', 1430583197),
(242, 88, '2015/05/02/alarm_063198.jpg', 1430583789),
(243, 88, '2015/05/02/alarm_071464.jpg', 1430583789),
(244, 88, '2015/05/02/alarm_078579.jpg', 1430583789),
(245, 88, '2015/05/02/alarm_088850.jpg', 1430583789),
(246, 88, '2015/05/02/alarm_088506.jpg', 1430583789),
(247, 89, '2015/05/03/alarm_574699.jpg', 1430623021),
(248, 89, '2015/05/03/alarm_595183.jpg', 1430623021),
(249, 89, '2015/05/03/alarm_594888.jpg', 1430623021),
(250, 89, '2015/05/03/alarm_008001.jpg', 1430623021),
(251, 89, '2015/05/03/alarm_019765.jpg', 1430623021);

-- --------------------------------------------------------

--
-- Table structure for table `warning_type`
--

CREATE TABLE IF NOT EXISTS `warning_type` (
`id` int(11) NOT NULL,
  `code` varchar(100) DEFAULT NULL,
  `name` varchar(255) NOT NULL,
  `active` int(3) DEFAULT '1'
) ENGINE=InnoDB  DEFAULT CHARSET=utf8 COMMENT='Bảng Loại cảnh báo' AUTO_INCREMENT=2 ;

--
-- Dumping data for table `warning_type`
--

INSERT INTO `warning_type` (`id`, `code`, `name`, `active`) VALUES
(1, '01', 'Báo động', 1);

--
-- Indexes for dumped tables
--

--
-- Indexes for table `area`
--
ALTER TABLE `area`
 ADD PRIMARY KEY (`id`);

--
-- Indexes for table `center`
--
ALTER TABLE `center`
 ADD PRIMARY KEY (`id`);

--
-- Indexes for table `dc_equipment`
--
ALTER TABLE `dc_equipment`
 ADD PRIMARY KEY (`id`);

--
-- Indexes for table `dc_equipment_status`
--
ALTER TABLE `dc_equipment_status`
 ADD PRIMARY KEY (`id`), ADD KEY `FkEquipment` (`equipment_id`);

--
-- Indexes for table `dc_status`
--
ALTER TABLE `dc_status`
 ADD PRIMARY KEY (`id`);

--
-- Indexes for table `equipment`
--
ALTER TABLE `equipment`
 ADD PRIMARY KEY (`id`);

--
-- Indexes for table `equipment_status`
--
ALTER TABLE `equipment_status`
 ADD PRIMARY KEY (`id`), ADD KEY `FkStation` (`station_code`);

--
-- Indexes for table `generator_configuration`
--
ALTER TABLE `generator_configuration`
 ADD PRIMARY KEY (`id`);

--
-- Indexes for table `generator_status`
--
ALTER TABLE `generator_status`
 ADD PRIMARY KEY (`id`);

--
-- Indexes for table `generator_warining_type`
--
ALTER TABLE `generator_warining_type`
 ADD PRIMARY KEY (`id`);

--
-- Indexes for table `message`
--
ALTER TABLE `message`
 ADD PRIMARY KEY (`id`);

--
-- Indexes for table `migration`
--
ALTER TABLE `migration`
 ADD PRIMARY KEY (`version`);

--
-- Indexes for table `power_equipment`
--
ALTER TABLE `power_equipment`
 ADD PRIMARY KEY (`id`);

--
-- Indexes for table `power_status`
--
ALTER TABLE `power_status`
 ADD PRIMARY KEY (`id`), ADD KEY `FkItem` (`item_id`);

--
-- Indexes for table `sensor`
--
ALTER TABLE `sensor`
 ADD PRIMARY KEY (`id`);

--
-- Indexes for table `sensor_status`
--
ALTER TABLE `sensor_status`
 ADD PRIMARY KEY (`id`), ADD KEY `FkSensor` (`sensor_id`);

--
-- Indexes for table `station`
--
ALTER TABLE `station`
 ADD PRIMARY KEY (`id`), ADD UNIQUE KEY `UniqueCode` (`code`) USING BTREE, ADD KEY `FkCenter` (`center_id`), ADD KEY `FkArea` (`area_id`), ADD KEY `code` (`code`);

--
-- Indexes for table `station_status`
--
ALTER TABLE `station_status`
 ADD PRIMARY KEY (`id`);

--
-- Indexes for table `station_status_controller`
--
ALTER TABLE `station_status_controller`
 ADD PRIMARY KEY (`id`);

--
-- Indexes for table `station_status_handler`
--
ALTER TABLE `station_status_handler`
 ADD PRIMARY KEY (`id`);

--
-- Indexes for table `user`
--
ALTER TABLE `user`
 ADD PRIMARY KEY (`id`);

--
-- Indexes for table `warning`
--
ALTER TABLE `warning`
 ADD PRIMARY KEY (`id`), ADD KEY `FkWarningType` (`warning_type`);

--
-- Indexes for table `warning_picture`
--
ALTER TABLE `warning_picture`
 ADD PRIMARY KEY (`id`), ADD KEY `PkWarning` (`warning_id`);

--
-- Indexes for table `warning_type`
--
ALTER TABLE `warning_type`
 ADD PRIMARY KEY (`id`);

--
-- AUTO_INCREMENT for dumped tables
--

--
-- AUTO_INCREMENT for table `area`
--
ALTER TABLE `area`
MODIFY `id` int(11) NOT NULL AUTO_INCREMENT,AUTO_INCREMENT=4;
--
-- AUTO_INCREMENT for table `center`
--
ALTER TABLE `center`
MODIFY `id` int(11) NOT NULL AUTO_INCREMENT,AUTO_INCREMENT=4;
--
-- AUTO_INCREMENT for table `dc_equipment`
--
ALTER TABLE `dc_equipment`
MODIFY `id` int(11) NOT NULL AUTO_INCREMENT,AUTO_INCREMENT=3;
--
-- AUTO_INCREMENT for table `dc_equipment_status`
--
ALTER TABLE `dc_equipment_status`
MODIFY `id` int(11) NOT NULL AUTO_INCREMENT,AUTO_INCREMENT=21;
--
-- AUTO_INCREMENT for table `dc_status`
--
ALTER TABLE `dc_status`
MODIFY `id` int(11) NOT NULL AUTO_INCREMENT,AUTO_INCREMENT=16;
--
-- AUTO_INCREMENT for table `equipment`
--
ALTER TABLE `equipment`
MODIFY `id` int(11) NOT NULL AUTO_INCREMENT,AUTO_INCREMENT=11;
--
-- AUTO_INCREMENT for table `equipment_status`
--
ALTER TABLE `equipment_status`
MODIFY `id` int(11) NOT NULL AUTO_INCREMENT,AUTO_INCREMENT=133;
--
-- AUTO_INCREMENT for table `generator_configuration`
--
ALTER TABLE `generator_configuration`
MODIFY `id` int(11) NOT NULL AUTO_INCREMENT;
--
-- AUTO_INCREMENT for table `generator_status`
--
ALTER TABLE `generator_status`
MODIFY `id` int(11) NOT NULL AUTO_INCREMENT;
--
-- AUTO_INCREMENT for table `generator_warining_type`
--
ALTER TABLE `generator_warining_type`
MODIFY `id` int(11) NOT NULL AUTO_INCREMENT;
--
-- AUTO_INCREMENT for table `message`
--
ALTER TABLE `message`
MODIFY `id` int(11) NOT NULL AUTO_INCREMENT,AUTO_INCREMENT=12;
--
-- AUTO_INCREMENT for table `power_equipment`
--
ALTER TABLE `power_equipment`
MODIFY `id` int(11) NOT NULL AUTO_INCREMENT,AUTO_INCREMENT=5;
--
-- AUTO_INCREMENT for table `power_status`
--
ALTER TABLE `power_status`
MODIFY `id` int(11) NOT NULL AUTO_INCREMENT,AUTO_INCREMENT=21;
--
-- AUTO_INCREMENT for table `sensor`
--
ALTER TABLE `sensor`
MODIFY `id` int(11) NOT NULL AUTO_INCREMENT,AUTO_INCREMENT=13;
--
-- AUTO_INCREMENT for table `sensor_status`
--
ALTER TABLE `sensor_status`
MODIFY `id` int(11) NOT NULL AUTO_INCREMENT,AUTO_INCREMENT=51;
--
-- AUTO_INCREMENT for table `station`
--
ALTER TABLE `station`
MODIFY `id` int(11) NOT NULL AUTO_INCREMENT,AUTO_INCREMENT=17;
--
-- AUTO_INCREMENT for table `station_status`
--
ALTER TABLE `station_status`
MODIFY `id` int(11) NOT NULL AUTO_INCREMENT,AUTO_INCREMENT=3785;
--
-- AUTO_INCREMENT for table `station_status_controller`
--
ALTER TABLE `station_status_controller`
MODIFY `id` int(11) NOT NULL AUTO_INCREMENT,AUTO_INCREMENT=18;
--
-- AUTO_INCREMENT for table `station_status_handler`
--
ALTER TABLE `station_status_handler`
MODIFY `id` int(11) NOT NULL AUTO_INCREMENT,AUTO_INCREMENT=3;
--
-- AUTO_INCREMENT for table `user`
--
ALTER TABLE `user`
MODIFY `id` int(11) NOT NULL AUTO_INCREMENT,AUTO_INCREMENT=7;
--
-- AUTO_INCREMENT for table `warning`
--
ALTER TABLE `warning`
MODIFY `id` int(11) NOT NULL AUTO_INCREMENT,AUTO_INCREMENT=90;
--
-- AUTO_INCREMENT for table `warning_picture`
--
ALTER TABLE `warning_picture`
MODIFY `id` int(11) NOT NULL AUTO_INCREMENT,AUTO_INCREMENT=252;
--
-- AUTO_INCREMENT for table `warning_type`
--
ALTER TABLE `warning_type`
MODIFY `id` int(11) NOT NULL AUTO_INCREMENT,AUTO_INCREMENT=2;
--
-- Constraints for dumped tables
--

--
-- Constraints for table `dc_equipment_status`
--
ALTER TABLE `dc_equipment_status`
ADD CONSTRAINT `FkEquipment` FOREIGN KEY (`equipment_id`) REFERENCES `dc_equipment` (`id`) ON DELETE NO ACTION ON UPDATE NO ACTION;

--
-- Constraints for table `power_status`
--
ALTER TABLE `power_status`
ADD CONSTRAINT `FkItem` FOREIGN KEY (`item_id`) REFERENCES `power_equipment` (`id`) ON DELETE NO ACTION ON UPDATE NO ACTION;

--
-- Constraints for table `sensor_status`
--
ALTER TABLE `sensor_status`
ADD CONSTRAINT `FkSensor` FOREIGN KEY (`sensor_id`) REFERENCES `sensor` (`id`) ON DELETE NO ACTION ON UPDATE NO ACTION;

--
-- Constraints for table `station`
--
ALTER TABLE `station`
ADD CONSTRAINT `FkArea` FOREIGN KEY (`area_id`) REFERENCES `area` (`id`) ON DELETE NO ACTION ON UPDATE NO ACTION,
ADD CONSTRAINT `FkCenter` FOREIGN KEY (`center_id`) REFERENCES `center` (`id`) ON DELETE NO ACTION ON UPDATE NO ACTION;

--
-- Constraints for table `warning`
--
ALTER TABLE `warning`
ADD CONSTRAINT `FkWarningType` FOREIGN KEY (`warning_type`) REFERENCES `warning_type` (`id`) ON DELETE NO ACTION ON UPDATE NO ACTION;

--
-- Constraints for table `warning_picture`
--
ALTER TABLE `warning_picture`
ADD CONSTRAINT `PkWarning` FOREIGN KEY (`warning_id`) REFERENCES `warning` (`id`) ON DELETE NO ACTION ON UPDATE NO ACTION;

/*!40101 SET CHARACTER_SET_CLIENT=@OLD_CHARACTER_SET_CLIENT */;
/*!40101 SET CHARACTER_SET_RESULTS=@OLD_CHARACTER_SET_RESULTS */;
/*!40101 SET COLLATION_CONNECTION=@OLD_COLLATION_CONNECTION */;
